# name,host,sy_pnum,method,year,period_d,smax_au,r_earth,m_earth,eqt_k,ecc,st_teff,st_rad,st_mass,spectype,dist_pc,ra,dec,derived
11 Com b,11 Com,1,Radial Velocity,2007,323.21,1.178,12.2,4914.898,803.3,0.238,4874,13.76,2.09,G8 III,93.1846,185.17878,17.79325,
11 UMi b,11 UMi,1,Radial Velocity,2009,516.21997,1.53,12.3,4684.814,896.4,0.08,4213,29.79,2.78,K4 III,125.321,229.2746,71.82394,
14 And b,14 And,1,Radial Velocity,2008,186.76,0.775,13.1,1131.151,909.9,0,4888,11.55,1.78,K0 III,75.4392,352.82415,39.23584,
14 Her b,14 Her,2,Radial Velocity,2002,1766.41,2.839,12.5,2828.673,147.3,0.3683,5338,0.93,0.97,K0,17.9323,242.6021,43.81636,
HD 145675 c,14 Her,2,Radial Velocity,2021,15732.45889,20,12.6,2510.844,55.5,0.52,5338,0.93,0.97,K0,17.9323,242.6021,43.81636,
16 Cyg B b,16 Cyg B,1,Radial Velocity,1996,798.5,1.66,13.5,565.737,228.8,0.68,5750,1.13,1.08,G3 V,21.1397,295.46564,50.51682,
17 Sco b,17 Sco,1,Radial Velocity,2020,578.38,1.45,12.9,1373.019,847.5,0.06,4157,25.92,1.22,K3 III,124.953,243.46209,-11.83779,
18 Del b,18 Del,1,Radial Velocity,2008,982.85,2.476,12.5,2926.246,452.7,0.024,4980,8.8,2.1,G6 III,76.222,314.60784,10.83914,
1RXS J160929.1-210524 b,1RXS J160929.1-210524,1,Imaging,2008,2374934.692244,330,18.647,3000,1700,,4060,1.3132,0.85,K7 V,139.135,242.37623,-21.08314,p
24 Boo b,24 Boo,1,Radial Velocity,2018,30.33,0.194,13.9,280.642,1840.9,0.032,4816,12.19,1.05,G3 IV,95.9863,217.15552,49.84465,
24 Sex b,24 Sex,2,Radial Velocity,2010,452.8,1.333,13.4,632.46,471.3,0.09,5098,4.9,1.54,K0 IV,72.0691,155.86849,-0.9024,
24 Sex c,24 Sex,2,Radial Velocity,2010,883,2.08,13.9,273.32,377.3,0.29,5098,4.9,1.54,K0 IV,72.0691,155.86849,-0.9024,
2MASS J01033563-5515561 AB b,2MASS J01033563-5515561 A,1,Imaging,2013,645107.889483,84,12.3,4131.79,,,,,0.19,M5.5/M6,47.2,15.89925,-55.26583,p
2MASS J01225093-2439505 b,2MASS J01225093-2439505,1,Imaging,2013,216553.518489,52,11.209,7786.5,1600,,3530,0.3664,0.4,M3.5 V,33.8281,20.7128,-24.66461,p
2MASS J02192210-3925225 b,2MASS J02192210-3925225,1,Imaging,2015,2165535.184891,156,16.141,4417.837,6.3,,3064,0.281,0.108,M6,40.0896,34.8427,-39.42308,p
2MASS J0249-0557 c,2MASS J0249-0557 A,1,Imaging,2018,146643637.848934,1950,17.374,3616.887,1723,,2859,0.316,0.046,M6 V,66.0613,42.48516,-5.95999,p
2MASS J03590986+2009361 b,2MASS J03590986+2009361,1,Imaging,2024,9706543.575271,572,12.2,5720.911,2369,,2943,0.2898,0.265,,117.435,59.7911,20.15998,p
2M0437 b,2MASS J04372171+2651014,1,Imaging,2021,1135504.278308,118,13,1271.314,1450,,3100,0.84,0.17,M V,128.484,69.34055,26.8503,p
2MASS J04414489+2301513 b,2MASS J04414489+2301513,1,Imaging,2010,153939.585456,15,12.6,2383.6,17.6,,2936,0.2319,0.019,M8.5,120.424,70.43711,23.03085,p
2MASS J11011926-7732383 b,2MASS J11011926-7732383,1,Imaging,2024,,266,11.9,8899.195,2677,,,,,,,165.32954,-77.54409,
2MASS J11550485-7919108 b,2MASS J11550485-7919108,1,Imaging,2024,6771562.679313,587,12.1,6356.568,2506,,3021,0.6005,0.5885,,100.862,178.76916,-79.31976,p
2MASS J12073346-3932539 b,2MASS J12073346-3932539,1,Imaging,2004,262813.029495,46,15.693,1652.708,1163,,2825,0.2189,0.188,M8,64.308,181.88909,-39.54844,p
KOINTREAU-4 b,2MASS J16262785-2625152,1,Imaging,2026,,182,12.2,4862.775,,,3252,,,M4.5,145.434,246.61605,-26.421,
Kepler-451 d,2MASS J19383260+4603591,3,Eclipse Timing Variations,2022,43,0.188076,13.5,559.378,,0,29564,0.203,0.48,,396.332,294.63592,46.06641,a
2MASS J19383260+4603591 b,2MASS J19383260+4603591,3,Eclipse Timing Variations,2015,406,0.92,13.4,603.877,669.6,0.33,29564,0.203,0.48,,396.332,294.63592,46.06641,
Kepler-451 c,2MASS J19383260+4603591,3,Eclipse Timing Variations,2022,1460,1.972069,13.5,511.704,,0.29,29564,0.203,0.48,,396.332,294.63592,46.06641,a
2MASS J21252752-8138278 b,2MASS J21252752-8138278,1,Imaging,2024,295215152.824025,7493,12.4,3813.941,1616,,3592,0.6728,0.644,,34.1154,321.3663,-81.64149,p
2MASS J22362452+4751425 b,2MASS J22362452+4751425,1,Imaging,2016,1644774.459177,230,12.3,3972.875,10.3,,4045,0.6412,0.6,K7 V,69.5737,339.10259,47.86168,p
2MASS J22501512+2325342 b,2MASS J22501512+2325342,1,Imaging,2018,6542657.329176,518,11.9,9534.852,1600,,3352,0.4376,0.4332,M3,57.2309,342.56341,23.42591,p
4 UMa b,4 UMa,1,Radial Velocity,2006,270.27,0.877,12.6,2511.48,967.4,0.453,4415,18.11,1.234,K1 III,73.4603,130.05281,64.32805,
47 UMa b,47 UMa,3,Radial Velocity,1996,1078,2.1,13.2,804.08,215.2,0.032,5872,1.2133,1.06,G0V,13.7967,164.86476,40.43049,
47 UMa c,47 UMa,3,Radial Velocity,2001,2391,3.6,14.2,171.621,164.4,0.098,5872,1.2133,1.06,G0V,13.7967,164.86476,40.43049,
47 UMa d,47 UMa,3,Radial Velocity,2009,14002,11.6,13.5,521.22,91.6,0.16,5872,1.2133,1.06,G0V,13.7967,164.86476,40.43049,
51 Eri b,51 Eri,1,Imaging,2015,9100,10.4,,3464.33,807,0.57,7422,1.45,1.75,F0 IV,29.7575,69.40074,-2.47382,
51 Peg b,51 Peg,1,Radial Velocity,1995,4.230797,0.052,14.1,193.875,1328.9,0.0063,5761,1.19,1.07,G5V,15.4614,344.36754,20.7691,
55 Cnc e,55 Cnc,7,Radial Velocity,2004,0.736547,0.01544,1.875,7.99,1958,0.05,5172,0.943,0.905,G8 V,12.5855,133.14684,28.32982,
55 Cnc b,55 Cnc,7,Radial Velocity,1996,14.651552,0.118,13.9,263.978,700,0.0029,5198,0.98,1.015,G8 V,12.5855,133.14684,28.32982,
55 Cnc c,55 Cnc,7,Radial Velocity,2004,44.3936,0.247,8.51,54.474,499.3,0.088,5198,0.98,1.015,G8 V,12.5855,133.14684,28.32982,
55 Cnc f,55 Cnc,7,Radial Velocity,2007,260.58,0.802,7.59,44.812,277.1,0.063,5198,0.98,1.015,G8 V,12.5855,133.14684,28.32982,
55 Cnc d,55 Cnc,7,Radial Velocity,2002,4799,5.6,13,1232.493,104.8,0.0913,5198,0.98,1.015,G8 V,12.5855,133.14684,28.32982,
55 Cnc B b,55 Cnc B,7,Radial Velocity,2025,6.7994,0.044,1.69,3.5,395.4,0,3286,0.274,0.26,M4.5 V,12.4773,133.16791,28.31529,
55 Cnc B c,55 Cnc B,7,Radial Velocity,2025,33.747,0.13,2.16,5.3,230,0,3286,0.274,0.26,M4.5 V,12.4773,133.16791,28.31529,
6 Lyn b,6 Lyn,1,Radial Velocity,2008,919.86,2.028,13.4,597.835,371.9,0.042,4941,4.94,1.32,K0 IV,54.6599,97.69603,58.16118,
61 Vir b,61 Vir,3,Radial Velocity,2009,4.215,0.050201,2.11,5.1,1177.8,0.12,5577,0.963,0.942,G5 V,8.5033,199.59645,-18.31577,
61 Vir c,61 Vir,3,Radial Velocity,2009,38.021,0.2175,4.46,18.2,565.9,0.14,5577,0.963,0.942,G5 V,8.5033,199.59645,-18.31577,
61 Vir d,61 Vir,3,Radial Velocity,2009,123.01,0.476,5.11,22.9,382.5,0.35,5577,0.963,0.942,G5 V,8.5033,199.59645,-18.31577,
7 CMa b,7 CMa,2,Radial Velocity,2011,735.1,1.758,13.4,587.986,387.3,0.06,4826,4.87,1.34,K1III(+M),19.8101,99.17128,-19.25618,
7 CMa c,7 CMa,2,Radial Velocity,2019,996,2.153,13.9,276.512,350,0.08,4826,4.87,1.34,K1III(+M),19.8101,99.17128,-19.25618,
70 Vir b,70 Vir,1,Radial Velocity,1996,116.688,0.481,12.6,2380.45,525.2,0.3988,5495,1.89,1.09,G5V,17.9011,202.10649,13.77631,
75 Cet b,75 Cet,2,Radial Velocity,2012,696.62,1.912,13.3,787.897,540.3,0.093,4809,10.38,1.92,G3 III,82.9613,38.03916,-1.03503,
75 Cet c,75 Cet,2,Radial Velocity,2023,2051.62,3.929,13.9,289.86,376.9,0.023,4809,10.38,1.92,G3 III,82.9613,38.03916,-1.03503,
8 UMi b,8 UMi,1,Radial Velocity,2015,93.31,0.462,13.5,524.417,1126.4,0.062,4847,10.73,1.51,K0,162.552,224.20168,74.90094,
81 Cet b,81 Cet,1,Radial Velocity,2008,1005.57,2.104,13.1,1051.059,526.9,0.037,4734,11.21,1.23,G5 III,101.26,39.42436,-3.39636,
91 Aqr b,91 Aqr,1,Radial Velocity,2013,181.4,0.7,13.1,1017,891.7,0.027,4665,11,1.4,K0 III,44.0304,348.9745,-9.08781,
AB Aur b,AB Aur,1,Imaging,2022,214527.510086,93.9,12.5,2860.456,83.6,0.4,9770,2.9589,2.4,,162.127,73.94104,30.55109,p
AB Pic b,AB Pic,1,Imaging,2005,1614094.627028,260,12.3,4290.5,15.8,,5285,0.9994,0.9,K2 V,50.0475,94.80392,-58.05412,p
AF Lep b,AF Lep,1,Imaging,2023,8905,8.996,13,1147.361,1400,0.015,6140,1.25,1.218,F8,26.8564,81.76992,-11.90118,
AT2021ueyL b,AT2021ueyL,1,Microlensing,2025,4168.69,4.01,13.6,425.89,,,3680,,0.49,M V,1040,324.54504,26.46657,
AU Mic b,AU Mic,4,Transit,2020,8.463446,0.07,4.79,8.99,554.8,0.07,3540,0.862,0.635,M1 V,9.7221,311.29114,-31.34245,
AU Mic d,AU Mic,4,Transit Timing Variations,2023,12.73596,0.085274,1.02,1.053,,0.0031,3678,0.744,0.51,M1 V,9.7221,311.29114,-31.34245,a
AU Mic c,AU Mic,4,Transit,2021,18.859023,0.119,2.79,14.46,424.7,0.18,3540,0.862,0.635,M1 V,9.7221,311.29114,-31.34245,
AU Mic e,AU Mic,4,Radial Velocity,2025,33.11,0.170201,4.87,21.1,,,3665,0.82,0.6,M1 V,9.7221,311.29114,-31.34245,a
BD+03 2562 b,BD+03 2562,1,Radial Velocity,2017,481.9,1.3,12.7,2034.112,985,0.2,4095,32.35,1.14,,1070.63,177.56473,2.76011,
BD+05 4868 A b,BD+05 4868 A,1,Transit,2025,1.271869,0.0208,,6.2,1820,,4596,0.69,0.7,K V,43.5687,326.8614,6.60532,
BD+14 4559 b,BD+14 4559,1,Radial Velocity,2009,268.94,0.78,13.8,330.543,246.3,0.29,4864,0.86,0.49,K2 V,49.352,318.401,14.68938,
BD+15 2375 b,BD+15 2375,1,Radial Velocity,2016,153.22,0.576,13.8,337.218,883.7,0.001,4649,8.95,1.08,G5,768.045,176.48202,14.61632,
BD+15 2940 b,BD+15 2940,1,Radial Velocity,2013,137.48,0.539,13.7,352.78,1207.8,0.26,4796,14.7,1.1,K0,426.42,240.09564,15.54675,
BD+20 2457 b,BD+20 2457,2,Radial Velocity,2009,379.63,1.45,12.1,6807.63,1159.7,0.15,4137,49,2.8,K2 II,1539.71,154.18678,19.89126,
BD+20 2457 c,BD+20 2457,2,Radial Velocity,2009,621.99,2.01,12.4,3963.17,985,0.18,4137,49,2.8,K2 II,1539.71,154.18678,19.89126,
BD+20 274 b,BD+20 274,1,Radial Velocity,2012,578.2,1.3,13,1334.886,755.7,0.21,4296,17.3,0.8,K5 III,1322.51,25.92032,21.00527,
BD+20 594 b,BD+20 594,1,Transit,2016,41.6855,0.241,2.578,22.248,546,0,5766,1.08,1.67,G,179.461,53.65112,20.59902,
BD+37 3172 b,BD+37 3172,1,Radial Velocity,2023,1887.76,4.65,12.4,3368.981,713.2,0.59,4500,50.24,3.75,,454.251,278.81551,38.11539,
BD+42 2315 b,BD+42 2315,1,Radial Velocity,2023,123.05,0.54,14.2,174.806,1247.6,0.73,4500,17.85,1.38,,610.715,187.58876,41.26957,
BD+45 564 b,BD+45 564,1,Radial Velocity,2021,307.88,0.83,13.6,432.247,238.8,0.12,5004,0.8131,0.81,K1,53.622,32.94705,45.92422,
BD+48 738 b,BD+48 738,1,Radial Velocity,2011,392.6,1,13.9,289.225,705.9,0.2,4414,11,0.74,K0 III,871.493,40.71029,49.58694,
BD+48 740 b,BD+48 740,1,Radial Velocity,2018,733,1.7,13.5,540.311,538.9,0.76,4534,10.33,1.09,K3 III,666.589,40.74254,48.93006,
BD+49 828 b,BD+49 828,1,Radial Velocity,2015,2590,4.2,13.5,508.5,320.6,0.35,4943,7.6,1.52,K0,442.042,45.64062,49.72995,
BD+55 362 b,BD+55 362,1,Radial Velocity,2021,265.59,0.78,14,228.836,259.1,0.27,5012,0.8962,0.909,K3,52.5697,23.96367,56.69823,
BD+60 1417 b,BD+60 1417,1,Imaging,2021,24747808.899673,1662,14.684,4767.426,1303,,4993,0.797,1,K0,44.9543,190.88755,60.01436,p
BD+63 1405 b,BD+63 1405,1,Radial Velocity,2021,1198.48,2.06,12.4,3305.415,150.7,0.88,5000,0.8047,0.816,K0,38.0473,271.39793,63.67001,
BD-06 1339 b,BD-06 1339,2,Radial Velocity,2013,3.8728,0.0428,,1523.034,835,0,4324,0.6864,0.7,K7/M0 V,20.2695,88.25118,-5.99634,
BD-06 1339 c,BD-06 1339,2,Radial Velocity,2013,125.94,0.435,8.38,53,261.9,0.31,4324,0.6864,0.7,K7/M0 V,20.2695,88.25118,-5.99634,
BD-08 2823 b,BD-08 2823,2,Radial Velocity,2009,5.6,0.06,,2948.494,798.9,0.15,4816,0.71,0.5,K3 V,41.3342,150.1972,-9.51657,
BD-08 2823 c,BD-08 2823,2,Radial Velocity,2009,237.6,0.68,12.5,104,233.8,0.19,4746,0.71,0.74,K3 V,41.3342,150.1972,-9.51657,
BD-10 3166 b,BD-10 3166,1,Radial Velocity,2000,3.48777,0.04,14.1,187.52,1240.4,0.02,5393,0.91,1.47,K0 V,84.4069,164.61912,-10.77042,
BD-11 4672 c,BD-11 4672,2,Radial Velocity,2020,74.2,0.3,4.04,15.37,320.2,0.4,4550,0.639,0.651,K7V,27.1665,278.36887,-11.63705,
BD-11 4672 b,BD-11 4672,2,Radial Velocity,2014,1634,2.36,14.1,206.589,114.2,0.05,4550,0.639,0.651,K7V,27.1665,278.36887,-11.63705,
BD-13 2130 b,BD-13 2130,1,Radial Velocity,2007,714.29999,1.66,12.5,3108.377,744.8,0.21,4545,19.17,2.12,G5 IV/V,925.214,114.28847,-13.90667,
BD-14 3065 b,BD-14 3065 A,1,Transit,2024,4.288973,0.0656,21.59,3932,2001,0.066,6935,2.35,1.41,,589.423,153.66967,-15.64284,
BD-17 63 b,BD-17 63,1,Radial Velocity,2008,655.57,1.34,12.8,1639.995,168.9,0.5439,4714,0.74,0.741,K5 V,34.4603,7.14135,-16.22733,
BD-210397 b,BD-210397,2,Radial Velocity,2023,1891,2.63,14,214,104.1,0.1,4051,0.747,0.679,K7 V,23.7324,33.30242,-21.19621,
BD-210397 c,BD-210397,2,Radial Velocity,2023,6240,5.9,12.9,1525.576,69.5,0.43,4051,0.747,0.69,K7 V,23.7324,33.30242,-21.19621,
BEBOP-3 b,BEBOP-3,1,Radial Velocity,2025,547,1.444,14.2,177.348,287.9,0.247,6033,1.414,1.083,,119.052,110.90265,79.1324,
BEBOP-4 AB b,BEBOP-4 A,1,Radial Velocity,2025,1823.5,3.634,,8358.887,239.4,0.428,5701,2.7565,1.507,G3 V,234.294,192.57727,26.15954,
Barnard d,Barnard's star,4,Radial Velocity,2025,2.3402,0.0188,0.694,0.263,483,0.04,3195,0.185,0.162,M3.5-4 V,1.8265,269.44861,4.73798,
Barnard b,Barnard's star,4,Radial Velocity,2024,3.1542,0.0229,0.72,0.299,438,0.03,3195,0.185,0.162,M3.5-4 V,1.8265,269.44861,4.73798,
Barnard c,Barnard's star,4,Radial Velocity,2025,4.1244,0.0274,0.743,0.335,400,0.08,3195,0.185,0.162,M3.5-4 V,1.8265,269.44861,4.73798,
Barnard e,Barnard's star,4,Radial Velocity,2025,6.7392,0.0381,0.637,0.193,340,0.04,3195,0.185,0.162,M3.5-4 V,1.8265,269.44861,4.73798,
CD Cet b,CD Cet,1,Radial Velocity,2020,2.2907,0.0185,1.82,3.95,464,,3130,0.175,0.161,M5.0 V,8.6072,48.35302,4.77519,
CD-35 2722 b,CD-35 2722,1,Imaging,2011,316717.771526,67,17.374,9375.938,1800,,3689,0.5585,0.4,M1 V,22.3896,92.33001,-35.82554,p
CFBDSIR J145829+101343 b,CFBDSIR J145829+101343,1,Imaging,2011,10037.5,2.6,12.4,3337.1,370,,580,,0.021,,23.1,224.62083,10.22861,
CFHTWIR-Oph 98 b,CFHTWIR-Oph 98 A,1,Imaging,2020,8040000,200,20.849,2479.062,1800,,2320,0.245,0.0147,M9-L1,,246.93428,-23.98115,
CHXR 73 b,CHXR 73,1,Imaging,2006,1878819.869958,210,12.3,3994.486,,,3099,,0.35,M3.5,190.374,166.6194,-77.62587,p
CI Tau c,CI Tau,1,Radial Velocity,2024,25.2,0.17,13,1144.182,610.6,0.58,3807,1.8809,0.9,K7,157.998,68.46677,22.84162,
COCONUTS-2 b,COCONUTS-2 A,1,Imaging,2021,402000000,7506,12.576,2383.713,493,,3552,0.366,0.4,M3 V,10.8864,117.30091,-76.7027,
CT Cha b,CT Cha,1,Imaging,2007,,440,24.66,5403,2600,,4403,1.6797,,K5e,190.72,166.0375,-76.45537,
CWISEP J193518.59-154620.3 b,CWISEP J193518.59-154620.3,1,Imaging,2025,9207.932458,2.48,12.2,4926.34,390,,,,0.024,Y,14.43,293.82622,-15.77257,p
CoRoT-1 b,CoRoT-1,1,Transit,2008,1.508956,0.02752,16.7,327.35,1898,0,5950,1.11,0.95,G0 V,787.909,102.07986,-3.10214,
CoRoT-10 b,CoRoT-10,1,Transit,2010,13.2406,0.1055,10.87,874,600,0.53,5075,0.79,0.89,K1 V,338.386,291.06368,0.74601,
CoRoT-11 b,CoRoT-11,1,Transit,2010,2.99433,0.0436,16.03,740.51,1657,0,6440,1.37,1.27,F6 V,655.037,280.6873,5.93766,
CoRoT-12 b,CoRoT-12,1,Transit,2010,2.828042,0.04016,16.14,291.438,1442,0.07,5675,1.116,1.078,,1126.37,100.76569,-1.29644,
CoRoT-13 b,CoRoT-13,1,Transit,2010,4.03519,0.051,9.92,415.704,1700,0,5945,1.01,1.09,G0 V,1148.93,102.72114,-5.08646,
CoRoT-14 b,CoRoT-14,1,Transit,2010,1.51214,0.027,12.22,2415.4,1952,0,6035,1.21,1.13,F9 V,1744.6,103.4242,-5.53604,
CoRoT-16 b,CoRoT-16,1,Transit,2011,5.35227,0.0618,13.11,170.032,1195.5,0.33,5650,1.19,1.098,G5 V,732.409,278.52467,-6.0026,
CoRoT-17 b,CoRoT-17,1,Transit,2011,3.7681,0.0461,11.43,772.29,1626,0,5740,1.59,1.04,G2 V,1176.12,278.69924,-6.61229,
CoRoT-18 b,CoRoT-18,1,Transit,2011,1.900069,0.0295,14.68,1102.82,1550,0.08,5440,1,0.95,G9 V,764.889,98.17242,-0.0316,
CoRoT-19 b,CoRoT-19,1,Transit,2011,3.89713,0.0518,14.46,352.78,2000,0.047,6090,1.65,1.21,F9 V,790.663,97.0336,-0.17073,
CoRoT-2 b,CoRoT-2,1,Transit,2008,1.742994,0.02798,16.432,1102.82,1521,0.0143,5625,0.906,0.96,,213.283,291.77705,1.38366,
CoRoT-20 b,CoRoT-20,2,Transit,2011,9.24285,0.09,9.416,1366.669,1024,0.59,5880,1.02,1.14,G2 V,844.061,97.72042,0.22689,
CoRoT-20 c,CoRoT-20,2,Radial Velocity,2018,1675,2.9,12.2,5403.11,168.2,0.6,5880,1.02,1.14,G2 V,844.061,97.72042,0.22689,
CoRoT-21 b,CoRoT-21,1,Transit,2012,2.72474,0.0417,14.572,718.296,2044.4,0,6200,1.95,1.29,F8 IV,1398.8342,101.05262,-0.29915,
CoRoT-22 b,CoRoT-22,1,Transit,2014,9.75598,0.092,4.88,12.2,885,0.077,5939,1.136,1.099,G3 V,627.158,280.66714,6.21917,
CoRoT-23 b,CoRoT-23,1,Transit,2011,3.6313,0.048,11.77,889.9,1660,0.16,5900,1.61,1.14,G0 V,1060.97,279.78266,4.35775,
CoRoT-24 b,CoRoT-24,2,Transit,2014,5.1134,0.056,3.7,5.7,1070,0,4950,0.86,0.91,K1 V,591.555,101.92254,-3.71929,
CoRoT-24 c,CoRoT-24,2,Transit,2014,11.759,0.098,5,28,850,0,4950,0.86,0.91,K1 V,591.555,101.92254,-3.71929,
CoRoT-25 b,CoRoT-25,1,Transit,2013,4.86069,0.0578,12.11,85.81,1330,0,6040,1.19,1.09,F9,1103.48,280.62966,6.51382,
CoRoT-26 b,CoRoT-26,1,Transit,2013,4.20474,0.0526,14.12,165.26,1600,0,5590,1.79,1.09,G5,1045.18,279.7505,6.96978,
CoRoT-27 b,CoRoT-27,1,Transit,2014,3.57532,0.0476,11.287,3302.11,1500,0.065,5900,1.08,1.05,G2,1010.28,278.49583,5.53838,
CoRoT-28 b,CoRoT-28,1,Transit,2015,5.20851,0.0603,10.705,153.83,1349.2,0.047,5150,1.78,1.01,G8/9 IV,766.183,278.68832,5.57369,
CoRoT-29 b,CoRoT-29,1,Transit,2015,2.85057,0.0386,10.088,270.156,1224.8,0.082,5260,0.9,0.97,K0 V,806.507,278.90207,6.47957,
CoRoT-3 b,CoRoT-3,1,Transit,2008,4.2568,0.05783,11.32,6883.91,1695,0,6740,1.56,1.37,F3 V,768.771,292.05528,0.12184,
CoRoT-30 b,CoRoT-30,1,Transit,2020,9.06005,0.0844,11.31,921.707,894.6,0.007,5650,0.91,0.98,G3 V,1032.23,277.60118,6.83593,
CoRoT-31 b,CoRoT-31,1,Transit,2020,4.62941,0.0586,16.365,266.977,1664.9,0.02,5700,2.15,1.25,G2 IV,2005.76,94.82073,-4.4223,
CoRoT-32 b,CoRoT-32,1,Transit,2018,6.71837,0.071,6.389,47.675,938,,5970,0.79,1.08,G0 VI,576.683,100.19517,9.2574,
CoRoT-35 b,CoRoT-35,1,Transit,2022,3.22748,0.0429,18.831,349.611,1747,0,6390,1.65,1.01,F6 V,1123.21,289.31435,-2.77471,
CoRoT-36 b,CoRoT-36,1,Transit,2022,5.616531,0.066,15.805,216.123,1567,0,6730,1.52,1.32,F3 V,925.958,277.75101,7.18335,
CoRoT-4 b,CoRoT-4,1,Transit,2008,9.20205,0.09,13.34,228.83,1074,0,6190,1.17,1.16,,726.412,102.19462,-0.67279,
CoRoT-5 b,CoRoT-5,1,Transit,2009,4.037896,0.04947,15.558,148.42,1438,0.09,6100,1.186,1,F9 V,882.472,101.27724,0.81522,
CoRoT-6 b,CoRoT-6,1,Transit,2009,8.886593,0.0855,13.068,940.74,1017,0.1,6090,1.025,1.05,F9 V,645.294,281.07256,6.66321,
CoRoT-7 b,CoRoT-7,3,Transit,2009,0.853592,0.017016,1.681,4.077,1756,0,5275,0.83,0.82,G9 V,159.906,100.95617,-1.06301,
CoRoT-7 c,CoRoT-7,3,Radial Velocity,2009,3.698,0.046,2.83,8.4,1098.6,0,5256,0.8643,0.899,G9 V,159.906,100.95617,-1.06301,
CoRoT-7 d,CoRoT-7,3,Radial Velocity,2022,8.966,0.082,4.31,17.142,,,5250,0.8389,0.915,G9 V,159.906,100.95617,-1.06301,a
CoRoT-8 b,CoRoT-8,1,Transit,2010,6.21229,0.063,6.39,69.92,870,0,5080,0.77,0.88,K1 V,322.037,291.58857,1.4263,
CoRoT-9 b,CoRoT-9,1,Transit,2009,95.272656,0.4021,11.949,266.977,420,0.133,5625,0.96,0.96,G3 V,412.98,280.78665,6.20408,
DE CVn b,DE CVn,1,Eclipse Timing Variations,2018,4098.1,5.75,12.4,3823.273,46.9,0,3579,0.4248,0.51,,30.5225,201.72072,45.54554,
DENIS-P J082303.1-491201 b,DENIS-P J082303.1-491201,1,Astrometry,2013,246.36,0.36,11.9,9057.77,,0.345,,,0.075,L1.5,20.77,125.76207,-49.2003,
DH Tau b,DH Tau,1,Imaging,2004,3811572.320742,330,30.264,3496,2200,,4371,0.27,0.33,M0.5,134.846,67.42317,26.54939,p
DMPP-1 d,DMPP-1,4,Radial Velocity,2019,3.1417,0.04467,2.02,4.72,1632,0.36,6196,1.26,1.21,F8 V,62.5388,86.77612,-10.63032,
DMPP-1 e,DMPP-1,4,Radial Velocity,2019,5.516,0.0651,1.86,4.13,1314,0.07,6196,1.26,1.21,F8 V,62.5388,86.77612,-10.63032,
DMPP-1 c,DMPP-1,4,Radial Velocity,2019,10.03,0.0973,3.31,10.94,1239,0.22,6196,1.26,1.21,F8 V,62.5388,86.77612,-10.63032,
DMPP-1 b,DMPP-1,4,Radial Velocity,2019,17.812,0.1423,4.26,16.8,877,0.2,6196,1.26,1.21,F8 V,62.5388,86.77612,-10.63032,
DMPP-2 c,DMPP-2,3,Radial Velocity,2026,3.168,0.04789,8.26,51.79,1910.9,0.28,6500,1.78,1.41,F5 V,137.94,27.40773,-34.4591,
DMPP-2 b,DMPP-2,3,Radial Velocity,2019,5.203,0.06638,14.2,171.48,1000,0.06,6500,1.78,1.41,F5 V,137.94,27.40773,-34.4591,
DMPP-2 d,DMPP-2,3,Radial Velocity,2026,16.491,0.1432,11.6,91.79,1105.1,0.1,6500,1.78,1.41,F5 V,137.94,27.40773,-34.4591,
DMPP-3 A b,DMPP-3 A,1,Radial Velocity,2019,5.59,0.05958,1.44,2.67,854,0.42,5138,0.91,0.9,K0 V,46.8917,91.62435,-72.51431,
DMPP-4 b,DMPP-4,1,Radial Velocity,2023,3.4982,0.04853,3.53,12.2,1645.7,0.063,6400,1.38,1.25,F5-F8 V,25.3284,293.58266,51.23581,
DMPP-6 b,DMPP-6,2,Radial Velocity,2026,7.6027,0.0779,2.28,5.8,1203.7,0.34,6182,1.27,1.079,,54.6303,120.38578,-70.02343,
DMPP-6 c,DMPP-6,2,Radial Velocity,2026,36.441,0.2206,3.74,13.47,715.3,0.31,6182,1.27,1.079,,54.6303,120.38578,-70.02343,
DMPP-7 b,DMPP-7,1,Radial Velocity,2026,4.984,0.05873,9.13,61.39,1480.5,0.1,5997,1.5395,1.09,G1 V,101.386,203.52847,0.49881,
DMPP-8 b,DMPP-8,1,Radial Velocity,2026,62.915,0.3098,10.8,81.09,579.7,0.275,6009,1.24,0.99,,76.1335,305.30835,-81.61667,
DMPP-9 b,DMPP-9,1,Radial Velocity,2026,12.733,0.1097,3.89,14.43,995.6,0.25,6092,1.26,1.1,,109.539,316.306,-66.95816,
DP Leo b,DP Leo,1,Eclipse Timing Variations,2009,10220,8.19,12.7,1995.888,24.4,0.39,13500,0.0115,0.69,,305.684,169.31622,17.96157,
DS Tuc A b,DS Tuc A,1,Transit,2019,8.138268,0.079445,5.7,413.179,850,0,5428,0.964,1.01,G6 V,44.0622,354.91547,-69.19604,a
EPIC 201170410.02,EPIC 201170410,1,Transit,2020,6.7987,0.0349,1.047,1.15,500,0,3648,0.282,0.287,,134,170.14086,-4.807,
EPIC 201238110 b,EPIC 201238110,1,Transit,2019,28.1656,0.13459,1.87,4.16,,,3587,0.374,0.41,,159.259,179.70585,-3.38946,a
EPIC 201427007 b,EPIC 201427007,1,Transit,2021,0.72091,0.015359,1.5,2.86,,,5633,0.94,0.93,,706.391,184.60213,-0.55129,a
EPIC 201497682 b,EPIC 201497682,1,Transit,2019,2.13174,0.02984,0.692,0.26,,,4991,0.554,0.78,,253.026,168.93668,0.48806,a
EPIC 201595106 b,EPIC 201595106,2,Transit,2021,0.87724,0.0177,1.565,7.67,2038,0,5679,0.98,0.958,,232.1,183.72036,1.96817,
K2-360 c,EPIC 201595106,2,Radial Velocity,2024,9.79692,0.0883,4.02,15.23,912,0.11,5679,0.98,0.958,,232.1,183.72036,1.96817,
EPIC 201757695.02,EPIC 201757695,1,Transit,2020,2.0478,0.0296,0.908,0.688,1025.3,0,4520,0.655,0.727,,577.6,173.93851,4.61643,
EPIC 201841433 b,EPIC 201841433,1,Transit,2019,4.1698,0.035,1.04,1.12,1032.5,,5053,0.6285,0.802,,436.488,175.20675,6.13481,
EPIC 206024342 c,EPIC 206024342,3,Transit,2021,0.911724,0.017949,1.4,2.54,,,5724,1.1,0.928,,369.888,331.27714,-14.1218,a
EPIC 206024342 b,EPIC 206024342,3,Transit,2019,4.50756,0.052089,1.7,3.53,,,5724,0.823,0.928,,369.888,331.27714,-14.1218,a
EPIC 206024342 d,EPIC 206024342,3,Transit,2021,14.647531,0.114279,2.6,7.27,,,5724,1.1,0.928,,369.888,331.27714,-14.1218,a
EPIC 206032309 b,EPIC 206032309,1,Transit,2019,2.87814,0.023941,1.01,1.01,,,3489,0.3734,0.221,,161.365,341.24046,-13.90112,a
EPIC 206042996 c,EPIC 206042996,2,Transit,2021,0.354884,0.00811,1.2,1.87,,,4114,0.5,0.565,,451.769,337.51362,-13.61015,a
EPIC 206042996 b,EPIC 206042996,2,Transit,2019,5.2986,0.049173,1.7,3.53,,,4114,0.5,0.565,,451.769,337.51362,-13.61015,a
EPIC 206215704 b,EPIC 206215704,1,Transit,2019,2.255436,0.024944,1,0.972,,,3297,0.25,0.407,,109.888,335.09497,-9.50971,a
EPIC 206317286 b,EPIC 206317286,2,Transit,2019,1.58252,0.023721,0.96,0.84,,,4752,0.669,0.711,,314.35,337.61784,-7.97246,a
EPIC 206317286 c,EPIC 206317286,2,Transit,2022,17.515472,0.124145,2.094,5.03,,,4752,0.758,0.832,,314.35,337.61784,-7.97246,a
EPIC 211822797 b,EPIC 211822797,1,Transit,2016,21.170196,0.1195,1.92,4.35,431,0.06,4057,0.58,0.62,M0,186.197,130.41021,17.63997,
EPIC 211945201 b,EPIC 211945201,1,Transit,2018,19.49221,0.1493,5.76,11,817,0,6069,1.39,1.17,G0,181.69,136.57419,19.40206,
EPIC 212297394 b,EPIC 212297394,2,Transit,2019,2.289363,0.031948,1.48,2.79,1149,,5171,0.8,0.83,,418.395,207.20612,-17.6099,a
EPIC 212297394 c,EPIC 212297394,2,Transit,2021,5.213965,0.055302,2.27,5.77,866,,5171,0.8,0.83,,418.395,207.20612,-17.6099,a
EPIC 212424622 b,EPIC 212424622,1,Transit,2019,18.0983,0.139514,2.17,5.35,,,5782,1.2247,1.106,,611.804,202.33138,-14.35944,a
EPIC 212499991 b,EPIC 212499991,1,Transit,2019,34.885,0.202627,1.6,3.19,,,4983,0.7575,0.912,,283.29,202.48875,-12.73477,a
EPIC 212587672 b,EPIC 212587672,2,Transit,2019,15.28078,0.120111,1.26,2.13,756,,6004,0.98,0.99,,320.07,205.44451,-10.86255,a
EPIC 212587672 c,EPIC 212587672,2,Transit,2021,23.228555,0.158794,2.32,5.99,658,,6004,0.98,0.99,,320.07,205.44451,-10.86255,a
EPIC 212624936 b,EPIC 212624936,2,Transit,2021,0.578657,0.01359,1.2,1.87,,,5765,0.93,1,,561.929,210.63762,-10.02369,a
EPIC 212624936 c,EPIC 212624936,2,Transit,2021,11.811437,0.101502,2.3,5.9,,,5765,0.93,1,,561.929,210.63762,-10.02369,a
EPIC 212737443 b,EPIC 212737443,2,Transit,2019,13.603,0.098,2.586,7.2,536,0.2,4684,0.673,0.69,K3,336.25,204.22151,-7.31806,
EPIC 212737443 c,EPIC 212737443,2,Transit,2019,65.55,0.28,2.69,7.7,316,0.2,4684,0.673,0.69,K3,336.25,204.22151,-7.31806,
EPIC 220492298 b,EPIC 220492298,1,Transit,2021,0.762406,0.016056,0.99,0.937,,,5620,0.89,0.95,,624.512,16.7615,6.5888,a
EPIC 220674823 b,EPIC 220674823,2,Transit,2016,0.571308,0.0132,1.606,7.54,2324,0,5578,0.99,0.913,G5 V,244.59,13.08002,10.79471,
EPIC 220674823 c,EPIC 220674823,2,Transit,2016,13.340603,0.1078,2.712,7.9,838,0.18,5578,0.99,0.913,G5 V,244.59,13.08002,10.79471,
EPIC 228836835 b,EPIC 228836835,1,Transit,2021,0.728113,0.011845,1.1,1.37,932,,3782,0.32,0.4182,,150.124,189.5749,-5.24462,a
EPIC 229004835 b,EPIC 229004835,1,Transit,2023,16.141132,0.1237,2.332,10.4,804,0.23,5868,0.999,0.97,,121.971,186.48604,-1.40472,
EPIC 246851721 b,EPIC 246851721,1,Transit,2018,6.180235,0.07229,11.781,953.49,1401,,6202,1.586,1.317,F5 V,372.632,78.91982,16.2787,
EPIC 248847494 b,EPIC 248847494,1,Transit,2018,3650,4.5,12.442,4131.79,183,0,4898,2.7,0.9,,551.886,159.38908,11.84275,
EPIC 249893012 b,EPIC 249893012,3,Transit,2020,3.5951,0.047,1.95,8.75,1616,0.06,5430,1.71,1.05,G8 IV/V,321.296,228.24824,-16.72465,
EPIC 249893012 c,EPIC 249893012,3,Transit,2020,15.624,0.13,3.67,14.67,990,0.07,5430,1.71,1.05,G8 IV/V,321.296,228.24824,-16.72465,
EPIC 249893012 d,EPIC 249893012,3,Transit,2020,35.747,0.22,3.94,10.18,752,0.15,5430,1.71,1.05,G8 IV/V,321.296,228.24824,-16.72465,
FU Tau b,FU Tau,1,Imaging,2008,36960701.292048,800,12.2,5085.28,2375,,2838,,0.05,M7.25,133.495,65.8975,25.05067,p
G 192-15 b,G 192-15,2,Radial Velocity,2025,2.27476,0.01723,1.02,1.03,453.6,0,2999,0.1707,0.132,M5.0 V,9.5311,90.62209,49.86194,
G 192-15 c,G 192-15,2,Radial Velocity,2025,1219,1.137,3.87,14.3,55.9,0.676,2999,0.1707,0.132,M5.0 V,9.5311,90.62209,49.86194,
G 196-3 b,G 196-3,1,Imaging,2024,3317276.508238,350,12,8263.539,1670,,3517,0.5224,0.5198,,21.7912,151.08848,50.38618,p
G 261-6 b,G 261-6,1,Radial Velocity,2025,5.4536,0.02971,1.1,1.37,322.3,0,2907,0.1532,0.118,M5.5 V,10.6267,291.07432,75.55584,
G 264-012 b,G 264-012,2,Radial Velocity,2021,2.30538,0.02279,1.39,2.5,587,,3326,0.305,0.297,M4.0 V,16.009,326.67196,66.80385,
G 264-012 c,G 264-012,2,Radial Velocity,2021,8.0518,0.0525,1.76,3.75,387,,3326,0.305,0.297,M4.0 V,16.009,326.67196,66.80385,
G 268-110 b,G 268-110,1,Radial Velocity,2025,1.43263,0.01283,1.13,1.52,534,0,,0.177,0.137,M5.0 V,,16.22369,-18.1248,
G 9-40 b,G 9-40,1,Transit,2019,5.745998,0.0418,1.9,4,440.6,0,3395,0.3026,0.2952,M2.5 V,27.9276,134.71885,21.0748,
GJ 1002 b,GJ 1002,2,Radial Velocity,2022,10.3465,0.0457,1.03,1.08,230.9,,3024,0.137,0.12,M5.5 V,4.8487,1.67646,-7.54621,
GJ 1002 c,GJ 1002,2,Radial Velocity,2022,21.202,0.0738,1.1,1.36,181.7,,3024,0.137,0.12,M5.5 V,4.8487,1.67646,-7.54621,
GJ 1061 b,GJ 1061,3,Radial Velocity,2020,3.2073,0.021,1.04,1.11,388.1,0.05,2953,0.156,0.12,M5.5 V,3.6728,54.00325,-44.51431,
GJ 1061 c,GJ 1061,3,Radial Velocity,2020,6.6821,0.0342,1.19,1.81,304.1,0.02,2953,0.156,0.12,M5.5 V,3.6728,54.00325,-44.51431,
GJ 1061 d,GJ 1061,3,Radial Velocity,2020,13.066,0.054,1.16,1.67,242,0.04,2953,0.156,0.12,M5.5 V,3.6728,54.00325,-44.51431,
GJ 1132 b,GJ 1132,2,Transit,2015,1.628929,0.0157,1.192,1.837,583.8,0.0118,3229,0.2211,0.1945,M4.5 V,12.613,153.70907,-47.15494,
GJ 1132 c,GJ 1132,2,Radial Velocity,2018,8.929,0.0476,1.52,2.91,300,0.19,3090,0.226,0.198,M4.5 V,12.613,153.70907,-47.15494,
GJ 1148 b,GJ 1148,2,Radial Velocity,2010,41.38,0.166,11.9,96.7,232.9,0.38,3287,0.3585,0.344,M5,11.0143,175.43261,42.75159,
GJ 1148 c,GJ 1148,2,Radial Velocity,2017,532.58,0.912,9.71,68.06,99.4,0.342,3287,0.3585,0.344,M5,11.0143,175.43261,42.75159,
GJ 1151 c,GJ 1151,1,Radial Velocity,2023,389.7,0.5714,3.25,10.62,88.3,,3280,0.1781,0.1639,M 4.5V,8.0363,177.73049,48.37323,
GJ 1214 b,GJ 1214,1,Transit,2009,1.580405,0.01505,2.733,8.41,567,0.0062,3101,0.2162,0.182,M4 V,14.6427,258.8314,4.96068,
GJ 1252 b,GJ 1252,1,Transit,2020,0.518233,0.00915,1.193,1.32,1090,0,3458,0.391,0.381,M3,20.373,306.92865,-56.46229,
GJ 1265 b,GJ 1265,1,Radial Velocity,2018,3.6511,0.026,2.63,7.4,424,0.04,3236,0.192,0.178,M4.5 V,10.2525,333.43247,-17.68706,
GJ 1289 b,GJ 1289,1,Radial Velocity,2024,111.74,0.27,2.38,6.27,150,0,3296,0.245,0.21,M4.5 Ve,8.3515,355.78135,36.53633,
HD 21749 c,GJ 143,2,Transit,2019,7.78993,0.0695,0.892,3.7,701,,4640,0.695,0.73,K4.5,16.32,51.75019,-63.50017,
GJ 143 b,GJ 143,2,Transit,2019,35.61253,0.1915,2.61,22.7,422,0.188,4640,0.695,0.73,K4.5,16.32,51.75019,-63.50017,
GJ 15 A b,GJ 15 A,2,Radial Velocity,2014,11.4407,0.072,1.55,3.03,550,0.094,3607,0.38,0.38,M1,3.5623,4.61267,44.02473,
GJ 15 A c,GJ 15 A,2,Radial Velocity,2018,7600,5.4,6.67,36,46.1,0.27,3607,0.38,0.38,M1,3.5623,4.61267,44.02473,
GJ 160.2 b,GJ 160.2,1,Radial Velocity,2014,5.2354,0.053,3.17,10.2,737,0.06,4347,0.6552,0.69,M0 V,25.8557,61.64542,-20.85647,
GJ 163 b,GJ 163,3,Radial Velocity,2013,8.63182,0.0607,3.25,10.6,438.5,0.073,3500,0.4097,0.4,M,15.1285,62.32284,-53.37118,
GJ 163 c,GJ 163,3,Radial Velocity,2013,25.63058,0.1254,2.5,6.8,305.1,0.099,3500,0.4097,0.4,M,15.1285,62.32284,-53.37118,
GJ 163 d,GJ 163,3,Radial Velocity,2013,603.95116,1.0304,5.92,29.4,106.4,0.373,3500,0.4097,0.4,M,15.1285,62.32284,-53.37118,
GJ 179 b,GJ 179,1,Radial Velocity,2009,2288,2.41,13.8,301.937,64.5,0.21,3370,0.38,0.357,M3.5 V,12.356,73.02455,6.47523,
GJ 180 b,GJ 180,3,Radial Velocity,2014,17.133,0.092,2.43,6.49,344.4,0.07,3371,0.413,0.43,M3,11.9407,73.4601,-17.77619,
GJ 180 c,GJ 180,3,Radial Velocity,2014,24.329,0.129,2.41,6.4,290.9,0.09,3371,0.413,0.43,M3,11.9407,73.4601,-17.77619,
GJ 180 d,GJ 180,3,Radial Velocity,2020,106.3,0.309,2.66,7.56,187.9,0.14,3371,0.413,0.43,M3,11.9407,73.4601,-17.77619,
GJ 2030 b,GJ 2030,2,Radial Velocity,2022,2.38129,0.034,2.03,4.767,2147.3,0.239,5485,2.241,0.96,,37.0788,50.82376,-7.79504,
GJ 2030 c,GJ 2030,2,Radial Velocity,2022,25533.11353,16.761,12.3,4069.157,96.7,0.041,5485,2.241,0.96,,37.0788,50.82376,-7.79504,
GJ 2056 b,GJ 2056,1,Radial Velocity,2020,69.971,0.283,4.17,16.2,310.7,0.72,4070,0.7095,0.62,M0V:,28.4434,108.01949,-24.8921,
GJ 2126 b,GJ 2126,1,Radial Velocity,2025,272.7,0.71,13.6,413.177,203.1,0.85,4159,0.728,0.65,M0 V,38.129,257.36068,-35.39172,
GJ 229 A c,GJ 229,2,Radial Velocity,2020,121.93268,0.384,2.87,8.581,188.1,0.366,3564,0.46,0.509,M1.5V,5.7562,92.6436,-21.86772,
GJ 229 b,GJ 229,2,Radial Velocity,2014,579.47495,1.086,3.97,14.938,111.8,0.404,3564,0.46,0.509,M1.5V,5.7562,92.6436,-21.86772,
GJ 238 b,GJ 238,1,Transit,2024,1.7447,0.02123,0.566,0.126,758,,3485,0.4314,0.4193,M2.5 V,15.2142,98.45488,-58.52503,
GJ 251 b,GJ 251,2,Radial Velocity,2020,14.237,0.0808,1.79,3.85,336,0,3342,0.36,0.35,M3.0 V,5.5806,103.70025,33.26646,
GJ 251 c,GJ 251,2,Radial Velocity,2025,53.647,0.196,1.8,3.88,216,0,3342,0.36,0.35,M3.0 V,5.5806,103.70025,33.26646,
GJ 27.1 b,GJ 27.1,1,Radial Velocity,2014,15.819,0.101,3.66,13,387.1,0.08,3542,0.5189,0.53,M0.5 V,23.6062,9.998,-44.25417,
GJ 273 c,GJ 273,2,Radial Velocity,2017,4.7234,0.036467,1.06,1.18,462.3,0.17,3382,0.293,0.29,M3.5,5.9215,111.85209,5.22581,
GJ 273 b,GJ 273,2,Radial Velocity,2017,18.6498,0.091101,1.51,2.89,292.5,0.1,3382,0.293,0.29,M3.5,5.9215,111.85209,5.22581,
GJ 3021 b,GJ 3021,1,Radial Velocity,2000,133.71,0.49,13.1,1071.04,350,0.511,5540,0.9,0.9,G6 V,17.5559,4.06343,-79.85142,
GJ 3082 b,GJ 3082,1,Radial Velocity,2020,11.949,0.079,2.79,8.2,457.5,0.22,3910,0.4652,0.47,M4,16.6186,18.64324,-53.94078,
GJ 3090 b,GJ 3090,2,Transit,2022,2.853102,0.0316,2.18,4.52,723,0.25,3707,0.516,0.519,M2 V,22.4751,20.43843,-46.71472,
GJ 3090 c,GJ 3090,2,Radial Velocity,2026,15.9407,0.0997,3.14,10,407.2,0,3707,0.516,0.519,M2 V,22.4751,20.43843,-46.71472,
GJ 3138 b,GJ 3138,3,Radial Velocity,2017,1.22003,0.0197,1.18,1.78,903,0.19,3717,0.5,0.681,M0,28.4712,32.29774,-16.33925,
GJ 3138 c,GJ 3138,3,Radial Velocity,2017,5.974,0.057,1.88,4.18,530.9,0.11,3717,0.5,0.681,M0,28.4712,32.29774,-16.33925,
GJ 3138 d,GJ 3138,3,Radial Velocity,2017,257.8,0.698,3.23,10.5,151.7,0.32,3717,0.5,0.681,M0,28.4712,32.29774,-16.33925,
GJ 317 b,GJ 317,2,Radial Velocity,2007,695.69,1.138,13.3,794.5,100.3,0.0826,3496,0.403,0.402,M3.5 V,15.1968,130.24453,-23.45281,
GJ 317 c,GJ 317,2,Radial Velocity,2016,6500,5.04,13.6,454.495,47.7,0.217,3496,0.403,0.402,M3.5 V,15.1968,130.24453,-23.45281,
GJ 3222 b,GJ 3222,1,Radial Velocity,2022,10.66669,0.091,3.4,11.442,811.1,0.929,5257,0.9314,0.89,K0V,18.2382,50.89725,-40.07623,
GJ 328 c,GJ 328,2,Radial Velocity,2023,241.8,0.657,4.91,21.4,184,,3897,0.63,0.65,M0.0,20.5266,133.78195,1.542,
GJ 328 b,GJ 328,2,Radial Velocity,2013,3771,4.11,13.3,797.749,73.6,0.227,3897,0.63,0.65,M0.0,20.5266,133.78195,1.542,
GJ 3293 e,GJ 3293,4,Radial Velocity,2017,13.2543,0.08208,1.63,3.28,370.8,0.21,3466,0.404,0.42,M2.5,20.1903,67.14844,-25.17134,
GJ 3293 b,GJ 3293,4,Radial Velocity,2015,30.5987,0.14339,5.19,23.54,280.5,0.06,3466,0.404,0.42,M2.5,20.1903,67.14844,-25.17134,
GJ 3293 d,GJ 3293,4,Radial Velocity,2017,48.1345,0.19394,2.67,7.6,241.2,0.12,3466,0.404,0.42,M2.5,20.1903,67.14844,-25.17134,
GJ 3293 c,GJ 3293,4,Radial Velocity,2015,122.6196,0.36175,4.87,21.09,176.6,0.11,3466,0.404,0.42,M2.5,20.1903,67.14844,-25.17134,
GJ 3323 b,GJ 3323,2,Radial Velocity,2017,5.3636,0.03282,1.23,2.02,290.1,0.23,3159,0.119,0.164,M4,5.3748,75.48688,-6.94851,
GJ 3323 c,GJ 3323,2,Radial Velocity,2017,40.54,0.1264,1.32,2.31,147.8,0.17,3159,0.119,0.164,M4,5.3748,75.48688,-6.94851,
GJ 3341 b,GJ 3341,1,Radial Velocity,2015,14.207,0.089,2.46,6.6,377.6,0.31,3526,0.439,0.47,M2.5,23.619,78.94714,-31.29485,
GJ 3378 b,GJ 3378,1,Radial Velocity,2026,21.45,0.09673,1.32,2.3,272,0,3340,0.275,0.262,M4 V,7.7227,90.29513,59.59319,
GJ 338 B b,GJ 338 B,1,Radial Velocity,2020,24.422,0.142,3.25,10.6,391,0.109,4014,0.58,0.64,M0 V,6.3326,138.59167,52.68352,
GJ 341 b,GJ 341,1,Transit,2025,7.57686,0.059113,0.88,4,629,0,3770,0.5066,0.48,M1,10.454,140.39938,-60.28117,a
GJ 3470 b,GJ 3470,1,Radial Velocity,2012,3.33665,0.0355,4.57,13.9,593.5,0.017,3600,0.547,0.539,M1.5,29.4214,119.7735,15.39121,
GJ 3473 b,GJ 3473,2,Transit,2020,1.198003,0.01589,1.264,1.86,773,0,3347,0.364,0.36,M4,27.3644,120.59361,3.33716,
GJ 3473 c,GJ 3473,2,Radial Velocity,2020,15.509,0.0876,2.63,7.41,329.1,0,3347,0.364,0.36,M4,27.3644,120.59361,3.33716,
GJ 3512 b,GJ 3512,2,Radial Velocity,2019,203.109,0.3376,14.3,146.519,97.2,0.4279,3141,0.139,0.123,M5.5 V,9.4864,130.33166,59.49184,
GJ 3512 c,GJ 3512,2,Radial Velocity,2020,2354,1.731,14.3,143.976,42.9,0.089,3141,0.139,0.123,M5.5 V,9.4864,130.33166,59.49184,
GJ 357 b,GJ 357,3,Transit,2019,3.9306,0.036,1.2,1.83,518,,3505,0.337,0.342,M2.5 V,9.4418,144.00746,-21.66506,
GJ 357 c,GJ 357,3,Radial Velocity,2019,9.1247,0.061,1.66,3.4,401.2,,3505,0.337,0.342,M2.5 V,9.4418,144.00746,-21.66506,
GJ 357 d,GJ 357,3,Radial Velocity,2019,55.661,0.204,2.34,6.1,219.6,,3505,0.337,0.342,M2.5 V,9.4418,144.00746,-21.66506,
GJ 3634 b,GJ 3634,1,Radial Velocity,2010,2.64561,0.0287,2.83,8.4,656.5,0.08,3517,0.43,0.45,M2.5,20.3779,164.64335,-31.14434,
GJ 367 b,GJ 367,3,Transit,2021,0.321923,0.0071,0.736,0.503,1329,0,3535,0.457,0.451,M V,9.4126,146.12146,-45.77902,
GJ 367 c,GJ 367,3,Radial Velocity,2023,11.5301,0.076824,1.86,4.13,,0.09,3522,0.458,0.455,M1.0 V,9.4126,146.12146,-45.77902,a
GJ 367 d,GJ 367,3,Radial Velocity,2023,34.369,0.159119,2.33,6.03,,0.14,3522,0.458,0.455,M1.0 V,9.4126,146.12146,-45.77902,a
GJ 3779 b,GJ 3779,1,Radial Velocity,2018,3.0232,0.026,2.75,8,526.9,0.07,3324,0.281,0.27,M4.0 V,13.743,200.73354,24.46394,
GJ 3929 b,GJ 3929,2,Transit,2022,2.616235,0.0252,1.09,1.75,568,0,3384,0.32,0.313,M3.5 V,15.8095,239.57757,35.40811,
GJ 3929 c,GJ 3929,2,Radial Velocity,2022,15.04,0.081,2.26,5.71,317,0,3384,0.32,0.313,M3.5 V,15.8095,239.57757,35.40811,
GJ 393 b,GJ 393,1,Radial Velocity,2021,7.02679,0.05402,1.17,1.71,485,,3579,0.426,0.426,M2.0 V,7.0315,157.22887,0.83785,
GJ 3942 b,GJ 3942,1,Radial Velocity,2017,6.905,0.0608,2.57,7.14,590,0.121,3867,0.61,0.63,M0,16.9287,242.26455,52.94414,
GJ 3988 b,GJ 3988,1,Radial Velocity,2023,6.9442,0.0405,1.74,3.69,348,0,3273,0.1973,0.1842,M4.5 V,9.9105,255.85037,51.40898,
GJ 3998 b,GJ 3998,3,Radial Velocity,2016,2.65033,0.03,1.39,2.5,733.5,0,3726,0.5,0.52,M1,18.1459,259.00205,11.05618,
GJ 3998 c,GJ 3998,3,Radial Velocity,2016,13.727,0.09,2.5,6.82,423.5,0,3726,0.5,0.52,M1,18.1459,259.00205,11.05618,
GJ 3998 d,GJ 3998,3,Radial Velocity,2025,41.78,0.189,2.34,6.07,292.2,0,3726,0.5,0.52,M1,18.1459,259.00205,11.05618,
GJ 411 b,GJ 411,2,Radial Velocity,2019,12.9394,0.07879,1.45,2.69,349.8,0.063,3719,0.3685,0.3899,M1.5 V,5.6758,165.83447,35.97232,
HD 95735 c,GJ 411,2,Radial Velocity,2021,2946,2.94,3.76,13.6,63.5,0.132,3719,0.3685,0.3899,M1.5 V,5.6758,165.83447,35.97232,
GJ 414 A b,GJ 414 A,2,Radial Velocity,2021,50.8,0.2324,2.63,7.6,308.6,0.45,4120,0.68,0.65,K7 V,11.8893,167.7745,30.44517,
GJ 414 A c,GJ 414 A,2,Radial Velocity,2021,749.83,1.4,8.4,53.83,124.7,0.105,4120,0.68,0.65,K7 V,11.8893,167.7745,30.44517,
GJ 422 b,GJ 422,1,Radial Velocity,2014,20.129,0.111,3.33,11.07,292.7,0.11,3323,0.3703,0.35,M3.5 V,12.6631,168.98105,-57.54256,
GJ 4274 b,GJ 4274,2,Radial Velocity,2026,1.6339,0.0153,1.53,2.97,548.5,,3228,0.19,0.18,M4.5 V,7.2356,335.78055,-17.61041,
GJ 4274 c,GJ 4274,2,Radial Velocity,2026,69.57,0.186,2.83,8.39,157.3,,3228,0.19,0.18,M4.5 V,7.2356,335.78055,-17.61041,
GJ 4276 b,GJ 4276,1,Radial Velocity,2019,13.352,0.082,4.22,16.57,363.9,0.37,3387,0.407,0.406,M4.0,21.3362,336.32215,59.4125,
GJ 433 b,GJ 433,3,Radial Velocity,2013,7.3705,0.062,2.33,6.043,473.9,0.04,3461,0.5,0.48,M2V,9.0646,173.86192,-32.54363,
GJ 433 d,GJ 433,3,Radial Velocity,2020,36.059,0.178,2.14,5.223,279.7,0.07,3461,0.5,0.48,M2V,9.0646,173.86192,-32.54363,
GJ 433 c,GJ 433,3,Radial Velocity,2014,5094.105,4.819,6.27,32.422,53.8,0.12,3461,0.5,0.48,M2V,9.0646,173.86192,-32.54363,
GJ 436 b,GJ 436,1,Radial Velocity,2004,2.643883,0.0291,4.17,22.1,686,0.1383,3586,0.455,0.47,M2.5 V,9.7532,175.55054,26.70307,
GJ 463 b,GJ 463,1,Radial Velocity,2022,3459,3.53,13.1,1080.617,63.5,0.146,3563,0.483,0.486,M3.0 V,18.3554,185.74405,64.03243,
GJ 480 b,GJ 480,1,Radial Velocity,2020,9.5536,0.068,2.91,8.8,406,0,3509,0.449,0.45,M3.5 Ve,14.2358,189.71342,11.69507,
GJ 486 b,GJ 486,1,Radial Velocity,2021,1.467121,0.01714,1.289,2.77,696.3,0.0009,3317,0.3243,0.312,M3.5 V,8.0743,191.98153,9.74942,
GJ 504 b,GJ 504,1,Imaging,2013,94873.341002,43.5,12.106,1271.3,510,,6234,1.26,1.22,G0 V,17.5299,199.19235,9.42498,p
GJ 508.2 b,GJ 508.2,1,Radial Velocity,2025,5300,4.85,,587.983,59.3,0.27,3720,0.53,0.54,M1.0 V,16.6374,200.24439,34.27766,
GJ 514 b,GJ 514,1,Radial Velocity,2022,140.43,0.422,2.13,5.2,202,0.45,3728,0.5,0.51,M0.5-1.0 V,7.6178,202.50404,10.37254,
GJ 536 b,GJ 536,2,Radial Velocity,2016,8.70874,0.0668,2.41,6.37,451,0,3641,0.529,0.528,M1 V,10.4092,210.25973,-2.65229,
GJ 536 c,GJ 536,2,Radial Velocity,2025,32.761,0.1617,2.3,5.89,290.5,0,3641,0.529,0.528,M1 V,10.4092,210.25973,-2.65229,
GJ 581 e,GJ 581,3,Radial Velocity,2009,3.1481,0.02799,1.38,2.48,554.4,0.012,3500,0.302,0.295,M3.0 V,6.2981,229.85647,-7.72269,
GJ 581 b,GJ 581,3,Radial Velocity,2005,5.3686,0.0399,4.79,20.5,464.3,0.0342,3500,0.302,0.295,M3.0 V,6.2981,229.85647,-7.72269,
GJ 581 c,GJ 581,3,Radial Velocity,2007,12.9211,0.0718,2.5,6.81,346.1,0.032,3500,0.302,0.295,M3.0 V,6.2981,229.85647,-7.72269,
GJ 625 b,GJ 625,1,Radial Velocity,2017,14.628,0.078361,1.49,2.82,335.6,0.13,3499,0.31,0.3,M2,6.4725,246.35579,54.30336,
GJ 649 b,GJ 649,1,Radial Velocity,2009,600.1,1.112,10.8,82,120.7,0.083,3734,0.5,0.51,M1.0,10.3796,254.53632,25.74197,
GJ 667 C b,GJ 667 C,5,Radial Velocity,2012,7.203,0.050431,2.25,5.68,,0.2,3350,,0.33,M1.5 V,7.244,259.75106,-34.99777,
GJ 667 C c,GJ 667 C,5,Radial Velocity,2013,28.14,0.125,1.77,3.8,,0.02,3350,,0.33,M1.5 V,7.244,259.75106,-34.99777,
GJ 667 C f,GJ 667 C,5,Radial Velocity,2013,39.026,0.156,1.45,2.7,,0.03,3350,,0.33,M1.5 V,7.244,259.75106,-34.99777,
GJ 667 C e,GJ 667 C,5,Radial Velocity,2013,62.24,0.213,1.45,2.7,,0.02,3350,,0.33,M1.5 V,7.244,259.75106,-34.99777,
GJ 667 C g,GJ 667 C,5,Radial Velocity,2013,256.2,0.549,1.99,4.6,,0.08,3350,,0.33,M1.5 V,7.244,259.75106,-34.99777,
GJ 674 b,GJ 674,1,Radial Velocity,2007,4.6938,0.039,3.33,11.09,530.8,0.2,3600,0.3646,0.35,M2.5,4.549,262.17005,-46.89898,
GJ 676 A d,GJ 676 A,4,Radial Velocity,2012,3.60076,0.039,1.78,3.814,757.4,0.192,3734,0.69,0.626,M0,16.0272,262.54489,-51.63778,
GJ 676 A e,GJ 676 A,4,Radial Velocity,2012,35.47358,0.181,2.47,6.674,351.6,0.152,3734,0.69,0.626,M0,16.0272,262.54489,-51.63778,
GJ 676 A b,GJ 676 A,4,Radial Velocity,2010,1051.44521,1.735,12.8,1840.862,113.5,0.319,3734,0.69,0.626,M0,16.0272,262.54489,-51.63778,
GJ 676 A c,GJ 676 A,4,Radial Velocity,2016,13921.42302,9.726,12.3,4288.141,48,0.295,3734,0.69,0.626,M0,16.0272,262.54489,-51.63778,
GJ 680 b,GJ 680,1,Radial Velocity,2022,17281.66514,10.138,12,7977.493,36.6,0.381,3563,0.4593,0.456,K5,9.6731,263.80722,-48.67884,
GJ 682 b,GJ 682,2,Radial Velocity,2014,17.478,0.08,1.93,4.4,281.9,0.08,3028,0.2983,0.27,M3.5 V,5.0067,264.26102,-44.32325,
GJ 682 c,GJ 682,2,Radial Velocity,2014,57.32,0.176,2.89,8.7,190.1,0.1,3028,0.2983,0.27,M3.5 V,5.0067,264.26102,-44.32325,
GJ 685 b,GJ 685,1,Radial Velocity,2019,24.16,0.1344,2.95,9,368.8,0,3816,0.54,0.55,M0.5,14.3155,263.89604,61.67935,
GJ 687 b,GJ 687,2,Radial Velocity,2014,38.142,0.163,4.32,17.2,263.6,0.17,3413,0.4183,0.4,M3.0V,4.5494,264.10417,68.33367,
GJ 687 c,GJ 687,2,Radial Velocity,2020,727.562,1.165,4.14,16,98.6,0.4,3413,0.4183,0.4,M3.0V,4.5494,264.10417,68.33367,
GJ 720 A b,GJ 720 A,1,Radial Velocity,2021,19.466,0.119,3.77,13.64,401,0.12,3837,0.56,0.57,M0.5 V,15.5575,278.82942,45.7456,
GJ 724 b,GJ 724,1,Radial Velocity,2023,5.101284,0.04685,3.27,10.75,611,0.577,3799,0.5223,0.5271,M1.0 V,16.9658,280.23836,-13.3825,
GJ 740 b,GJ 740,1,Radial Velocity,2021,2.37756,0.029,1.53,2.96,829,0.24,3913,0.56,0.58,M1.0 V,11.1017,284.49972,5.90287,
GJ 806 b,GJ 806,2,Transit,2023,0.926324,0.01406,1.331,1.9,940,,3600,0.4144,0.413,M1.5 V,12.0445,311.2697,44.50024,
GJ 806 c,GJ 806,2,Radial Velocity,2023,6.64064,0.0523,2.28,5.8,490,,3600,0.4144,0.413,M1.5 V,12.0445,311.2697,44.50024,
GJ 832 b,GJ 832,1,Radial Velocity,2008,3853,3.7,13.8,314.65,57.8,0.05,3472,0.4416,0.45,M2/3 V,4.9643,323.39126,-49.01252,
GJ 849 b,GJ 849,2,Radial Velocity,2006,1925.31,2.32,13.9,283.821,73.6,0.029,3467,0.45,0.45,M3.5,8.8006,332.42299,-4.64083,
GJ 849 c,GJ 849,2,Radial Velocity,2014,5990,4.95,13.8,314.65,50.4,0.092,3467,0.45,0.45,M3.5,8.8006,332.42299,-4.64083,
GJ 86 b,GJ 86,1,Radial Velocity,1999,15.76491,0.11,12.9,1404.809,661.1,0.04,5182,0.77,0.93,K1V,10.7836,32.62248,-50.82099,
GJ 876 d,GJ 876,4,Radial Velocity,2005,1.93778,0.020807,2.51,6.83,603.1,0.207,3294,0.3,0.32,M2.5V,4.6752,343.32397,-14.2666,
GJ 876 c,GJ 876,4,Radial Velocity,2000,30.0881,0.12959,14,226.985,241.7,0.2559,3294,0.3,0.32,M2.5V,4.6752,343.32397,-14.2666,
GJ 876 b,GJ 876,4,Radial Velocity,1998,61.1166,0.208317,13.3,723.223,190.6,0.0324,3294,0.3,0.32,M2.5V,4.6752,343.32397,-14.2666,
GJ 876 e,GJ 876,4,Radial Velocity,2010,124.26,0.3343,3.92,14.6,150.5,0.055,3294,0.3,0.32,M2.5V,4.6752,343.32397,-14.2666,
GJ 887 e,GJ 887,4,Radial Velocity,2026,4.4249,0.0417,1.12,1.46,544,,3688,0.468,0.495,M1 V,3.2868,346.50276,-35.84735,
GJ 887 b,GJ 887,4,Radial Velocity,2020,9.2619,0.0683,1.8,3.9,426,0.14,3688,0.468,0.495,M1 V,3.2868,346.50276,-35.84735,
GJ 887 c,GJ 887,4,Radial Velocity,2020,21.784,0.121,2.43,6.5,320,0.17,3688,0.468,0.495,M1 V,3.2868,346.50276,-35.84735,
GJ 887 d,GJ 887,4,Radial Velocity,2026,50.77,0.212,2.34,6.1,241,,3688,0.468,0.495,M1 V,3.2868,346.50276,-35.84735,
GJ 896 A b,GJ 896 A,1,Astrometry,2022,284.39,0.63965,13.3,718.292,126.7,0.35,3345,0.3947,0.436,M3.5 V,6.2602,352.97004,19.937,
GJ 900 b,GJ 900 A,1,Imaging,2024,462008766.1506,12000,12.4,3496.112,1.5,,3976,0.7162,1.08,K7,20.8065,353.75262,1.60552,p
GJ 9066 c,GJ 9066,1,Radial Velocity,2020,771.36,0.88,9.6,66.744,65.7,0.46,3154,0.164,0.15,M5.0 V,4.471,30.05883,13.04432,
GJ 9404 b,GJ 9404,1,Radial Velocity,2023,13.4586,0.0943,3.48,11.9,473.5,0.49,3811,0.626,0.62,M2V,23.8839,184.84721,28.38271,
GJ 96 b,GJ 96,1,Radial Velocity,2018,73.94,0.291,4.67,19.66,257.8,0.44,3785,0.5806,0.6,M2,11.9315,35.5624,47.88021,
GJ 9689 b,GJ 9689,1,Radial Velocity,2020,18.27,0.1139,3.07,9.65,453,0.29,3836,0.57,0.59,M0.5,30.6203,303.46773,13.38889,
GJ 9714 b,GJ 9714,1,Radial Velocity,2022,19240.75467,12.319,12.5,2988.541,47.7,0.155,4263,0.6627,0.67,K5V,20.5121,315.41418,-32.525,
GJ 9773 b,GJ 9773,1,Radial Velocity,2025,2965,2.921,14.2,172.581,59.9,0.218,3528,0.362,0.358,M3.0 V,15.9211,333.15023,8.55034,
GJ 9827 b,GJ 9827,3,Transit,2017,1.208974,0.0189,1.44,4.28,1035,0,4236,0.58,0.62,K7 V,29.661,351.77178,-1.28534,
GJ 9827 c,GJ 9827,3,Transit,2017,3.648103,0.0395,1.13,1.86,715.9,0,4236,0.58,0.62,K7 V,29.661,351.77178,-1.28534,
GJ 9827 d,GJ 9827,3,Transit,2017,6.20183,0.053,1.98,3.02,675,0,4236,0.58,0.62,K7 V,29.661,351.77178,-1.28534,
GPX-1 b,GPX-1,1,Transit,2021,1.744579,0.0338,16.477,6261.22,2300,0,7000,1.56,1.68,F2,655.013,38.36916,56.02571,
GQ Lup b,GQ Lup,1,Imaging,2004,436557.249559,100,33.6,6356,2650,,4360,1.9415,0.7,K7e V,151.169,237.30036,-35.65151,p
GSC 06214-00210 b,GSC 06214-00210,1,Imaging,2010,2203910.415602,320,20.176,5000,2300,,4200,0.9048,0.9,K7,108.5,245.47769,-20.71934,p
GU Psc b,GU Psc,1,Imaging,2014,57305134.687377,2000,14.179,3591.3,1050,,4032,0.4505,0.325,M3,47.5501,18.14648,17.065,p
Gaia-1 b,Gaia-1,1,Transit,2022,3.052524,0.04047,13.776,533.952,1159.1,,5470,0.952,0.949,,363.66,90.64367,-0.57711,
Gaia-2 b,Gaia-2,1,Transit,2022,3.691522,0.0467,14.818,259.666,1213.2,,5720,1.064,1,,209.229,110.73533,67.25266,
Gaia-4 b,Gaia-4,1,Astrometry,2025,571.3,1.16362,12.4,3750.375,,0.338,4034,0.624,0.644,,73.4829,209.50638,31.69549,a
Gaia-5 b,Gaia-5,1,Astrometry,2025,358.62,0.688805,12.1,6633.079,,0.6423,3447,0.345,0.339,,41.1813,302.04082,41.94155,a
Gaia22dkvL b,Gaia22dkvL,1,Microlensing,2024,565.430895,1.4,14.1,187.837,,,,,1.145,,1270,151.769,-66.18089,p
Gl 378 b,Gl 378,1,Radial Velocity,2019,3.822,0.039435,3.66,13.02,830,0.109,3879,0.56,0.56,M1,14.9545,150.58655,48.08245,
Gl 410 b,Gl 410,1,Radial Velocity,2025,6.02,0.0531,2.83,8.4,592.4,,3842,0.543,0.55,K,11.9324,165.66042,21.96692,
Gl 49 b,Gl 49,1,Radial Velocity,2019,13.8508,0.0905,2.24,5.63,436,0.363,3805,0.511,0.515,M1.5 V,9.8528,15.66873,62.34544,
Gl 686 b,Gl 686,1,Radial Velocity,2018,15.53,0.091,2.46,6.624,379,0.05,3656,0.427,0.426,M1.0 V,8.1573,264.47649,18.59595,
Gl 725 A b,Gl 725 A,1,Radial Velocity,2025,11.2201,0.068,1.48,2.78,376.1,0,3433,0.351,0.33,M3,3.5214,280.68343,59.63811,
Gliese 12 b,Gliese 12,1,Transit,2024,12.761418,0.067,0.93,0.95,314.6,0.24,3328,0.265,0.255,M4 V,12.21,3.95791,13.55762,
HAT-P-1 b,HAT-P-1,1,Transit,2006,4.4653,0.05561,14.785,166.861,1322,0,5980,1.174,1.151,G0 V,158.979,344.44536,38.67492,
HAT-P-11 b,HAT-P-11,2,Transit,2010,4.888,0.05258,4.36,25,838,0.251,4653,0.683,0.811,K4,37.7647,297.71018,48.08186,
HAT-P-11 c,HAT-P-11,2,Radial Velocity,2018,3361,4.1,13.2,851.78,91.6,0.652,4653,0.683,0.811,K4,37.7647,297.71018,48.08186,
HAT-P-12 b,HAT-P-12,1,Transit,2009,3.21306,0.0384,10.749,67.059,963,0,4650,0.701,0.733,K4,142.751,209.38865,43.49331,
HAT-P-13 b,HAT-P-13,2,Transit,2009,2.91625,0.04383,14.258,270.462,1740,0.0133,5653,1.756,1.32,G4,246.81,129.88238,47.35191,
HAT-P-13 c,HAT-P-13,2,Radial Velocity,2009,446.27,1.258,12.3,4538.421,340,0.6616,5653,1.756,1.32,G4,246.81,129.88238,47.35191,
HAT-P-14 b,HAT-P-14,1,Transit,2010,4.62767,0.0596,15.917,1093.335,1624,0.11,6600,1.82,2.65,F5 V,222.663,260.11617,38.24217,
HAT-P-15 b,HAT-P-15,1,Transit,2010,10.8635,0.0965,11.882,616.59,904,0.19,5568,1.07,1,G5,192.516,66.24814,39.4606,
HAT-P-16 b,HAT-P-16,1,Transit,2010,2.775967,0.0413,14.684,1341.56,1566,0.0462,6140,1.158,1.218,F8,226.637,9.57303,42.4631,
HAT-P-17 b,HAT-P-17,2,Transit,2012,10.33852,0.0892,11.769,184.341,800,0.35,5246,0.87,0.99,K,92.3831,324.53598,30.48819,
HAT-P-17 c,HAT-P-17,2,Radial Velocity,2012,5584,5.6,13.1,1080.6,99.6,0.39,5337,0.8387,0.92,K,92.3831,324.53598,30.48819,
HAT-P-18 b,HAT-P-18,1,Transit,2010,5.508023,0.0559,11.153,62.61,852,0.084,4803,0.749,0.77,K2,161.4,256.34638,33.01233,
HAT-P-19 b,HAT-P-19,1,Transit,2010,4.008783,0.04599,11.299,88.038,981.2,0.07,4962,0.773,0.807,K1,202.078,9.51658,34.7114,
HAT-P-2 b,HAT-P-2,2,Transit,2007,5.633516,0.06814,10.66,2866.812,1540,0.5172,6380,1.39,1.33,F8,127.774,245.15143,41.04796,
HAT-P-2 c,HAT-P-2,2,Radial Velocity,2023,8500,8.964024,12.4,3400.764,,0.37,6412,1.416,1.33,F8,127.774,245.15143,41.04796,a
HAT-P-20 b,HAT-P-20,1,Transit,2010,2.875317,0.0361,9.718,2302.899,970,0.015,4595,0.694,0.756,K3,71.0374,111.91643,24.33612,
HAT-P-21 b,HAT-P-21,1,Transit,2010,4.12448,0.05037,12.442,1547.832,1367,0.23,5588,1.21,1.24,G3,277.278,171.27493,41.02802,
HAT-P-22 b,HAT-P-22,1,Transit,2010,3.21222,0.0414,12.89,785.04,1463,0.02,5302,1.11,1.13,G5 V,81.7647,155.68146,50.12871,
HAT-P-23 b,HAT-P-23,1,Transit,2010,1.212884,0.0232,15.334,664.237,2056,0.106,5905,1.203,1.13,G0,364.813,306.12391,16.76215,
HAT-P-24 b,HAT-P-24,1,Transit,2010,3.35524,0.04651,14.572,238.373,1637,0.07,6373,1.38,1.37,F8,415.344,108.82512,14.26261,
HAT-P-25 b,HAT-P-25,1,Transit,2012,3.652815,0.0466,12.722,180.845,1182,0.023,5519,0.919,1.012,G5,300.384,48.43547,25.19735,
HAT-P-26 b,HAT-P-26,1,Transit,2010,4.23452,0.04748,7.062,22.248,1080,0.12,5079,0.87,1.12,K1,141.837,213.15655,4.05942,
HAT-P-27 b,HAT-P-27,1,Transit,2011,3.039577,0.04,11.43,197.05,1092,0,5316,0.8647,0.916,G8,199.173,222.76732,5.94736,
HAT-P-28 b,HAT-P-28,1,Transit,2011,3.257215,0.0434,13.585,198.953,1384,0.051,5680,1.103,1.025,G3,401.319,13.00092,34.7284,
HAT-P-29 b,HAT-P-29,1,Transit,2011,5.72319,0.0667,13.115,279.69,1281,0.09,6087,1.3,1.45,F8,313.576,33.13109,51.77878,
HAT-P-3 b,HAT-P-3,1,Transit,2007,2.8997,0.03866,10.536,206.589,1189,0,5185,0.87,1.06,K1,134.554,206.09401,48.02857,
HAT-P-30 b,HAT-P-30,1,Transit,2011,2.8106,0.0419,16.141,263.799,1630,0.04,6304,1.31,1.55,F7,213.985,123.94984,5.83687,
HAT-P-31 b,HAT-P-31,1,Transit,2011,5.00542,0.061,12.218,721.474,1450,0.25,6065,1.39,1.31,,344.05,271.53767,26.42661,
HAT-P-32 b,HAT-P-32,1,Transit,2011,2.150008,0.03397,22.194,216.124,1835.7,0.159,6001,1.367,1.132,,289.205,31.04276,46.68785,
HAT-P-33 b,HAT-P-33,1,Transit,2011,3.47447,0.04995,20.737,292.404,1782,0,6446,1.79,1.82,F4,396.11,113.18424,33.83502,
HAT-P-34 b,HAT-P-34,1,Transit,2011,5.452654,0.06774,13.417,1058.374,1520,0.432,6442,1.53,1.392,,249.325,303.19544,18.10478,
HAT-P-35 b,HAT-P-35,1,Transit,2011,3.646706,0.04978,14.93,335.628,1581,0.02,6096,1.435,1.236,,506.965,123.2507,4.78703,
HAT-P-36 b,HAT-P-36,1,Transit,2011,1.327347,0.0241,14.314,587.413,1781,0.063,5620,1.041,1.03,G5 V,294.419,188.2662,44.91537,
HAT-P-37 b,HAT-P-37,1,Transit,2011,2.797436,0.0379,13.204,371.528,1271,0.058,5500,0.877,0.929,,390.594,284.29604,51.26912,
HAT-P-38 b,HAT-P-38,1,Transit,2012,4.640382,0.0523,9.247,84.857,1082,0.067,5330,0.923,0.886,G5,255.206,35.38349,32.24604,
HAT-P-39 b,HAT-P-39,1,Transit,2012,3.54387,0.0509,17.609,190.372,1752,0,6430,1.625,1.404,,697.004,113.75825,17.83003,
HAT-P-4 b,HAT-P-4,1,Transit,2007,3.056536,0.04438,14.28,213.255,1686,0,5860,1.596,1.248,F,320.451,229.99122,36.22955,
HAT-P-40 b,HAT-P-40,1,Transit,2012,4.45724,0.0608,17.038,152.558,1770,0,6080,1.94,1.03,,464.469,335.51292,45.45734,
HAT-P-41 b,HAT-P-41,1,Transit,2012,2.69405,0.04258,22.978,378.218,1941,0,6390,2.05,2.56,,348.185,297.32265,4.67241,
HAT-P-42 b,HAT-P-42,1,Transit,2012,4.641878,0.0575,14.348,331.801,1428,0,5743,1.53,1.178,,405.238,135.34436,6.09708,
HAT-P-43 b,HAT-P-43,1,Transit,2012,3.332641,0.0444,13.63,210.395,1353,0,5693,1.08,1.03,F9,528.825,128.92569,10.20659,
HAT-P-44 b,HAT-P-44,2,Transit,2014,4.301219,0.0507,13.922,111.871,1108,0.044,5295,0.949,0.942,,347.85,213.14386,47.01478,
HAT-P-44 c,HAT-P-44,2,Radial Velocity,2014,872.2,1.752,13,1271.3,187.9,0.494,5295,0.949,0.942,,347.85,213.14386,47.01478,
HAT-P-45 b,HAT-P-45,1,Transit,2014,3.128992,0.0452,15.984,283.492,1652,0.049,6330,1.319,1.259,,298.64,274.37327,-3.38106,
HAT-P-46 b,HAT-P-46,1,Transit,2014,4.463129,0.0577,14.392,156.684,1458,0.123,6120,1.396,1.284,,290.736,270.44418,-2.97098,
HAT-P-49 b,HAT-P-49,1,Transit,2014,2.69155,0.04378,17.822,699.226,2131,0,6820,2.06,2.22,F3,350.351,305.44133,26.69268,
HAT-P-5 b,HAT-P-5,1,Transit,2007,2.78849,0.04073,13.563,311.473,1517,0,5960,1.12,1.04,G,303.336,274.40553,36.62146,
HAT-P-50 b,HAT-P-50,1,Transit,2015,3.122011,0.0453,14.437,429.07,1862,0.115,6280,1.698,1.273,F5,515.458,118.06344,12.13935,
HAT-P-51 b,HAT-P-51,1,Transit,2015,4.218021,0.05042,13.507,97.573,1168.2,0.07,5453,0.995,0.961,G7,440.089,21.06513,32.8107,
HAT-P-52 b,HAT-P-52,1,Transit,2015,2.753595,0.03694,11.31,259.985,1218,0.047,5131,0.893,0.887,K1,361.155,42.72174,29.02225,
HAT-P-53 b,HAT-P-53,1,Transit,2015,1.961624,0.03159,14.773,471.66,1778,0.134,5956,1.209,1.093,,666.802,21.8711,38.96811,
HAT-P-54 b,HAT-P-54,1,Transit,2015,3.799847,0.04117,10.581,241.551,818,0.074,4390,0.617,0.645,K7,143.651,99.89799,25.4824,
HAT-P-55 b,HAT-P-55,1,Transit,2015,3.585231,0.04628,14.841,189.426,1367,0.17,5804,1.105,1.028,,511.388,264.27351,25.73115,
HAT-P-56 b,HAT-P-56,1,Transit,2015,2.79083,0.0423,16.926,734.187,1840,0.29,6566,1.47,1.42,F8,320.639,100.84801,27.25218,
HAT-P-57 b,HAT-P-57,1,Transit,2015,2.4653,0.0406,19.504,448.14,2200,0,6330,1.85,2.77,A8 V,279.86,274.74342,10.5972,
HAT-P-58 b,HAT-P-58,1,Transit,2021,4.013838,0.04994,14.93,118.232,1622,0.073,6078,1.53,1.031,,515.59,68.84651,56.86827,
HAT-P-59 b,HAT-P-59,1,Transit,2021,4.141977,0.05064,12.588,489.456,1277.8,0.03,5678,1.1038,1.008,,265.471,292.45882,62.52919,
HAT-P-6 b,HAT-P-6,1,Transit,2007,3.85298,0.05239,16.589,419.536,1675,0,6570,1.62,1.79,,275.358,354.77409,42.46599,
HAT-P-60 b,HAT-P-60,1,Transit,2021,4.794781,0.06277,18.282,182.434,1772,0.25,6212,2.197,1.435,,233.22,28.28257,52.05392,
HAT-P-61 b,HAT-P-61,1,Transit,2021,1.902313,0.0301,10.077,335.945,1505,0.113,5587,0.938,1.004,,338.84,75.48017,50.13118,
HAT-P-62 b,HAT-P-62,1,Transit,2021,2.645323,0.03772,12.027,241.867,1512,0.101,5629,1.17,1.023,,348.815,74.50438,48.30086,
HAT-P-63 b,HAT-P-63,1,Transit,2021,3.377728,0.04294,12.543,195.147,1237,0.069,5400,0.9661,0.925,,403.458,269.57207,5.76137,
HAT-P-64 b,HAT-P-64,1,Transit,2021,4.007232,0.05387,19.089,184.34,1766,0.101,6457,1.735,1.298,,651.897,68.9744,2.43127,
HAT-P-65 b,HAT-P-65,1,Transit,2016,2.605448,0.04042,18.058,176.077,1818,0.304,5872,1.666,1.297,G2,738.519,315.90549,11.98937,
HAT-P-66 b,HAT-P-66,1,Transit,2016,2.972086,0.04363,17.822,248.861,1896,0.09,6002,1.881,1.255,G0,935.456,150.57263,53.95082,
HAT-P-67 b,HAT-P-67,1,Transit,2017,4.810107,0.06505,23.987,143.023,1903,0,6640,2.62,1.73,,371.686,256.61073,44.77688,
HAT-P-68 b,HAT-P-68,1,Transit,2020,2.298406,0.02996,12.016,230.109,1027.8,0.041,4508,0.6701,0.6785,K,202.152,118.48315,23.93822,
HAT-P-69 b,HAT-P-69,1,Transit,2019,4.786949,0.06555,18.786,1137.831,1930,0,7394,1.926,1.648,,341.263,130.50564,3.71057,
HAT-P-7 b,HAT-P-7,1,Transit,2008,2.20474,0.03809,16.926,584.807,2733,0,6389,2,1.56,F6 V,341.079,292.24719,47.96954,
HAT-P-70 b,HAT-P-70,1,Transit,2019,2.744325,0.04739,20.961,2154.887,2562,0,8450,1.858,1.89,,330.739,74.55233,9.99798,
HAT-P-8 b,HAT-P-8,1,Transit,2008,3.07634,0.04496,15.693,406.822,1713,0,6200,1.57,1.27,F6,211.553,343.04149,35.44718,
HAT-P-9 b,HAT-P-9,1,Transit,2008,3.922811,0.05287,15.614,238.055,1540,0.084,6350,1.338,1.281,F7,455.203,110.16852,37.14059,
HATS-1 b,HATS-1,1,Transit,2012,3.446459,0.0444,14.594,589.55,1359,0.12,5870,1.038,0.986,,283.971,175.52524,-23.35485,
HATS-10 b,HATS-10,1,Transit,2015,3.312846,0.04491,10.862,167.179,1407,0.501,5880,1.105,1.101,,534.889,294.30684,-22.20449,
HATS-11 b,HATS-11,1,Transit,2016,3.619188,0.0507,18.03,263.799,1596,0.34,6563,1.54,1.33,G0,944.603,289.40076,-22.39001,
HATS-12 b,HATS-12,1,Transit,2016,3.142702,0.0441,7.76,759.614,1446,0.085,6357,1.17,1.16,F,746.138,289.2024,-19.35592,
HATS-13 b,HATS-13,1,Transit,2015,3.04405,0.04057,13.585,172.582,1244,0.181,5523,0.887,0.962,,421.855,316.96148,-26.09672,
HATS-14 b,HATS-14,1,Transit,2015,2.766764,0.03815,11.646,340.396,1276,0.142,5346,0.933,0.967,,513.011,313.21548,-25.68738,
HATS-15 b,HATS-15,1,Transit,2016,1.747488,0.02712,12.386,689.691,1505,0.126,5311,0.922,0.871,G9 V,1139.55,311.092,-19.43753,
HATS-16 b,HATS-16,1,Transit,2016,2.686502,0.03744,14.572,1039.304,1592,0,5738,1.238,0.97,G3 V,757.044,358.55884,-30.01304,
HATS-17 b,HATS-17,1,Transit,2016,16.254611,0.1308,8.709,425.257,814,0.029,5846,1.091,1.131,G V,400.331,192.18957,-47.61368,
HATS-18 b,HATS-18,1,Transit,2016,0.83784,0.0174,14.897,629.144,2069.5,0.166,5600,1.02,1.037,G V,624.368,173.95742,-29.15606,
HATS-2 b,HATS-2,1,Transit,2013,1.354134,0.02317,12.576,435.425,1550,0,5227,0.876,0.904,K,341.925,176.73883,-22.56301,
HATS-22 b,HATS-22,1,Transit,2017,4.722812,0.05025,10.682,870.854,858,0.079,4803,0.689,0.759,K V,229.518,174.00987,-29.54336,
HATS-23 b,HATS-23,1,Transit,2017,2.160516,0.03397,20.849,467.21,1654,0.114,5780,1.199,1.121,G V,639.004,286.36675,-50.06735,
HATS-24 b,HATS-24,1,Transit,2017,1.348498,0.0238,15.637,718.296,2166,0,6125,1.12,1.07,F V,494.182,268.89071,-61.7474,
HATS-25 b,HATS-25,1,Transit,2016,4.298643,0.05163,14.123,194.83,1277,0.176,5715,1.107,0.994,G,471.158,207.90767,-23.78124,
HATS-26 b,HATS-26,1,Transit,2016,3.302388,0.04735,19.616,206.589,1918,0.245,6071,2.04,1.299,F,861.843,144.92686,-28.5856,
HATS-27 b,HATS-27,1,Transit,2016,4.637038,0.0611,16.814,168.45,1659,0.581,6438,1.74,1.415,F,816.988,193.55246,-46.58772,
HATS-28 b,HATS-28,1,Transit,2016,3.181078,0.04131,13.384,213.582,1253,0.202,5498,0.922,0.929,G,535.383,284.39976,-49.13851,
HATS-29 b,HATS-29,1,Transit,2016,4.605875,0.05475,14.022,207.543,1212,0.158,5670,1.073,1.032,G,353.891,285.09652,-54.89334,
HATS-3 b,HATS-3,1,Transit,2013,3.547851,0.0485,15.48,340.382,1648,0,6351,1.404,1.209,F,411.211,312.45749,-24.42869,
HATS-30 b,HATS-30,1,Transit,2016,3.174352,0.04354,13.171,224.388,1414,0.096,5943,1.061,1.093,G,342.14,5.61852,-59.94259,
HATS-31 b,HATS-31,1,Transit,2016,3.37796,0.0478,18.383,279.69,1823,0.233,6050,1.87,1.275,,773.974,191.70282,-24.42739,
HATS-32 b,HATS-32,1,Transit,2016,2.812655,0.04024,14,292.404,1437,0.471,5700,1.097,1.099,,745.116,346.07509,-21.27202,
HATS-33 b,HATS-33,1,Transit,2016,2.549555,0.03727,13.787,378.853,1429,0.08,5659,1.022,1.062,,248.46,294.63369,-55.33027,
HATS-34 b,HATS-34,1,Transit,2016,2.106161,0.03166,16.029,299.078,1445,0.108,5380,0.98,0.955,,508.842,0.77449,-62.46932,
HATS-35 b,HATS-35,1,Transit,2016,1.820999,0.03199,16.41,388.388,2037,0.306,6300,1.433,1.317,,514.555,296.68844,-63.56565,
HATS-36 b,HATS-36,1,Transit,2018,4.175186,0.0523,12.92,1022.141,1203,0.105,5950,1.1,1.1,G0 V,856.436,291.4787,-23.20282,
HATS-37 A b,HATS-37 A,1,Transit,2020,4.331537,0.04913,6.793,31.465,1085,0,5326,0.877,0.843,,211.896,199.80183,-22.98684,
HATS-38 b,HATS-38,1,Transit,2020,4.375021,0.05036,6.882,23.519,1294,0,5732,1.105,0.89,,343.525,154.27106,-25.2763,
HATS-39 b,HATS-39,1,Transit,2018,4.577635,0.06007,17.598,200.233,1645,0.275,6572,1.621,1.379,,878.521,112.41923,-29.93792,
HATS-4 b,HATS-4,1,Transit,2014,2.516729,0.0362,11.433,420.471,1315,0.013,5403,0.925,1.001,G,416.459,94.11209,-22.54688,
HATS-40 b,HATS-40,1,Transit,2018,3.264274,0.04997,17.71,505.35,2101,0.312,6460,2.26,1.561,,1342.29,100.57125,-29.77678,
HATS-41 b,HATS-41,1,Transit,2018,4.193649,0.0583,14.908,3082.951,1710,0.38,6424,1.71,1.496,,737.668,103.51736,-27.05042,
HATS-42 b,HATS-42,1,Transit,2018,2.292102,0.03689,15.693,597.52,1856,0.229,6060,1.48,1.273,,800.377,108.4524,-33.43735,
HATS-43 b,HATS-43,1,Transit,2018,4.38885,0.04944,13.227,82.954,1003,0.173,5099,0.812,0.837,,362.273,80.53824,-30.97082,
HATS-44 b,HATS-44,1,Transit,2018,2.7439,0.03649,11.96,177.985,1161,0.279,5080,0.847,0.86,,446.035,84.32676,-27.97258,
HATS-45 b,HATS-45,1,Transit,2018,4.187624,0.05511,14.415,222.481,1518,0.24,6450,1.315,1.272,,772.11,101.99425,-21.91071,
HATS-46 b,HATS-46,1,Transit,2018,4.742373,0.05367,10.122,54.985,1054,0.559,5495,0.853,0.917,,453.808,6.70264,-56.3161,
HATS-47 b,HATS-47,1,Transit,2020,3.922804,0.04269,12.52,117.279,852.9,0.088,4512,0.6564,0.674,,300.67,287.4844,-49.66494,
HATS-48 A b,HATS-48 A,1,Transit,2020,3.131667,0.03769,8.967,77.233,954.6,0.162,4546,0.7152,0.7279,,263.609,288.672,-59.57935,
HATS-49 b,HATS-49,1,Transit,2020,4.148047,0.04515,8.575,112.194,834.8,0.071,4405,0.6977,0.7133,,324.413,6.61359,-56.34428,
HATS-5 b,HATS-5,1,Transit,2014,4.763387,0.0542,10.223,75.323,1025,0.019,5304,0.871,0.936,G,246.384,67.22285,-21.48206,
HATS-50 b,HATS-50,1,Transit,2017,3.829702,0.05046,12.666,123.954,1275.4,0.516,5990,1.117,1.168,,756.742,300.42808,-26.07756,
HATS-51 b,HATS-51,1,Transit,2017,3.34887,0.04639,15.805,244.093,1553,0.33,5758,1.44,1.187,,389.57,102.84742,-29.05866,
HATS-52 b,HATS-52,1,Transit,2017,1.366654,0.02498,15.491,711.939,1834,0.246,6010,1.046,1.111,,555.134,140.08759,-31.26921,
HATS-53 b,HATS-53,1,Transit,2017,3.853777,0.04753,15.02,189.109,1312,0.33,5644,1.101,0.964,,585.77,176.62832,-33.86008,
HATS-54 b,HATS-54,1,Transit,2019,2.544176,0.037,11.377,239.325,1429,0,5621,1.23,1.05,G6 V,748.585,200.63486,-44.68884,
HATS-55 b,HATS-55,1,Transit,2019,4.2042,0.05412,14.022,292.721,1367,0.092,6214,1.126,1.1955,,609.838,114.28338,-32.75542,
HATS-56 b,HATS-56,1,Transit,2019,4.324799,0.06043,18.921,191.334,1902,0.019,6536,2.201,1.573,,564.409,180.16507,-45.79946,
HATS-57 b,HATS-57,1,Transit,2019,2.350621,0.03493,12.767,1000.211,1413.4,0.028,5587,0.96,1.026,,279.485,60.94828,-19.05682,
HATS-58 A b,HATS-58 A,1,Transit,2019,4.21809,0.05798,12.274,327.365,1721,0.168,7175,1.433,1.461,,403.591,186.7873,-48.97841,
HATS-59 b,HATS-59,2,Transit,2018,5.416081,0.06112,12.621,256.171,1128,0.129,5670,1.036,1.038,,642.884,170.32432,-22.38818,
HATS-59 c,HATS-59,2,Radial Velocity,2018,1422,2.504,12.3,4036.441,175.9,0.083,5670,1.036,1.038,,642.884,170.32432,-22.38818,
HATS-6 b,HATS-6,1,Transit,2015,3.325273,0.03623,11.187,101.388,712.8,0,3724,0.57,0.574,M1 V,169.318,88.14681,-19.03163,
HATS-60 b,HATS-60,1,Transit,2018,3.560829,0.04708,12.924,210.403,1528,0.191,5688,1.46,1.097,,486.474,341.36403,-14.99177,
HATS-61 b,HATS-61,1,Transit,2018,7.817953,0.07908,13.395,1080.622,1226.1,0.092,5542,1.664,1.076,,679.761,61.6578,-25.34967,
HATS-62 b,HATS-62,1,Transit,2018,3.276884,0.04163,11.825,56.892,1237,0.298,5416,0.933,0.896,,523.067,312.44931,-24.30351,
HATS-63 b,HATS-63,1,Transit,2018,3.056653,0.04026,13.529,305.117,1398.3,0.136,5627,1.07,0.931,,623.232,67.41858,-28.19721,
HATS-64 b,HATS-64,1,Transit,2018,4.908897,0.06562,18.82,305.117,1793,0.151,6554,2.113,1.564,,1080.15,144.28761,-29.80044,
HATS-65 b,HATS-65,1,Transit,2018,3.105161,0.04497,16.825,260.938,1634,0.062,6277,1.31,1.257,,493.32,292.93978,-26.7402,
HATS-66 b,HATS-66,1,Transit,2018,3.141439,0.04714,15.816,1694.034,1998,0.064,6626,1.841,1.411,,1477.98,101.3948,-33.88169,
HATS-67 b,HATS-67,1,Transit,2018,1.609179,0.03032,18.887,460.853,2193,0.057,6594,1.441,1.435,,960.109,180.20879,-46.13642,
HATS-68 b,HATS-68,1,Transit,2018,3.58622,0.05071,13.809,410.001,1741,0.036,6147,1.748,1.351,,603.955,15.00608,-58.90472,
HATS-69 b,HATS-69,1,Transit,2018,2.225258,0.03211,10.593,183.388,1295.7,0.519,5137,0.8785,0.892,,414.537,289.29743,-60.89176,
HATS-7 b,HATS-7,1,Transit,2015,3.185315,0.04012,6.311,38.14,1084,0.17,4985,0.815,0.849,K2,240.707,208.85675,-21.20786,
HATS-70 b,HATS-70,1,Transit,2019,1.888238,0.03632,15.513,4100.007,2730,0.18,7930,1.881,1.78,,1458.83,109.10452,-31.24439,
HATS-71 b,HATS-71,1,Transit,2020,3.79552,0.03745,11.478,117.597,586.8,0,3405,0.4783,0.4861,M3 V,140.225,15.55189,-61.75613,
HATS-72 b,HATS-72,1,Transit,2020,7.327947,0.066517,8.097,39.856,739.3,0.013,4656,0.7214,0.7311,,127.589,339.02584,-17.0003,
HATS-74 A b,HATS-74 A,1,Transit,2021,1.731856,0.02384,11.568,464.029,895.1,0.044,3777,0.5758,0.601,,299.389,171.01479,-19.55696,
HATS-75 b,HATS-75,1,Transit,2021,2.788656,0.032742,9.909,156.054,772.3,0.064,3790,0.5848,0.6017,,194.964,60.94939,-25.40892,
HATS-76 b,HATS-76,1,Transit,2021,1.941642,0.02658,12.094,835.571,939.8,0.062,4016,0.6259,0.662,,385.689,70.33977,-32.32042,
HATS-77 b,HATS-77,1,Transit,2021,3.087626,0.03607,13.058,436.696,828.3,0.045,4071,0.6428,0.655,,436.176,149.82367,-27.39282,
HATS-8 b,HATS-8,1,Transit,2015,3.583893,0.04667,9.785,43.861,1324,0.376,5679,1.086,1.056,,794.637,294.94169,-25.74837,
HATS-9 b,HATS-9,1,Transit,2015,1.915291,0.0312,13.85,266.024,1746,0.075,5599,1.56,1.1,,638.7,290.81017,-20.16638,
HD 100508 b,HD 100508,1,Radial Velocity,2026,5681,6.11,13.7,381.394,106.7,0.42,5419,1.0179,0.94,K1 IV,32.7548,173.30141,-67.05464,
HD 100546 b,HD 100546,1,Imaging,2014,90970.044709,53,77.342,2701.541,94.7,,10500,1.8529,2.4,B9 Vne,109.677,173.35551,-70.19479,p
HD 100655 b,HD 100655,1,Radial Velocity,2011,157.57001,0.68,13.5,511.706,907.1,0.09,4891,10.06,2.28,G9 III,137.178,173.76536,20.44154,
HD 100777 b,HD 100777,1,Radial Velocity,2007,383,1.06,13.7,390.929,264.3,0.38,5533,1.04,1.08,G8 V,49.5336,173.96463,-4.75554,
HD 10180 c,HD 10180,6,Radial Velocity,2010,5.75969,0.06412,,2741.588,1185.4,0.073,5911,1.109,1.06,G1 V,38.9607,24.47311,-60.51149,
HD 10180 d,HD 10180,6,Radial Velocity,2010,16.357,0.12859,,3295.881,837.1,0.131,5911,1.109,1.06,G1 V,38.9607,24.47311,-60.51149,
HD 10180 e,HD 10180,6,Radial Velocity,2010,49.748,0.2699,5.39,25.1,577.8,0.051,5911,1.109,1.06,G1 V,38.9607,24.47311,-60.51149,
HD 10180 f,HD 10180,6,Radial Velocity,2010,122.744,0.4929,5.24,23.9,427.5,0.119,5911,1.109,1.06,G1 V,38.9607,24.47311,-60.51149,
HD 10180 g,HD 10180,6,Radial Velocity,2010,604.67,1.427,,3375.338,251.3,0.263,5911,1.109,1.06,G1 V,38.9607,24.47311,-60.51149,
HD 10180 h,HD 10180,6,Radial Velocity,2010,2205,3.381,9.4,64.4,163.2,0.095,5911,1.109,1.06,G1 V,38.9607,24.47311,-60.51149,
HD 101930 b,HD 101930,1,Radial Velocity,2005,70.46,0.3,10.6,79.457,417,0.11,5108,0.86,0.57,K1 V,30.0274,175.87561,-58.00538,
HD 102117 b,HD 102117,1,Radial Velocity,2005,20.8133,0.15,8.47,54.031,780.9,0.12,5655,1.23,1.06,G6 V,39.5792,176.20973,-58.70401,
HD 102195 b,HD 102195,1,Radial Velocity,2006,4.11377,0.05,14.2,130.31,1035.2,0,5301,0.82,0.76,K0 V,29.3386,176.42541,2.82099,
HD 102272 b,HD 102272,1,Radial Velocity,2008,127.58,0.51,12.9,1570.08,1038,0.05,4790,10.3,1.45,K0,347.097,176.59803,14.12402,
HD 102329 b,HD 102329,2,Radial Velocity,2011,778.09998,1.81,12.6,2593.493,533,0.21,4745,9.82,3.21,K0 III,217.107,176.69416,3.47421,
HD 102329 c,HD 102329,2,Radial Velocity,2016,1123,2.307672,13.5,483.102,,0.209,4830,6.3,1.3,K0 III,217.107,176.69416,3.47421,a
HD 102843 b,HD 102843,1,Radial Velocity,2019,3090.942,4.074,13.1,113.9,127.3,0.11,5436,0.9615,0.95,K0 V,62.758,177.58547,-1.2523,
HD 102888 b,HD 102888,1,Radial Velocity,2025,252.06,1.05,12.8,1808.444,688.6,0.11,4990,8.6,2.42,G8 III,126.484,177.65453,-27.27791,
HD 102956 b,HD 102956,1,Radial Velocity,2010,6.4947,0.0807,13.8,305.117,1805,0.037,4985,4.55,1.66,G5,121.89,177.8437,57.64066,
HD 103197 b,HD 103197,1,Radial Velocity,2011,47.84,0.25,5.83,28.605,475,0,5250,0.88,0.8,K1 V(P),57.1463,178.2202,-50.29279,
HD 103720 b,HD 103720,1,Radial Velocity,2014,4.5557,0.0498,14.1,197.046,926.2,0.086,5017,0.73,0.794,K3 V,45.5352,179.17133,-2.77914,
HD 103774 b,HD 103774,1,Radial Velocity,2013,5.8881,0.07,13.3,116,1487.1,0.09,6489,1.581,1.335,F5 V,56.4089,179.23107,-12.108,
HD 103891 b,HD 103891,1,Radial Velocity,2022,1919,3.27,13.2,918.524,241.2,0.31,6072,2.22,1.28,F9,55.5213,179.43829,-8.54862,
HD 103949 b,HD 103949,1,Radial Velocity,2019,120.878,0.439,3.35,11.2,302.6,0.19,4792,0.7531,0.77,K3 V,26.4997,179.54796,-23.92412,
HD 104067 c,HD 104067,2,Radial Velocity,2024,13.8992,0.1058,3.69,13.2,648.4,0.29,4952,0.78,0.82,K2V,20.3632,179.79235,-20.35561,
HD 104067 b,HD 104067,2,Radial Velocity,2011,55.851,0.2674,9.2,62.1,407.8,0.123,4952,0.78,0.82,K2V,20.3632,179.79235,-20.35561,
HD 10442 b,HD 10442,1,Radial Velocity,2014,1032.3,2.01,13.6,472.613,234.5,0.132,4912,1.97,1.01,K0 IV,135.374,25.47152,2.70442,
HD 104985 b,HD 104985,1,Radial Velocity,2003,199.68,0.715,12.8,1766.808,901,0.047,4738,11.12,1.22,G9 III,100.576,181.31579,76.90534,
HD 105618 b,HD 105618,2,Radial Velocity,2022,10.02245,0.091,5.44,25.426,1023.2,0.455,5671,1.274,1.01,,70.0837,182.40213,11.21157,
HD 105618 c,HD 105618,2,Radial Velocity,2022,77114.07158,35.731,11.9,8419.592,51.6,0.126,5671,1.274,1.01,,70.0837,182.40213,11.21157,
HD 105779 b,HD 105779,1,Radial Velocity,2022,2412,3.38,14.1,203.41,147.3,0,5792,0.94,0.89,G2,55.2411,182.66121,-16.95649,
HD 106252 b,HD 106252,1,Radial Velocity,2002,1535,2.655,12.5,3178.284,178.1,0.48,5874,1.05,1.05,G0,38.185,183.37306,10.04043,
HD 106270 b,HD 106270,1,Radial Velocity,2011,1888,3.34,12.4,3623.244,237.1,0.185,5509,2.66,1.39,G5 IV,93.808,183.40493,-9.51356,
HD 106315 b,HD 106315,2,Transit,2017,9.55237,0.0907,2.44,12.6,1153,0.093,6327,1.296,1.091,F5 V,109.353,183.47247,-0.39344,
HD 106315 c,HD 106315,2,Transit,2017,21.05704,0.1536,4.35,15.2,886,0.22,6327,1.296,1.091,F5 V,109.353,183.47247,-0.39344,
HD 10647 b,HD 10647,1,Radial Velocity,2006,989.2,2.015,13.8,298.75,221.5,0.15,6218,1.1,1.11,F9 V,17.3357,25.62335,-53.74129,
HD 106515 A b,HD 106515 A,1,Radial Velocity,2012,3626,4.48,12.1,6006.957,116.5,0.571,5362,0.91,0.89,G5 V,34.0915,183.77627,-7.25754,
HD 106906 b,HD 106906,1,Imaging,2013,4942135.290983,650,12.4,3496,1800,,6516,2.1235,1.5,F5 V,103.029,184.47133,-55.97558,p
HD 10697 b,HD 10697,1,Radial Velocity,1999,1075.3799,2.051,12.8,1825.289,259.2,0.104,5641,1.8631,0.99,G3 V,33.1205,26.23241,20.0827,
HD 107148 c,HD 107148,2,Radial Velocity,2021,18.3267,0.1407,4.7,19.896,799.7,0.34,5753,1.1692,1.1052,G5 V,49.4156,184.80598,-3.31999,
HD 107148 b,HD 107148,2,Radial Velocity,2005,48.056,0.269,9.6,66.741,582.8,0.05,5797,1.1692,1.12,G5 V,49.4156,184.80598,-3.31999,
HD 108147 b,HD 108147,1,Radial Velocity,2002,10.8985,0.102,10.9,82.95,890,0.53,6256,1.2066,1.22,F8 V CH+0.4,38.92,186.44099,-64.02235,
HD 108202 b,HD 108202,1,Radial Velocity,2023,2990,3.7,13.1,953.485,93,0.52,4556,0.6635,0.74,K4/5 V,38.6846,186.46132,-1.11092,
HD 108236 b,HD 108236,5,Transit,2020,3.795963,0.04527,1.615,3.24,1099,0.045,5660,0.877,0.869,G3 V,64.5978,186.57406,-51.36305,
HD 108236 c,HD 108236,5,Transit,2020,6.203449,0.062,2.071,4.94,932,0.034,5660,0.877,0.869,G3 V,64.5978,186.57406,-51.36305,
TOI-1233.01,HD 108236,5,Transit,2021,14.175685,0.1074,2.539,6.98,708,0.055,5660,0.877,0.869,G3 V,64.5978,186.57406,-51.36305,
HD 108236 e,HD 108236,5,Transit,2020,19.590025,0.1367,3.083,9.71,636,0.058,5660,0.877,0.869,G3 V,64.5978,186.57406,-51.36305,
HD 108236 f,HD 108236,5,Transit,2021,29.54115,0.1758,2.017,4.72,609.6,0.051,5660,0.877,0.869,G3 V,64.5978,186.57406,-51.36305,
HD 108341 b,HD 108341,1,Radial Velocity,2014,1129,2,13.3,715.114,155.2,0.85,5122,0.79,0.843,K2 V,48.9102,186.87917,-71.42249,
HD 108863 b,HD 108863,1,Radial Velocity,2011,437.7,1.32,13.3,767.242,490.5,0.032,4878,5.74,1.59,K0,164.742,187.58261,21.9481,
HD 108874 b,HD 108874,2,Radial Velocity,2002,394.48123,1.04,13.6,451.319,271.3,0.13,5600,1.05,1.1,G5,59.5175,187.6126,22.87944,
HD 108874 c,HD 108874,2,Radial Velocity,2005,1624,2.659,13.8,314.64,168.2,0.239,5551,1.05,0.95,G5,59.5175,187.6126,22.87944,
HD 109246 b,HD 109246,1,Radial Velocity,2010,68.27,0.33,13.9,273.334,507.4,0.12,5844,1.07,1.2,G0 V,67.8349,188.02718,74.48934,
HD 109271 b,HD 109271,2,Radial Velocity,2013,7.8543,0.079,4.31,17.162,1128.9,0.25,5783,1.2946,1.047,G5 V,55.8716,188.3974,-11.62152,
HD 109271 c,HD 109271,2,Radial Velocity,2013,30.93,0.196,5.27,24.154,716.7,0.15,5783,1.2946,1.047,G5 V,55.8716,188.3974,-11.62152,
HD 109286 b,HD 109286,1,Radial Velocity,2021,520.1,1.259,13.2,950.307,259.4,0.338,5694,1.089,0.98,G4 V,55.4156,188.39584,7.28091,
HD 109749 b,HD 109749,1,Radial Velocity,2005,5.239891,0.0615,11.1,85.814,1250.8,0,5824,1.22,1.13,G3 V,63.0821,189.31735,-40.81215,
HD 10975 b,HD 10975,1,Radial Velocity,2021,283.8,0.95,14.3,143.023,799.9,0.442,4840,11.16,1.41,K0 III,116.506,27.1628,37.95275,
HD 109833 b,HD 109833,2,Transit,2022,9.188526,0.088087,2.888,8.69,786,0.18,5881,1,1.08,,79.5561,189.77586,-74.57402,a
HD 109833 c,HD 109833,2,Transit,2022,13.900148,0.116081,2.59,7.22,756.7,0.3,5881,1,1.08,,79.5561,189.77586,-74.57402,a
HD 109988 b,HD 109988,1,Radial Velocity,2022,17132.15854,12.518,12.1,6935.334,65.9,0.056,5186,0.8697,0.88,,42.5279,189.81547,-32.72636,
HD 110014 b,HD 110014,1,Radial Velocity,2009,835.477,2.14,12.4,3524.59,669.8,0.462,4445,20.9,2.17,K2 III,100.758,189.81119,-7.99567,
HD 110067 b,HD 110067,6,Transit,2023,9.113678,0.0793,2.2,5.69,800,,5266,0.788,0.798,K0.0 V,32.1585,189.83922,20.02734,
HD 110067 c,HD 110067,6,Transit,2023,13.673694,0.1039,2.388,6.3,699,,5266,0.788,0.798,K0.0 V,32.1585,189.83922,20.02734,
HD 110067 d,HD 110067,6,Transit,2023,20.519617,0.1362,2.852,8.52,602,,5266,0.788,0.798,K0.0 V,32.1585,189.83922,20.02734,
HD 110067 e,HD 110067,6,Transit,2023,30.793091,0.1785,1.94,3.9,533,,5266,0.788,0.798,K0.0 V,32.1585,189.83922,20.02734,
HD 110067 f,HD 110067,6,Transit,2023,41.05854,0.2163,2.601,5.04,489,,5266,0.788,0.798,K0.0 V,32.1585,189.83922,20.02734,
HD 110067 g,HD 110067,6,Transit,2023,54.76992,0.2621,2.607,8.4,440,,5266,0.788,0.798,K0.0 V,32.1585,189.83922,20.02734,
HD 110082 b,HD 110082,1,Transit,2021,10.18271,0.113,3.2,10.3,957.2,0.2,6200,1.19,1.21,F8 V,105.096,192.58929,-88.12111,
HD 110113 b,HD 110113,2,Transit,2021,2.541,0.035,2.05,4.55,1371,0.093,5732,0.968,0.997,G,106.307,190.03656,-44.31208,
HD 110113 c,HD 110113,2,Radial Velocity,2021,6.744,0.068,2.114,10.5,990,0.045,5732,0.968,0.997,G,106.307,190.03656,-44.31208,
HD 110537 b,HD 110537,1,Radial Velocity,2022,24469.67342,16.714,11.9,8612.832,72.8,0.401,5718,1.1663,1.02,G6/8 V,45.0858,190.74624,-4.05011,
HD 11112 b,HD 11112,1,Radial Velocity,2022,17244.90764,13.38,12.6,2598.565,94.5,0.285,5906,1.4737,1.07,,44.3804,27.08814,-41.49441,
HD 111232 b,HD 111232,2,Radial Velocity,2003,1169.13202,2.148,12.6,2531.503,172.1,0.214,5512,0.9,0.96,G8 V,28.9571,192.21596,-68.42467,
HD 111232 c,HD 111232,2,Radial Velocity,2022,26472.44623,17.25,12.2,5740.935,60.7,0.558,5512,0.9,0.96,G8 V,28.9571,192.21596,-68.42467,
HD 111591 b,HD 111591,1,Radial Velocity,2017,1056.4,2.5,12.9,1398.452,422.1,0.26,4884,8.03,1.94,K0 III,114.166,192.57255,22.86313,
HD 111998 b,HD 111998,1,Radial Velocity,2016,810,1.91,12.9,1525.576,275.5,0.13,6557,1.45,1.4,F6 V,33.2237,193.29535,-3.55311,
HD 112300 b,HD 112300,1,Radial Velocity,2023,466.63,1.33,12.2,5031.224,1240.3,0.36,3657,65.8,1.4,M1 III,62.0732,193.89884,3.39724,
HD 112570 b,HD 112570,1,Radial Velocity,2023,2615,3.9,13.1,1086.973,364,0.2,4750,9.85,1.15,K0 III,101.166,194.28243,46.17656,
HD 112640 b,HD 112640,1,Radial Velocity,2020,613.2,1.7,12.9,1589.15,959.6,0.24,4155,39,1.8,K0 III,323.335,194.24152,67.24291,
HD 113337 b,HD 113337,2,Radial Velocity,2013,317.58639,1.022,13.1,1035.803,395.7,0.28,6774,1.5,1.41,F6 V,36.18,195.44385,63.61033,
HD 113337 c,HD 113337,2,Radial Velocity,2020,5429.93477,6.805,12.1,6299.677,153.4,0.164,6774,1.5,1.41,F6 V,36.18,195.44385,63.61033,
HD 113538 b,HD 113538,2,Radial Velocity,2010,663.2,1.24,13.2,114.41,140.7,0.14,4462,0.53,0.585,K9 V,16.2817,196.23393,-52.44635,
HD 113538 c,HD 113538,2,Radial Velocity,2010,1818,2.44,13.8,295.57,100.3,0.2,4462,0.53,0.585,K9 V,16.2817,196.23393,-52.44635,
HD 113996 b,HD 113996,1,Radial Velocity,2017,610.2,1.6,12.7,2002.329,798.7,0.28,4181,25.11,1.49,K5 III,116.334,196.79487,27.62444,
HD 114082 b,HD 114082,1,Radial Velocity,2022,109.75,0.5109,11.209,2542.627,547.7,0.395,6651,1.49,1.47,F3 V,95.3906,197.31712,-60.30843,
HD 114386 c,HD 114386,2,Radial Velocity,2026,444,1.05,13.4,117.597,200.8,0.1,4895,0.76,0.8,K3 VC,27.9243,197.66521,-35.05618,
HD 114386 b,HD 114386,2,Radial Velocity,2003,937.70001,1.73,13.6,464.029,154.6,0.23,4836,0.76,0.6,K3 VC,27.9243,197.66521,-35.05618,
HD 114729 b,HD 114729,1,Radial Velocity,2002,1121.79,2.067,13.9,262.21,237.9,0.079,5844,1.473,0.936,G0 V,37.8063,198.1834,-31.87468,
HD 114783 b,HD 114783,2,Radial Velocity,2001,493.7,1.16,13.7,349.6,210.8,0.144,5135,0.8406,0.853,K0,21.0628,198.18184,-2.26499,
HD 114783 c,HD 114783,2,Radial Velocity,2016,4352,5,13.4,603.874,101.5,0.05,5135,0.8406,0.9,K1 V,21.0628,198.18184,-2.26499,
HD 11505 b,HD 11505,1,Radial Velocity,2022,32669.22247,20.247,12.6,2510.527,67.5,0.144,5757,1.1957,1.03,,38.9679,28.27503,-1.32844,
HD 11506 c,HD 11506,3,Radial Velocity,2008,223.92,0.771,14,127.131,374.4,0.228,6123,1.24,1.22,G0 V,51.261,28.21066,-19.5074,
HD 11506 b,HD 11506,3,Radial Velocity,2007,1617.7,2.885,12.9,1551.003,193.6,0.379,6123,1.24,1.22,G0 V,51.261,28.21066,-19.5074,
HD 11506 d,HD 11506,3,Radial Velocity,2022,26500,18.2,12.3,4068.204,77.1,0.29,6123,1.24,1.22,G0 V,51.261,28.21066,-19.5074,
HD 115404 A b,HD 115404 A,2,Radial Velocity,2022,10.49488,0.088,6.09,30.829,695.6,0.232,5019,0.727,0.83,K2V,10.9816,199.21558,17.01604,
HD 115404 A c,HD 115404 A,2,Radial Velocity,2022,15319.22517,11.364,12.5,3279.671,61.2,0.211,5019,0.727,0.83,K2V,10.9816,199.21558,17.01604,
HD 115954 b,HD 115954,1,Radial Velocity,2021,3700,5,12.6,2685.65,144.9,0.487,5957,1.213,1.18,G0 V,87.6437,199.98537,38.36914,
HD 116029 b,HD 116029,2,Radial Velocity,2011,670,1.65,13.6,444.962,400,0,4819,4.89,0.83,K0,123.245,200.16469,24.64847,
HD 116029 c,HD 116029,2,Radial Velocity,2016,907,2.016641,13.7,403.644,,0.038,4951,4.6,1.33,K0,123.245,200.16469,24.64847,a
HD 117207 b,HD 117207,1,Radial Velocity,2004,2621.75,3.787,13.4,669.347,147.2,0.157,5732,1.074,1.053,G7 IV-V,32.3547,202.33688,-35.5713,
HD 11755 b,HD 11755,1,Radial Velocity,2015,433.70001,1.09,12.8,1789.383,903.5,0.19,4312,20.58,0.72,G5,235.045,29.70784,73.15214,
HD 117618 b,HD 117618,1,Radial Velocity,2004,25.8,0.18,8.59,55.302,745.8,0.15,5990,1.2,1.077,G2 V,37.7781,203.10664,-47.2719,
HD 118203 b,HD 118203,2,Radial Velocity,2005,6.134978,0.0713,12.778,680.153,1361,0.3136,5742,2.04,1.27,K0 IV,92.2589,203.50996,53.72819,
HD 118203 c,HD 118203,2,Radial Velocity,2024,5103,6.28,12.4,3747.197,146,0.26,5742,2.04,1.27,K0 IV,92.2589,203.50996,53.72819,
HD 11964 c,HD 11964,2,Radial Velocity,2008,37.91,0.229,5.38,25,757.5,0.3,5303,2.0097,0.91,G9 V CN+1,33.5369,29.28843,-10.24347,
HD 11964 b,HD 11964,2,Radial Velocity,2005,1945,3.16,14.1,198,203.9,0.041,5303,2.0097,0.91,G9 V CN+1,33.5369,29.28843,-10.24347,
HD 11977 b,HD 11977,1,Radial Velocity,2005,711,1.93,12.7,2080,548,0.4,4970,10.09,1.91,G8 III/IV,67.9331,28.73474,-67.64699,
HD 120084 b,HD 120084,1,Radial Velocity,2013,2142,4.21,12.7,2034.102,369.2,0.483,4879,10.37,2.16,G7 III,103.044,205.66199,78.06464,
HD 121504 b,HD 121504,1,Radial Velocity,2003,63.33,0.33,13.6,479.923,523.3,0.03,6027,1.07,1.62,G2 V,41.6592,209.31991,-56.04041,
HD 12235 b,HD 12235,2,Radial Velocity,2022,4.36305,0.054,3.23,10.488,1667.4,0.376,5986,1.8018,1.1,,31.7627,30.03916,3.09591,
HD 12235 c,HD 12235,2,Radial Velocity,2022,36336.70679,22.21,12.5,3135.695,82.2,0.174,5986,1.8018,1.1,,31.7627,30.03916,3.09591,
HD 122562 c,HD 122562,1,Radial Velocity,2022,84.96276,0.406,10.1,73.101,552,0.228,4956,2.1663,1.241,,53.2528,210.58869,20.88103,
HD 124330 b,HD 124330,1,Radial Velocity,2021,270.66,0.86,14,238.371,348.8,0.34,5873,1.3045,1.15,G4 IV,60.1977,212.82071,54.40897,
HD 12484 b,HD 12484,1,Radial Velocity,2016,58.83,0.297,13.2,947.133,524.3,0.07,5920,1.0018,1.01,F8,48.3367,30.61153,2.81581,
HD 125136 b,HD 125136,1,Radial Velocity,2026,849.77,2.031973,13.3,718.292,,0.05,4959,5.39,1.55,,121.257,215.37034,-72.31753,a
HD 125271 b,HD 125271,1,Radial Velocity,2022,14901.99295,10.817,12.4,3465.601,59.8,0.165,4704,0.7514,0.75,,39.3466,216.6474,-81.45428,
HD 125390 b,HD 125390,1,Radial Velocity,2019,1757.39151,3.496,11.9,8646.204,320.3,0.597,4882,6.47,1.82,G7 III,153.647,214.53875,38.96691,
HD 125595 b,HD 125595,1,Radial Velocity,2011,9.6737,0.08,,3531.074,688,0,4691,0.74,0.29,K4 V,28.1989,215.34343,-40.39424,
HD 125612 c,HD 125612,3,Radial Velocity,2009,4.15466,0.051,4.07,15.574,1303.1,0.149,5900,1.07,1.05,G3 V,57.6207,215.22272,-17.48181,
HD 125612 b,HD 125612,3,Radial Velocity,2007,557.69994,1.349,13.2,945.222,253.4,0.446,5900,1.07,1.05,G3 V,57.6207,215.22272,-17.48181,
HD 125612 d,HD 125612,3,Radial Velocity,2009,2822.72698,3.982,12.7,2281.372,147.5,0.115,5900,1.07,1.05,G3 V,57.6207,215.22272,-17.48181,
HD 126105 b,HD 126105,1,Radial Velocity,2026,524,1.36,13.5,530.773,413.6,0.103,4875,4.21,1.2,K1 III,82.8811,216.00168,-19.8011,
HD 12648 b,HD 12648,1,Radial Velocity,2015,133.60001,0.54,13.4,622.947,1053.2,0.04,4835,11.02,0.67,G5,182.192,34.74807,85.73653,
HD 126525 b,HD 126525,1,Radial Velocity,2018,960.41,1.837,10.3,75.326,198.5,0.035,5638,0.979,0.897,G4 V,37.6506,216.88525,-51.93291,
HD 12661 b,HD 12661,2,Radial Velocity,2000,262.70862,0.84,13.3,772.327,325.4,0.38,5645,1.2,1.2,K0,37.8478,31.14235,25.41356,
HD 12661 c,HD 12661,2,Radial Velocity,2002,1708,2.8145,13.2,899.454,174.1,0.031,5748,1.11,1.02,K0,37.8478,31.14235,25.41356,
HD 126614 b,HD 126614,1,Radial Velocity,2009,1257.25303,2.249,12.7,107.744,209.5,0.548,5568,1.3698,0.96,G8 IV,73.0961,216.70052,-5.17841,
HD 127195 b,HD 127195,2,Radial Velocity,2026,534.5,1.421041,14,212.945,,0.04,4981,4.16,1.34,,84.7167,217.87142,-47.72926,a
HD 127195 c,HD 127195,2,Radial Velocity,2026,836.99,1.916262,14.1,206.588,,0.05,4981,4.16,1.34,,84.7167,217.87142,-47.72926,a
HD 127506 b,HD 127506,1,Radial Velocity,2022,65.78395,0.287,5.67,27.333,354.8,0.24,4595,0.7358,0.73,K3V,22.5279,217.68485,35.45461,
HD 128311 b,HD 128311,2,Radial Velocity,2002,453.019,1.084,13.5,562.241,200.5,0.303,4965,0.76,0.828,K0,16.3292,219.00323,9.74544,
HD 128311 c,HD 128311,2,Radial Velocity,2005,921.538,1.74,13,1204.258,158.2,0.159,4965,0.76,0.828,K0,16.3292,219.00323,9.74544,
HD 128356 b,HD 128356,1,Radial Velocity,2016,298.2,0.87,13.9,282.869,232.4,0.57,4875,0.85,0.65,K3 V,26.1548,219.27028,-25.80317,
HD 128717 b,HD 128717,1,Astrometry,2025,3420,4.85,12.1,6293.002,151.9,0.85,6210,1.248,1.212,,73.636,219.08817,57.56095,
HD 129445 b,HD 129445,1,Radial Velocity,2009,1840,2.9,13.3,797.749,173.4,0.7,5646,1.1758,0.99,G6 V,67.4386,221.51042,-68.76299,
HD 130322 b,HD 130322,1,Radial Velocity,1999,10.70871,0.0925,13.7,365.49,720,0.029,5387,0.85,0.92,K0 V,31.8766,221.8858,-0.28208,
HD 131496 b,HD 131496,1,Radial Velocity,2011,896,2.01,13.4,572.094,347.3,0.181,4846,4.44,1.34,K0,131.849,223.34615,18.23526,
HD 13167 b,HD 13167,1,Radial Velocity,2018,2613,4.1,13.1,1052.017,208.8,0.563,5671,2.39,1.35,G3 V,148.934,32.05763,-24.69558,
HD 13189 b,HD 13189,1,Radial Velocity,2005,471.60001,1.25,12.4,3480.238,1116,0.27,4175,38.41,2.24,K2,497.823,32.4174,32.31645,
HD 132406 b,HD 132406,1,Radial Velocity,2007,908,1.98,12.8,1887.901,228.7,0.25,5766,1.34,0.973,G0 V,70.7832,224.22761,53.38096,
HD 132563 b,HD 132563,1,Radial Velocity,2011,1544,2.62,13.6,473.547,213.3,0.22,6289,1.2958,1.231,F8,105.155,224.58929,44.04286,
HD 133131 A b,HD 133131 A,3,Radial Velocity,2016,649,1.44,13.6,451.319,227.7,0.33,5799,0.955,0.95,G2 V,51.4736,225.89845,-27.84314,
HD 133131 A c,HD 133131 A,3,Radial Velocity,2016,3568,4.49,14.3,133.489,129,0.49,5799,0.955,0.95,G2 V,51.4736,225.89845,-27.84314,
HD 133131 B b,HD 133131 B,3,Radial Velocity,2016,5769,6.15,13.3,794.575,112.3,0.61,5805,0.9895,0.93,G2 V,51.2993,225.89997,-27.84159,
HD 134060 b,HD 134060,2,Radial Velocity,2019,3.2696,0.0444,3.16,10.1,1473.2,0.45,5966,1.1643,1.095,G3 IV,24.0125,227.68476,-61.42237,
HD 134060 c,HD 134060,2,Radial Velocity,2019,1291.5646,2.3928,5.91,29.29,200.7,0.11,5966,1.1643,1.095,G3 IV,24.0125,227.68476,-61.42237,
HD 134606 e,HD 134606,5,Radial Velocity,2024,4.3203,0.0527,1.33,2.34,1260.4,0.2,5576,1.158,1.046,G5IV,26.7909,228.81039,-70.52033,
HD 134606 b,HD 134606,5,Radial Velocity,2024,12.089,0.1046,2.97,9.09,894.6,0.092,5576,1.158,1.046,G5IV,26.7909,228.81039,-70.52033,
HD 134606 f,HD 134606,5,Radial Velocity,2024,26.915,0.1784,2.24,5.63,685,0.081,5576,1.158,1.046,G5IV,26.7909,228.81039,-70.52033,
HD 134606 c,HD 134606,5,Radial Velocity,2024,58.883,0.3007,3.37,11.31,527.6,0.055,5576,1.158,1.046,G5IV,26.7909,228.81039,-70.52033,
HD 134606 d,HD 134606,5,Radial Velocity,2024,966.5,1.941,7.59,44.8,207.7,0.092,5576,1.158,1.046,G5IV,26.7909,228.81039,-70.52033,
HD 134987 b,HD 134987,2,Radial Velocity,1999,258.17999,0.81,13.5,511.706,339.4,0.23,5736,1.22,1.1,G5 V,26.1804,228.36754,-25.30967,
HD 134987 c,HD 134987,2,Radial Velocity,2009,5000,5.8,13.9,260,125,0.12,5585,1.25,1.1,G5 V,26.1804,228.36754,-25.30967,
HD 135344 A b,HD 135344 A,1,Imaging,2025,16072.082332,16.5,16.253,3178.284,1585,0.5,9540,1.5,2.32,A0 V,141.595,228.95384,-37.14892,p
HD 135625 b,HD 135625,1,Radial Velocity,2023,4055,5.4,13.3,731.005,146,0.16,6041,1.3574,1.28,G3 IV/V,56.518,229.45115,-45.92259,
HD 135694 b,HD 135694,1,Transit,2023,15.923476,0.124695,2.857,6.1,750.8,0,5712,1.08,1.02,,73.8713,227.86786,71.8413,
HD 135872 b,HD 135872,1,Radial Velocity,2022,2422.32597,4.172,12.8,1744.56,233.6,0.164,4992,3.9304,1.646,,82.4251,229.42136,-5.20247,
HD 136118 b,HD 136118,1,Radial Velocity,2022,1187.59765,2.327,12.3,4164.188,249.6,0.344,6097,1.6775,1.18,F7 V,51.4359,229.7306,-1.59229,
HD 136352 b,HD 136352,3,Radial Velocity,2019,11.57797,0.0964,1.664,4.72,905,0,5664,1.058,0.87,G4 V,14.682,230.44011,-48.31882,
HD 136352 c,HD 136352,3,Radial Velocity,2019,27.59221,0.1721,2.916,11.24,677,0,5664,1.058,0.87,G4 V,14.682,230.44011,-48.31882,
HD 136352 d,HD 136352,3,Radial Velocity,2019,107.245,0.425,2.562,8.82,431,0,5664,1.058,0.87,G4 V,14.682,230.44011,-48.31882,
HD 136418 b,HD 136418,1,Radial Velocity,2009,464.29999,1.29,13.3,680.156,411.8,0.25,4989,3.78,1.48,G5,105.168,229.77564,41.73242,
HD 136925 b,HD 136925,1,Radial Velocity,2021,4540,5.13,13.9,266.976,134.2,0.103,5773,1.1931,0.8751,,47.874,230.71575,13.36631,
HD 13724 c,HD 13724,1,Radial Velocity,2022,142.22895,0.534,8.18,50.853,393.1,0.651,5835,1.042,1.004,,43.465,33.08596,-46.81667,
HD 137388 b,HD 137388,1,Radial Velocity,2011,330,0.89,9.32,63.566,248.4,0.36,5181,0.88,0.68,K2 IV,40.4841,233.91508,-80.20442,
HD 137496 b,HD 137496,2,Transit,2021,1.62116,0.02732,1.31,4.04,2130,0,5799,1.59,1.04,G,155.317,231.74205,-16.509,
HD 137496 c,HD 137496,2,Radial Velocity,2021,479.9,1.2163,12.6,2434.566,370,0.477,5799,1.59,1.04,G,155.317,231.74205,-16.509,
HD 13808 b,HD 13808,2,Radial Velocity,2021,14.1815,0.10519,3.35,11.2,661.6,0.071,5035,0.781,0.771,K2 V,28.2305,33.17807,-53.74376,
HD 13808 c,HD 13808,2,Radial Velocity,2021,53.753,0.2554,3.13,9.96,424.6,0.156,5035,0.781,0.771,K2 V,28.2305,33.17807,-53.74376,
HD 13908 b,HD 13908,2,Radial Velocity,2013,19.382,0.154,13.9,274.91,993.2,0.02,6255,1.67,1.29,F8 V,79.5515,34.56091,65.59419,
HD 13908 c,HD 13908,2,Radial Velocity,2013,931,2.03,12.8,1630.4,273.6,0.12,6255,1.67,1.29,F8 V,79.5515,34.56091,65.59419,
HD 13931 b,HD 13931,1,Radial Velocity,2009,4218,5.15,13.2,889.92,139.4,0.02,5867,1.25,1.3,G0,47.3963,34.198,43.77221,
HD 139357 b,HD 139357,1,Radial Velocity,2008,1124.79139,2.949,12.1,6315.568,447,0.099,4700,11.47,2.69,K4 III,112.09,233.81736,53.92215,
HD 1397 b,HD 1397,1,Transit,2018,11.53533,0.1097,11.5,131.899,1228.3,0.251,5521,2.336,1.324,G5 III/IV,79.5702,4.44716,-66.35893,
HD 14067 b,HD 14067,1,Radial Velocity,2014,2744,5.15,12.2,4862.775,360.3,0.65,4815,12.4,2.4,G9 III,142.024,34.29335,23.76765,
HD 140901 b,HD 140901,2,Radial Velocity,2022,9.02378,0.085,4.07,15.574,904.4,0.472,5610,0.95,0.99,G7 IV,15.2528,236.86899,-37.91723,
HD 140901 c,HD 140901,2,Radial Velocity,2022,14386,11.8,13.4,572.091,76.8,0.77,5610,0.95,1.06,G7 IV,15.2528,236.86899,-37.91723,
HD 141004 b,HD 141004,1,Radial Velocity,2021,15.5083,0.1238,3.77,13.635,950.7,0.16,5885,1.3894,1.0519,G0Vvar,11.8148,236.60992,7.35277,
HD 141399 b,HD 141399,4,Radial Velocity,2014,94.44,0.415,14.3,143.341,493.7,0.04,5600,1.3872,1.07,K0,37.0169,236.72354,46.98629,
HD 141399 c,HD 141399,4,Radial Velocity,2014,201.99,0.689,13.6,422.714,383.2,0.048,5600,1.3872,1.07,K0,37.0169,236.72354,46.98629,
HD 141399 d,HD 141399,4,Radial Velocity,2014,1069.8,2.09,13.7,375.039,220,0.074,5600,1.3872,1.07,K0,37.0169,236.72354,46.98629,
HD 141399 e,HD 141399,4,Radial Velocity,2014,5000,5,14.1,209.768,142.2,0.26,5600,1.3872,1.07,K0,37.0169,236.72354,46.98629,
HD 141937 b,HD 141937,1,Radial Velocity,2002,662.37,1.54,12.4,3591.461,231.5,0.46,5870,1.03,1.09,G1 V,33.3622,238.07356,-18.43597,
HD 142 A d,HD 142,3,Radial Velocity,2022,108.45299,0.474,10.9,82.635,530.3,0.13,6245,1.47,1.21,F7V,26.1853,1.58368,-49.07536,
HD 142 b,HD 142,3,Radial Velocity,2001,351.43394,1.039,12.7,2256.582,358.2,0.158,6245,1.47,1.21,F7V,26.1853,1.58368,-49.07536,
HD 142 c,HD 142,3,Radial Velocity,2012,10159.64279,9.811,12.4,3464.647,116.6,0.277,6245,1.47,1.21,F7V,26.1853,1.58368,-49.07536,
HD 142022 A b,HD 142022 A,1,Radial Velocity,2005,1928,2.93,12.9,1433.406,155.7,0.53,5421,1.04,0.9,G9 IV-V,34.2802,242.54817,-84.23175,
HD 142245 b,HD 142245,1,Radial Velocity,2011,1299,2.78,13.1,975.738,306.3,0,4922,4.63,3.5,K0,97.2305,238.23424,15.43061,
HD 142415 b,HD 142415,1,Radial Velocity,2003,386.29999,1.06,13.5,530.776,283.7,0.5,5940,1.04,1.07,G1 V,35.5318,239.41899,-60.20069,
HD 143105 b,HD 143105,1,Radial Velocity,2016,2.1974,0.0379,13.7,384.574,2028.2,0.07,6380,1.6473,1.51,F5,46.7789,238.40235,68.71998,
HD 143361 b,HD 143361,1,Radial Velocity,2008,1039.15,1.988,12.9,1382.554,180.3,0.197,5507,0.916,0.968,G6 V,68.5146,240.45884,-44.43506,
HD 143811 AB b,HD 143811 A,1,Imaging,2025,117000,63,15.693,1938.753,1042,0.19,6791,1.684,1.32,,136.608,240.8892,-30.13716,
HD 144899 b,HD 144899,1,Radial Velocity,2022,40.43914,0.242,4.77,20.341,770.9,0.821,6126,1.648,1.16,,115.665,242.5721,-47.91468,
HD 145377 b,HD 145377,1,Radial Velocity,2008,103.95,0.45,12.8,1913.337,443,0.31,6014,1.05,1.2,G3 V,53.4884,242.90197,-27.07812,
HD 145457 b,HD 145457,1,Radial Velocity,2010,176.13,0.762,13.2,888.013,826.8,0.111,4757,9.9,1.9,K0,135.292,242.51622,26.74291,
HD 145934 b,HD 145934,1,Radial Velocity,2015,2751.53433,4.89,13.4,658.54,276.9,0.078,4824,6.9306,2.058,K0,227.881,243.29122,13.23945,
HD 1461 b,HD 1461,2,Radial Velocity,2010,5.77152,0.0634,2.42,6.44,1185.1,0.172,5765,1.1523,1.02,G0 V,23.4534,4.67626,-8.05362,
HD 1461 c,HD 1461,2,Radial Velocity,2015,13.5052,0.1117,2.23,5.59,892.9,0.305,5765,1.1523,1.02,G0 V,23.4534,4.67626,-8.05362,
HD 147018 b,HD 147018,2,Radial Velocity,2009,44.236,0.2388,13.4,674,520,0.4686,5441,0.9379,0.927,G9 V,40.4256,245.749,-61.69013,
HD 147018 c,HD 147018,2,Radial Velocity,2009,1008,1.922,12.7,2080,183.3,0.133,5441,0.9379,0.927,G9 V,40.4256,245.749,-61.69013,
HD 147379 b,HD 147379,1,Radial Velocity,2017,86.58,0.3193,4.94,21.6,276.7,0.063,4090,0.6283,0.58,M0.0 V,10.7643,244.17257,67.2392,
HD 147513 b,HD 147513,1,Radial Velocity,2003,528.4,1.32,13.7,385,244.4,0.26,5883,0.98,1.11,G3/5V,12.9032,246.00579,-39.19297,
HD 14787 b,HD 14787,1,Radial Velocity,2018,676.6,1.7,13.7,356.287,409.4,0.155,4946,5.01,1.43,G5,119.137,35.80851,10.8368,
HD 147873 b,HD 147873,2,Radial Velocity,2016,116.596,0.522,12.8,1633.646,603.2,0.207,5972,2.29,1.38,G1 V,109.055,246.43805,-33.56722,
HD 147873 c,HD 147873,2,Radial Velocity,2016,491.54,1.36,13.3,731.009,373.7,0.23,5972,2.29,1.38,G1 V,109.055,246.43805,-33.56722,
HD 148156 b,HD 148156,1,Radial Velocity,2009,1027,2.45,13.9,270.144,213.8,0.52,6308,1.21,1.22,G0/2 V,57.1289,247.0723,-46.31751,
HD 148164 b,HD 148164,2,Radial Velocity,2018,328.55,0.993,13.7,390.931,337.9,0.587,6032,1.34,1.21,F8,77.1971,246.43517,11.91907,
HD 148164 c,HD 148164,2,Radial Velocity,2018,5062,6.15,12.8,1640.003,135.8,0.125,6032,1.34,1.21,F8,77.1971,246.43517,11.91907,
HD 148427 b,HD 148427,1,Radial Velocity,2009,331.9,1.11,13.7,381.394,451.9,0.12,5025,3.86,1.64,K0 III- IV,71.3499,247.11713,-13.39962,
HD 149026 b,HD 149026,1,Radial Velocity,2005,2.87589,0.04364,8.295,120.775,1626,0,6179,1.41,1.42,G0,75.8643,247.62298,38.34753,
HD 149143 b,HD 149143,1,Radial Velocity,2005,4.07182,0.053,13.6,422.714,1471.9,0.0167,5856,1.44,1.2,G0,73.2801,248.21267,2.08445,
HD 149806 b,HD 149806,1,Radial Velocity,2022,16521.52778,12.404,12.3,4003.684,69.1,0.357,5352,0.89,0.93,K0V,20.2727,249.28552,0.25468,
HD 150010 b,HD 150010,1,Radial Velocity,2022,562,1.4,13.3,762.788,681.2,0.2,4153,16.2,1.3,K2 III,144.49,247.86707,72.61258,
HD 1502 b,HD 1502,1,Radial Velocity,2011,428.5,1.262,13.2,874.033,458.9,0.031,4947,4.67,1.46,K0,190.953,4.82144,14.05468,
HD 150706 b,HD 150706,1,Radial Velocity,2012,5894,6.7,13.3,772.323,108.8,0.38,5961,0.96,1.17,G0 V,28.2697,247.82557,79.7894,
HD 151450 b,HD 151450,2,Radial Velocity,2022,21.89288,0.16,6.94,38.457,795,0.496,6092,1.1718,1.14,,43.6002,252.00801,-15.96434,
HD 151450 c,HD 151450,2,Radial Velocity,2022,18144.76236,14.131,12.8,1636.181,84.6,0.138,6092,1.1718,1.14,,43.6002,252.00801,-15.96434,
HD 152079 b,HD 152079,1,Radial Velocity,2009,2918.92,4.187,13.2,845.746,147.8,0.532,5907,1.128,1.147,G6 V,87.8888,253.37323,-46.33336,
HD 152581 b,HD 152581,1,Radial Velocity,2011,686.5,1.66,13.4,594.024,426.6,0.04,5027,5.14,1.3,K0,165.76,253.43165,11.97368,
HD 152843 b,HD 152843,2,Transit,2021,11.62071,0.1049,3.05,9.82,1003.1,0.046,6310,1.43,1.15,G0,107.898,253.78489,20.49152,
HD 152843 c,HD 152843,2,Transit,2021,19.502104,0.1482,5.94,9.67,253.1,0.074,6310,1.43,1.15,G0,107.898,253.78489,20.49152,
HD 15337 b,HD 15337,2,Transit,2019,4.75598,0.05245,1.77,6.519,1001,0.058,5131,0.855,0.829,K1 V,44.8155,36.86788,-27.63612,
HD 15337 c,HD 15337,2,Transit,2019,17.180546,0.1235,2.526,6.792,656.1,0.096,5131,0.855,0.829,K1 V,44.8155,36.86788,-27.63612,
HD 153557 b,HD 153557,3,Radial Velocity,2022,7.29903,0.068,4.77,20.341,772.1,0.065,4837,0.7452,0.79,K0,17.9412,254.47065,47.36786,
HD 153557 c,HD 153557,3,Radial Velocity,2022,15.27018,0.111,4.36,17.481,604.3,0.511,4837,0.7452,0.79,K0,17.9412,254.47065,47.36786,
HD 153557 d,HD 153557,3,Radial Velocity,2022,40654.64809,21.449,11.9,8725.661,43.5,0.152,4837,0.7452,0.79,K0,17.9412,254.47065,47.36786,
HD 153950 b,HD 153950,1,Radial Velocity,2008,499.39999,1.28,13.2,937.598,295.3,0.34,6124,1.28,1.25,F8 V,48.4549,256.12928,-43.31038,
HD 154088 b,HD 154088,1,Radial Velocity,2021,18.56,0.134,2.46,6.6,690,0.344,5374,0.95,0.91,K0 IV-V,18.2692,256.11642,-28.58383,
HD 154345 b,HD 154345,1,Radial Velocity,2006,3280,4.158,13.7,376.944,119.2,0.058,5468,0.85,0.89,G8,18.284,255.65246,47.08555,
HD 154391 b,HD 154391,1,Radial Velocity,2023,5163,7.46,12.5,2892.239,253.6,0.2,4909,8.56,2.07,K1 III,100.947,255.32013,60.64892,
HD 154672 b,HD 154672,1,Radial Velocity,2008,163.94,0.6,12.8,1706.747,410.8,0.61,5743,1.32,1.18,G3 IV,63.0484,257.5207,-56.4498,
HD 154857 b,HD 154857,2,Radial Velocity,2004,408.60001,1.29,13.3,778.683,359.9,0.46,5589,2.3,1.96,G5 V,63.4482,257.81619,-56.68104,
HD 154857 c,HD 154857,2,Radial Velocity,2014,3452,5.36,13.2,819.97,154.9,0.06,5605,1.76,1.718,G5 V,63.4482,257.81619,-56.68104,
HD 155193 b,HD 155193,1,Radial Velocity,2021,352.65,1.04,14,238.371,391.9,0.21,6239,1.7644,1.221,F8 IV,57.7995,257.42089,10.0381,
HD 155358 b,HD 155358,2,Radial Velocity,2007,194.3,0.63,13.8,314.652,421.4,0.17,5905,1.38,1.15,G0,43.6197,257.39309,33.35493,
HD 155358 c,HD 155358,2,Radial Velocity,2007,391.9,1.02,13.9,261,330.9,0.16,5900,1.38,0.92,G0,43.6197,257.39309,33.35493,
HD 155918 b,HD 155918,2,Radial Velocity,2022,1.87567,0.03,2.67,7.628,1622.1,0.194,5772,1.0191,1.03,G2V,27.561,260.5364,-75.34924,
HD 155918 c,HD 155918,2,Radial Velocity,2022,17202.19446,13.183,12.8,1878.048,77.4,0.071,5772,1.0191,1.03,G2V,27.561,260.5364,-75.34924,
HD 156098 b,HD 156098,2,Radial Velocity,2022,21.85849,0.167,4.12,15.891,1257.7,0.109,6419,2.7572,1.29,,48.249,259.26469,-32.66308,
HD 156098 c,HD 156098,2,Radial Velocity,2022,7841.5839,8.415,12.8,1661.607,177.2,0.391,6419,2.7572,1.29,,48.249,259.26469,-32.66308,
HD 156279 b,HD 156279,2,Radial Velocity,2011,133.40355,0.502,12.5,2997.758,361.7,0.647,5453,0.95,0.94,G6,36.1945,258.09667,63.35278,
HD 156279 c,HD 156279,2,Radial Velocity,2016,4818.25358,5.486,12.5,3098.827,109.4,0.261,5453,0.95,0.94,G6,36.1945,258.09667,63.35278,
HD 156411 b,HD 156411,1,Radial Velocity,2009,842.2,1.88,14,235.18,304.9,0.22,5900,2.16,1.25,F8 IV/V,56.8655,259.96395,-48.55023,
HD 156668 b,HD 156668,2,Radial Velocity,2010,4.6455,0.05,1.87,4.15,887.5,0,4850,0.72,0.772,K2,24.3323,259.41835,29.22816,
HD 156668 c,HD 156668,2,Radial Velocity,2021,811.3,1.57,6.17,31.497,166.1,0.089,4904,0.7745,0.7852,K2,24.3323,259.41835,29.22816,
HD 156846 b,HD 156846,1,Radial Velocity,2007,359.51001,1.12,12.4,3391.246,382.5,0.85,6090,1.9,1.38,G0 V,47.7332,260.14234,-19.33436,
HD 158038 b,HD 158038,1,Radial Velocity,2011,521,1.5,13.5,486.28,405.9,0.29,4860,4.5,1.3,K0,94.8625,261.43953,27.30307,
HD 158259 b,HD 158259,5,Radial Velocity,2020,2.178,0.033738,1.282,2.22,1462,,5802,1.21,1.08,G0,27.0498,261.34958,52.79047,a
HD 158259 c,HD 158259,5,Radial Velocity,2020,3.432,0.045686,2.23,5.6,,,5802,1.21,1.08,G0,27.0498,261.34958,52.79047,a
HD 158259 d,HD 158259,5,Radial Velocity,2020,5.198081,0.060253,2.18,5.41,,,5802,1.21,1.08,G0,27.0498,261.34958,52.79047,a
HD 158259 e,HD 158259,5,Radial Velocity,2020,7.951,0.079989,2.34,6.08,,,5802,1.21,1.08,G0,27.0498,261.34958,52.79047,a
HD 158259 f,HD 158259,5,Radial Velocity,2020,12.028,0.105409,2.35,6.14,,,5802,1.21,1.08,G0,27.0498,261.34958,52.79047,a
HD 158996 b,HD 158996,1,Radial Velocity,2018,820.2,2.1,12.3,4449.62,960.3,0.13,4069,50.3,1.8,K5 III,283.659,259.90511,80.1364,
HD 15906 b,HD 15906,2,Transit,2023,10.924709,0.09,2.24,5.65,668,0.11,4757,0.762,0.79,K V,45.5621,38.27125,-10.35218,
HD 15906 c,HD 15906,2,Transit,2023,21.583298,0.141,2.93,8.91,532,0.04,4757,0.762,0.79,K V,45.5621,38.27125,-10.35218,
HD 159243 b,HD 159243,2,Radial Velocity,2013,12.62,0.11,13.7,359.13,942.1,0.02,6123,1.12,1.125,G0 V,73.3055,263.33954,5.70083,
HD 159243 c,HD 159243,2,Radial Velocity,2013,248.4,0.8,13.4,603.9,349.4,0.075,6123,1.12,1.125,G0 V,73.3055,263.33954,5.70083,
HD 159868 c,HD 159868,2,Radial Velocity,2012,351,1.032,14,244.093,383.4,0.184,5534,2.13,1.19,G5 V,55.8503,264.74667,-43.14623,
HD 159868 b,HD 159868,2,Radial Velocity,2006,1184.1,2.32,13.3,704.947,255.7,0.024,5534,2.13,1.19,G5 V,55.8503,264.74667,-43.14623,
HD 1605 b,HD 1605,2,Radial Velocity,2015,577.2,1.492,13.8,296.853,362.5,0.095,4915,3.49,1.33,K1 IV,88.8047,5.13175,30.97506,
HD 1605 c,HD 1605,2,Radial Velocity,2015,2149,3.584,13,1150.545,233.9,0.099,4915,3.49,1.33,K1 IV,88.8047,5.13175,30.97506,
HD 160691 d,HD 160691,4,Radial Velocity,2004,9.6392,0.0952,3.23,10.49,900,0,5773,1.33,1.13,G3 IV-V,15.5981,266.03616,-51.83488,
HD 160691 e,HD 160691,4,Radial Velocity,2006,307.9,0.96,,2224.799,327.7,0.0666,5773,1.33,1.13,G3 IV-V,15.5981,266.03616,-51.83488,
HD 160691 b,HD 160691,4,Radial Velocity,2000,645,1.5,,1366.662,262.1,0.0505,5773,1.33,1.13,G3 IV-V,15.5981,266.03616,-51.83488,
HD 160691 c,HD 160691,4,Radial Velocity,2004,3947,4.17,,1398.445,157.2,0.039,5773,1.33,1.13,G3 IV-V,15.5981,266.03616,-51.83488,
HD 161178 b,HD 161178,1,Radial Velocity,2021,279.3,0.85,14.1,181.162,828.3,0.044,4786,10.95,1.06,G9 III,107.188,264.28736,72.45586,
HD 16141 b,HD 16141,1,Radial Velocity,2000,75.523,0.36,10.9,82.636,562.9,0.25,5757,1.48,1.11,G5 IV,37.7861,38.83237,-3.56249,
HD 16175 b,HD 16175,1,Radial Velocity,2009,990,2.12,12.8,1875.188,259.8,0.6,5981,1.72,1.63,G2,59.859,39.25774,42.06245,
HD 162020 b,HD 162020,1,Radial Velocity,2002,8.4282,0.08,12.5,3127.447,650,0.28,4723,0.75,0.42,K3 V,30.8248,267.65993,-40.31846,
HD 163607 b,HD 163607,2,Radial Velocity,2012,75.2203,0.362,13.9,249.052,587.1,0.7441,5522,1.76,1.12,G5,67.7855,268.41814,56.39247,
HD 163607 c,HD 163607,2,Radial Velocity,2012,1272,2.39,13.3,699.544,228.5,0.08,5522,1.76,1.12,G5,67.7855,268.41814,56.39247,
HD 16417 b,HD 16417,1,Radial Velocity,2008,17.24,0.14,5,22.1,964,0.2,5841,1.64,1.2,G1 V,25.3936,39.2441,-34.57909,
HD 164509 b,HD 164509,1,Radial Velocity,2012,280.17,0.87,14.3,140.799,319.1,0.238,5859,1.11,1.12,G5,53.1119,270.38008,0.10447,
HD 164595 b,HD 164595,1,Radial Velocity,2015,40,0.23,4.16,16.14,589,0.088,5790,1.0236,0.99,G2 V,28.254,270.16137,29.57267,
HD 164604 b,HD 164604,2,Radial Velocity,2009,653.9,1.362,12.3,4195.335,170.2,0.479,4663,0.78,0.77,K3.5 V,39.3633,270.77872,-28.56083,
HD 164604 c,HD 164604,2,Radial Velocity,2026,5387,5.556,12.5,3019.37,84.2,0.196,4663,0.78,0.77,K3.5 V,39.3633,270.77872,-28.56083,
HD 164922 d,HD 164922,4,Radial Velocity,2020,12.458,0.103,1.83,4,787.7,0.12,5390,0.946,0.926,G9 V,22.0016,270.63047,26.31041,
HD 164922 e,HD 164922,4,Radial Velocity,2021,41.763,0.2292,3.23,10.52,543.7,0.086,5393,1.0018,0.9211,G9 V,22.0016,270.63047,26.31041,
HD 164922 c,HD 164922,4,Radial Velocity,2016,75.74,0.341,3.66,13,400.5,0.12,5390,0.946,0.926,G9 V,22.0016,270.63047,26.31041,
HD 164922 b,HD 164922,4,Radial Velocity,2005,1207,2.16,13.3,116,159.4,0.08,5390,0.946,0.926,G9 V,22.0016,270.63047,26.31041,
HD 165131 b,HD 165131,1,Radial Velocity,2023,2342.6,3.54,12.1,5943.391,155.2,0.6708,5870,1.0642,1.06,G3/5 V,57.4263,271.3444,-21.6737,
HD 165155 b,HD 165155,1,Radial Velocity,2016,434.5,1.13,13.2,918.529,239.9,0.2,5426,0.95,1.02,G8 V,63.3574,271.48934,-29.91725,
HD 1666 b,HD 1666,1,Radial Velocity,2015,270,0.94,12.7,2040,436.5,0.63,6317,1.93,1.5,F7 V,117.908,5.21804,-19.93148,
HD 166724 b,HD 166724,1,Radial Velocity,2012,5144,5.42,13,1207.748,94.8,0.734,5127,0.7975,0.81,K0 IV-V,45.1342,273.49886,-42.57572,
HD 167042 b,HD 167042,1,Radial Velocity,2007,417.67,1.22,13.6,444.006,462.1,0.01,4919,4.63,1.39,K1 IV,49.6633,272.63263,54.28762,
HD 16760 b,HD 16760,1,Radial Velocity,2009,466.08,1.156,12.1,6833.311,226.1,0.079,5518,0.835,0.93,G5 V,50.1756,40.58921,38.61822,
HD 167677 b,HD 167677,1,Radial Velocity,2023,1820,2.877,13.2,905.811,151.9,0.182,5474,0.9527,0.96,G5 V,54.3258,274.20678,-11.40679,
HD 167768 b,HD 167768,1,Radial Velocity,2022,20.6532,0.1512,13.9,270.154,1873.6,0.149,4851,9.7,1.08,G8 III,107.214,274.22133,-3.00858,
HD 168009 b,HD 168009,1,Radial Velocity,2021,15.1479,0.1192,3.05,9.535,887.6,0.12,5778,1.2095,0.9861,G2V,23.3032,273.88479,45.20882,
HD 168443 b,HD 168443,2,Radial Velocity,1998,58.11187,0.292,12.6,2424.395,641,0.53,5491,1.7115,0.98,G5,39.6245,275.01599,-9.59669,
HD 168443 c,HD 168443,2,Radial Velocity,2000,1753.1096,2.842,12.2,5500.338,205.5,0.21,5491,1.7115,0.98,G5,39.6245,275.01599,-9.59669,
HD 168746 b,HD 168746,1,Radial Velocity,2002,6.404,0.07,11.1,85.814,900,0.11,5570,1.09,1.07,G5,41.5681,275.45733,-11.92298,
HD 168863 b,HD 168863,1,Radial Velocity,2022,14773.93272,10.961,12.7,2154.877,63,0.187,4905,0.7778,0.8,,39.8979,275.66422,-18.02197,
HD 1690 b,HD 1690,1,Radial Velocity,2010,533,1.36,12.5,2793.726,841.7,0.64,4374,21.66,1.86,K1 III,752.615,5.30559,-8.28114,
HD 16905 b,HD 16905,1,Radial Velocity,2022,10256,8.8,12.4,3591.461,69.6,0.68,4866,0.7749,0.85,K3 V,39.7401,40.01362,-61.35504,
HD 169142 b,HD 169142,1,Imaging,2023,60928.25924,37.2,13.1,953.485,71,,7246,1.537,1.85,,113.6,276.12407,-29.78053,p
HD 169830 b,HD 169830,2,Radial Velocity,2000,225.67372,0.765,13.2,804.424,345,0.294,6300,1.9357,1.17,F8 V,37.6048,276.95619,-29.81679,
HD 169830 c,HD 169830,2,Radial Velocity,2003,1818.82339,3.075,12.6,2437.426,241,0.246,6300,1.9357,1.17,F7 V,37.6048,276.95619,-29.81679,
HD 170469 b,HD 170469,1,Radial Velocity,2007,1145,2.24,14.1,209.768,209.6,0.11,5842,1.24,1.1,G5 IV,60.178,277.29554,11.69542,
HD 17092 b,HD 17092,1,Radial Velocity,2007,359.89999,1.31,12.5,3219.618,671.6,0.17,4326,13.58,6.73,K0 III,228.422,41.59243,49.65304,
HD 171028 b,HD 171028,1,Radial Velocity,2007,550,1.32,13.2,832.715,374.1,0.59,5671,2.47,1.53,G0,111.659,278.06437,6.94568,
HD 171238 b,HD 171238,1,Radial Velocity,2009,1515,2.518,12.5,2796.89,167,0.358,5467,1.01,0.92,G8 V,44.8113,278.68184,-28.07278,
HD 17156 b,HD 17156,1,Radial Velocity,2007,21.216429,0.1632,12.263,1036.121,888,0.6772,6046,1.517,1.285,G5,78.0863,42.43661,71.75309,
HD 173416 b,HD 173416,1,Radial Velocity,2008,322.03,1.158,13.4,585.122,771,0.208,4683,13.5,2,G8,132.184,280.90057,36.55686,
HD 174205 b,HD 174205,1,Radial Velocity,2022,582,1.7,13,1334.879,821.7,0.4,4308,26.6,1.8,K2,234.027,280.7932,70.79282,
HD 175167 b,HD 175167,1,Radial Velocity,2009,1175,2.4,12.3,4703.86,232,0.51,5635,1.75,1.09,G5 IV/V,71.0863,285.00339,-69.94507,
HD 175541 b,HD 175541,1,Radial Velocity,2007,298.43,0.975,14.1,190.062,501.1,0.11,5013,4.19,1.39,G8 IV,129.603,283.92032,4.26493,
HD 175607 b,HD 175607,1,Radial Velocity,2015,29.01,0.164838,,2456.178,,0.11,5392,0.7,0.71,G6 V,40.3303,285.27429,-66.19434,a
HD 17674 b,HD 17674,1,Radial Velocity,2017,623.8,1.42,13.9,276.512,259.5,0.13,5904,1.18,0.98,G0 V,44.4264,42.7685,30.2866,
HD 176986 b,HD 176986,3,Radial Velocity,2017,6.49164,0.062956,,1487.755,767,0.066,4931,0.782,0.789,K2.5 V,27.7843,285.77391,-11.04494,
HD 176986 c,HD 176986,3,Radial Velocity,2017,16.8124,0.11873,,2097.985,558,0.111,4931,0.782,0.789,K2.5 V,27.7843,285.77391,-11.04494,
HD 176986 d,HD 176986,3,Radial Velocity,2026,61.376,0.28149,2.49,6.76,363,,4931,0.782,0.789,K2.5 V,27.7843,285.77391,-11.04494,
HD 177565 b,HD 177565,1,Radial Velocity,2017,44.505,0.246,4,15.1,539.2,0.0593,5627,0.9715,1,G8V,16.9179,286.71758,-37.81224,
HD 177830 c,HD 177830,2,Radial Velocity,2010,110.9,0.5137,7.87,47.672,539,0.3,4949,2.62,1.47,K0,62.7674,286.33636,25.92043,
HD 177830 b,HD 177830,2,Radial Velocity,1999,410.10001,1.14,13.5,537.133,399.6,0.1,4901,3.26,1.7,K0,62.7674,286.33636,25.92043,
HD 178911 B b,HD 178911 B,1,Radial Velocity,2001,71.484,0.34,12.6,2552.175,480.2,0.11,5588,1.08,1.24,G5,40.9727,287.26321,34.6007,
HD 179079 b,HD 179079,1,Radial Velocity,2008,14.479,0.1214,,4195.335,997.6,0.049,5646,1.63,1.14,G5 IV,69.7116,287.79037,-2.63877,
HD 179949 b,HD 179949,1,Radial Velocity,2000,3.092514,0.0443,13.9,291.12,1590.5,0.022,6168,1.2669,1.21,F8 V,27.4573,288.88902,-24.17979,
HD 180053 b,HD 180053,1,Radial Velocity,2018,213.72,0.843,13.3,697.319,543,0.081,5131,4.06,1.75,K0,137.043,288.40084,34.91467,
HD 18015 b,HD 18015,1,Radial Velocity,2018,2278,3.87,13.1,1048.834,243,0.148,5603,3.13,1.49,G6 IV,123.801,43.36363,-8.84804,
HD 180314 b,HD 180314,1,Radial Velocity,2010,394.73,1.448,12,7216.93,597.6,0.247,4917,9.2,2.6,K0,122.362,288.70944,31.86044,
HD 180617 b,HD 180617,1,Radial Velocity,2018,105.911,0.343,3.53,12.214,201.8,0.101,3534,0.481,0.484,M2.5 V,5.9106,289.22773,5.16316,
HD 180902 b,HD 180902,1,Radial Velocity,2009,510.9,1.4,13.5,535.544,412.4,0.107,4961,4.16,1.41,K0 III/IV,104.577,289.82396,-23.55824,
HD 181234 b,HD 181234,1,Radial Velocity,2019,7593.40512,7.427,12.5,2980.913,98.1,0.726,5386,1.0594,0.94,G8 IV,47.7458,289.99987,-9.32497,
HD 181342 b,HD 181342,1,Radial Velocity,2009,564.1,1.592,13.2,807.288,410.1,0.022,4945,4.71,1.69,K0 III,120.391,290.26741,-23.6197,
HD 18143 b,HD 18143,2,Radial Velocity,2022,10.2851,0.088,3.28,10.806,769.9,0.224,5078,0.87,0.85,K2,22.5243,43.91402,26.87238,
HD 18143 c,HD 18143,2,Radial Velocity,2022,28982.41764,17.53,12.5,3177.648,54.5,0.194,5078,0.87,0.85,K2,22.5243,43.91402,26.87238,
HD 181433 b,HD 181433,3,Radial Velocity,2008,9.3745,0.0828,,1708.646,732.5,0.396,4918,0.79,0.86,K3 IV,26.8762,291.28737,-66.46778,
HD 181433 c,HD 181433,3,Radial Velocity,2008,1018.5,1.885,,2207,153.5,0.2402,4918,0.79,0.86,K3 IV,26.8762,291.28737,-66.46778,
HD 181433 d,HD 181433,3,Radial Velocity,2008,6896.1,6.74,13.2,858.137,81.2,0.444,4918,0.79,0.86,K3 IV,26.8762,291.28737,-66.46778,
HD 181720 b,HD 181720,1,Radial Velocity,2009,956,1.85,14,127.132,249.1,0.26,5736,1.5,1.03,G1 V,60.2046,290.72122,-32.92084,
HD 183263 b,HD 183263,2,Radial Velocity,2004,624.87404,1.46,13.1,1103.182,263.3,0.383,5948,1.23,1.06,G2 IV,54.1955,292.1023,8.35792,
HD 183263 c,HD 183263,2,Radial Velocity,2008,4667.97841,5.585,12.5,2958.982,134.6,0.051,5948,1.23,1.06,G2 IV,54.1955,292.1023,8.35792,
HD 183579 b,HD 183579,1,Transit,2021,17.471291,0.1322,3.49,20.4,752,0.061,5784,0.96,0.996,G2 V,57.2651,293.28661,-54.53273,
HD 184010 b,HD 184010,3,Radial Velocity,2022,286.6,0.94,12.1,98.527,545,0,4971,4.86,1.35,K0 III-IV,60.7993,292.84014,26.61728,
HD 184010 c,HD 184010,3,Radial Velocity,2022,484.3,1.334,11.8,95.349,457.5,0,4971,4.86,1.35,K0 III-IV,60.7993,292.84014,26.61728,
HD 184010 d,HD 184010,3,Radial Velocity,2022,836.4,1.92,14.3,143.023,381.4,0,4971,4.86,1.35,K0 III-IV,60.7993,292.84014,26.61728,
HD 18438 b,HD 18438,1,Radial Velocity,2023,803,2.1,12.1,6674.397,1208.2,0.1,3860,88.475,1.84,M2.5 III,224.146,46.53184,79.41858,
HD 185269 b,HD 185269,1,Radial Velocity,2006,6.83776,0.077,13.8,321.008,1455.6,0.229,5923,2,1.3,G0 IV,51.9917,294.29877,28.49951,
HD 185283 b,HD 185283,1,Radial Velocity,2023,4060,4.6,13.6,413.177,94,0.07,4848,0.7433,0.8,K3 V,31.395,295.32336,-56.32211,
HD 18599 b,HD 18599,1,Transit,2022,4.137435,0.048,2.6,24.1,863,0.34,5145,0.767,0.863,K2 V,38.5653,44.26201,-56.19187,
HD 187085 b,HD 187085,1,Radial Velocity,2006,1019.74,2.1,13.9,265.706,229.4,0.251,6117,1.27,1.189,G0 V,45.8993,297.39157,-37.78099,
HD 187123 b,HD 187123,2,Radial Velocity,1998,3.096583,0.0426,14.2,166.218,1450.9,0.0103,5790,1.1504,1.04,G3 V,45.9548,296.74288,34.41899,
HD 187123 c,HD 187123,2,Radial Velocity,2008,3810,4.89,13.2,912.168,135.4,0.252,5790,1.1504,1.04,G3 V,45.9548,296.74288,34.41899,
HD 18742 b,HD 18742,1,Radial Velocity,2011,766,1.82,13.1,1080.622,399.9,0.04,4940,5.13,1.36,G8/K0 IV,162.685,45.04431,-20.8027,
HD 188015 b,HD 188015,1,Radial Velocity,2004,461.2,1.203,13.6,476.72,268,0.137,5746,1.1253,1.09,G5 IV,50.6706,298.01919,28.09998,
HD 188641 b,HD 188641,1,Radial Velocity,2022,14583.81038,12.027,11.9,9333.031,114.4,0.034,5897,1.9449,1.07,,64.3399,299.40483,-37.74488,
HD 189567 b,HD 189567,2,Radial Velocity,2021,14.288,0.111,2.85,8.5,845.2,0.189,5726,1.04,0.83,G3 V,17.9055,301.39596,-67.3238,
HD 189567 c,HD 189567,2,Radial Velocity,2021,33.688,0.197,2.54,7,634.4,0.16,5726,1.04,0.83,G3 V,17.9055,301.39596,-67.3238,
HD 189733 b,HD 189733,1,Radial Velocity,2005,2.218576,0.03126,12.666,359.148,1209,0,5052,0.75,0.79,K2 V,19.7638,300.18212,22.70978,
HD 190007 b,HD 190007,1,Radial Velocity,2020,11.724128,0.092,4.06,15.5,651.4,0.136,4610,0.79,0.77,K4 V,12.7141,300.69563,3.3267,
HD 190228 b,HD 190228,1,Radial Velocity,2022,1143.59858,2.406,12.9,1598.677,268,0.559,5360,2.5866,1.415,G5 IV,62.7146,300.75373,28.30656,
HD 190360 c,HD 190360,3,Radial Velocity,2005,17.11625,0.1298,5.53,26.2,794.5,0.163,5560,1.14,0.996,G7 IV-V,16.0069,300.90925,29.89454,
HD 190360 d,HD 190360,3,Radial Velocity,2026,88.69,0.3886,3.48,11.9,459.2,0.058,5560,1.14,0.996,G7 IV-V,16.0069,300.90925,29.89454,
HD 190360 b,HD 190360,3,Radial Velocity,2003,2887.5,3.965,13.5,537,150,0.3342,5560,1.14,0.996,G7 IV-V,16.0069,300.90925,29.89454,
HD 190647 b,HD 190647,1,Radial Velocity,2007,1176.45,2.231,13.4,630.893,214.2,0.224,5656,1.376,1.069,G5 V,54.4738,301.83182,-35.53952,
HD 190984 b,HD 190984,1,Radial Velocity,2009,4885,5.5,13,1137.826,152.3,0.57,5988,1.53,0.91,F8 V,148.187,302.87798,-64.62027,
HD 191806 b,HD 191806,1,Radial Velocity,2016,1603.38923,2.749,12.5,2966.61,207,0.213,6010,1.4022,1.07,K0,65.6668,302.36876,52.27673,
HD 191939 b,HD 191939,6,Transit,2020,8.880326,0.0804,3.41,10,880,0.031,5348,0.94,0.81,G9 V,53.6089,302.02562,66.8503,
HD 191939 c,HD 191939,6,Transit,2020,28.579743,0.1752,3.195,8,600,0.034,5348,0.94,0.81,G9 V,53.6089,302.02562,66.8503,
HD 191939 d,HD 191939,6,Transit,2020,38.353037,0.2132,2.995,2.8,540,0.031,5348,0.94,0.81,G9 V,53.6089,302.02562,66.8503,
HD 191939 e,HD 191939,6,Radial Velocity,2022,101.12,0.407,13,112.2,390,0.031,5348,0.94,0.81,G9 V,53.6089,302.02562,66.8503,
HD 191939 g,HD 191939,6,Radial Velocity,2022,284,0.812,3.74,13.5,278,0.03,5348,0.94,0.81,G9 V,53.6089,302.02562,66.8503,
HD 191939 f,HD 191939,6,Radial Velocity,2022,2898,3.71,13.2,915.346,125,0,5348,0.94,0.81,G9 V,53.6089,302.02562,66.8503,
HD 192263 b,HD 192263,1,Radial Velocity,1999,24.3556,0.15,14.2,177.985,486,0.05,4976,0.74,0.66,K2 V,19.6359,303.49909,-0.86576,
HD 192310 b,HD 192310,2,Radial Velocity,2011,74.72,0.32,4.27,16.9,355,0.13,5166,0.8579,0.8,K3V,8.7969,303.82847,-27.03376,
HD 192310 c,HD 192310,2,Radial Velocity,2011,525.8,1.18,5.25,24,185,0.32,5166,0.8579,0.8,K3V,8.7969,303.82847,-27.03376,
HD 192699 b,HD 192699,1,Radial Velocity,2007,340.94,1.063,13.4,666.172,495.1,0.082,5041,4.41,1.38,G8 IV,71.8627,304.02484,4.58057,
HD 194490 b,HD 194490,1,Radial Velocity,2022,13092.18348,11.116,12.4,3561.903,90.9,0.251,5861,1.1491,1.06,,80.2349,306.99801,-51.66446,
HD 195019 b,HD 195019,1,Radial Velocity,1998,18.20132,0.14,13,1264.963,901.7,0.01,5751,1.48,1.21,G3 IV-V,37.6681,307.07924,18.76925,
HD 196050 b,HD 196050,1,Radial Velocity,2002,1392,2.65,12.9,1493.794,207.5,0.2,5879,1.42,1.27,G3 V,50.6742,309.46378,-60.63476,
HD 196067 c,HD 196067,2,Radial Velocity,2025,4.601088,0.056885,3.21,10.4,,0.235,6072,1.71,1.16,G0 V,39.9346,310.43642,-75.3515,a
HD 196067 b,HD 196067,2,Radial Velocity,2012,3413.7,4.71,12.4,3623.244,176.4,0.5629,6072,1.71,1.16,G0 V,39.9346,310.43642,-75.3515,
HD 19615 b,HD 19615,1,Radial Velocity,2022,402,1.1,12.6,2701.541,1113.9,0.2,4263,32.3,1.1,K0,265.155,48.78133,73.86801,
HD 196885 A b,HD 196885 A,1,Radial Velocity,2007,1333,2.37,13.2,819.97,224.2,0.48,6254,1.31,1.28,F8 V,34.1692,309.96646,11.25002,
HD 197037 b,HD 197037,1,Radial Velocity,2012,1035.7,2.07,13.9,251,216.7,0.22,6150,1.105,1.11,F7 V,33.1944,309.88697,42.24759,
HD 199509 b,HD 199509,1,Radial Velocity,2022,99.62167,0.426,7.43,43.225,410.7,0.373,5796,0.92,1.04,G3V,24.3056,317.34456,-82.02749,
HD 19994 b,HD 19994,1,Radial Velocity,2003,466.2,1.305,13.6,435.41,350.1,0.063,6188,1.7965,1.365,F8 V,22.5242,48.19432,-1.1964,
HD 20003 b,HD 20003,2,Radial Velocity,2019,11.8482,0.0974,3.43,11.66,814.9,0.36,5494,0.9216,0.875,G8 V,41.8316,46.90901,-72.32192,
HD 20003 c,HD 20003,2,Radial Velocity,2019,33.9239,0.1964,3.89,14.44,573.9,0.1,5494,0.9216,0.875,G8 V,41.8316,46.90901,-72.32192,
HD 200964 b,HD 200964,2,Radial Velocity,2010,606.3,1.565,13.5,508.21,425.9,0.087,4982,4.92,1.39,G8 IV,72.5922,316.66642,3.80334,
HD 200964 c,HD 200964,2,Radial Velocity,2010,852.5,1.96,13.7,385.846,380.6,0.243,4982,4.92,1.39,G8 IV,72.5922,316.66642,3.80334,
HD 202206 c,HD 202206,1,Radial Velocity,2004,1260,2.41,12.2,5689.157,182.7,0.22,5766,1.04,1.07,G6 V,45.9665,318.74052,-20.78973,
HD 202696 b,HD 202696,2,Radial Velocity,2019,517.8,1.566,,634.389,492.5,0.011,5040,6.43,1.91,K0 III-IV,188.546,319.22503,27.25828,
HD 202696 c,HD 202696,2,Radial Velocity,2019,946.6,2.342,,592.435,402.7,0.028,5040,6.43,1.91,K0 III-IV,188.546,319.22503,27.25828,
HD 202772 A b,HD 202772 A,1,Transit,2019,3.308877,0.05208,18.237,323.549,2181,0.03,6442,2.554,1.721,,161.498,319.69959,-26.61637,
HD 203030 b,HD 203030,1,Imaging,2006,4049985.72226,487.1,14.46,3496.112,1040,,5603,0.8565,0.94,G8 V,39.2503,319.74322,26.23058,p
HD 20329 b,HD 20329,1,Transit,2022,0.926118,0.018,1.72,7.42,2141,0,5596,1.13,0.9,,63.6796,49.17812,15.65635,
HD 203387 b,HD 203387,2,Radial Velocity,2022,512.5352,1.771,13.1,1106.043,610,0.732,5174,10.5852,2.817,,61.7477,320.56178,-16.83452,
HD 203387 c,HD 203387,2,Radial Velocity,2022,2481.07227,5.067,12.6,2378.946,360.6,0.202,5174,10.5852,2.817,,61.7477,320.56178,-16.83452,
HD 2039 b,HD 2039,1,Radial Velocity,2002,1120,2.2,12.7,1999.151,210.8,0.71,5945,1.19,1.23,G2/G3 IV/V,85.6922,6.08511,-56.64999,
HD 204313 c,HD 204313,3,Radial Velocity,2015,34.95875,0.211,4.31,17.163,635,0.059,5767,1.1,1.03,G5 V,47.7945,322.05106,-21.72742,
HD 204313 b,HD 204313,3,Radial Velocity,2010,2041.11539,3.185,12.9,1466.778,163.4,0.1,5767,1.1,1.03,G5 V,47.7945,322.05106,-21.72742,
HD 204313 e,HD 204313,3,Radial Velocity,2022,7325.64666,7.457,12.2,4868.178,106.8,0.253,5767,1.1,1.03,G5 V,47.7945,322.05106,-21.72742,
HD 204941 b,HD 204941,1,Radial Velocity,2011,1733,2.55,10.1,73.101,134,0.37,5026,0.78,0.58,K1/2V,28.7165,323.09667,-20.95796,
HD 205158 b,HD 205158,1,Radial Velocity,2022,25.33798,0.177,13.9,124.589,963.2,0.145,6134,1.8774,1.16,,86.6159,323.91862,-59.69331,
HD 205739 b,HD 205739,1,Radial Velocity,2008,279.8,0.896,13.6,435.41,362.8,0.27,6176,1.33,1.22,F7 V,92.5087,324.53513,-31.73784,
HD 206255 b,HD 206255,1,Radial Velocity,2019,96.045,0.461,6.47,34.2,596.5,0.23,5635,2.2215,1.42,G5 IV/V,75.2363,325.59178,-50.09359,
HD 206610 b,HD 206610,1,Radial Velocity,2009,673.2,1.74,13.4,647.102,437.9,0.1,4842,6.12,1.55,K0 III,147.192,325.85376,-7.40825,
HD 206893 c,HD 206893,2,Imaging,2022,2290,3.74,16.365,3527.895,1181.9,0.283,6500,1.3112,1.31,F5 V,40.7583,326.34169,-12.78335,
HD 206893 b,HD 206893,2,Imaging,2021,11100,10.75,14.011,6197.654,1429.2,0.069,6500,1.3112,1.31,F5 V,40.7583,326.34169,-12.78335,
HD 207496 b,HD 207496,1,Transit,2023,6.441008,0.0629,2.25,6.1,743,0.231,4819,0.769,0.8,K2.5 V,23.606,328.71817,-77.3388,
HD 20781 b,HD 20781,5,Radial Velocity,2019,5.3135,0.0529,1.21,1.93,1006.1,0.1,5256,0.8336,0.7,K0 V,35.9715,50.01398,-28.78412,
HD 20781 c,HD 20781,5,Radial Velocity,2019,13.8905,0.1004,2.17,5.33,730.3,0.09,5256,0.8336,0.7,K0 V,35.9715,50.01398,-28.78412,
HD 20781 d,HD 20781,5,Radial Velocity,2019,29.158,0.1647,3.25,10.61,570.2,0.11,5256,0.8336,0.7,K0 V,35.9715,50.01398,-28.78412,
HD 20781 e,HD 20781,5,Radial Velocity,2019,85.5073,0.3374,3.83,14.03,398.4,0.06,5256,0.8336,0.7,K0 V,35.9715,50.01398,-28.78412,
HD 20782 b,HD 20782,5,Radial Velocity,2006,597.0643,1.3649,13.6,472.83,253.3,0.95,5782,1.1268,1.04,G1.5 V,35.9864,50.01662,-28.85435,
HD 207832 b,HD 207832,2,Radial Velocity,2012,160.07,0.586,14.2,177.985,340.3,0.197,5726,0.89,1.05,G5 V,58.9291,328.15179,-26.02717,
HD 207832 c,HD 207832,2,Radial Velocity,2012,1155.7,2.112,14,232.016,179.8,0.27,5710,0.901,0.94,G5 V,58.9291,328.15179,-26.02717,
HD 207897 b,HD 207897,1,Transit,2021,16.20166,0.117,2.343,14.8,581.8,0,5106,0.7827,0.8208,K0 V,28.2938,325.20165,84.33376,
HD 20794 b,HD 20794,4,Radial Velocity,2011,18.314,0.1257,1.45,2.7,660,0.064,5368,0.93,0.79,G6 V,6.0028,49.99977,-43.06665,
HD 20794 d,HD 20794,4,Radial Velocity,2011,89.68,0.3625,2.04,4.8,388,0.077,5368,0.93,0.79,G6 V,6.0028,49.99977,-43.06665,
HD 20794 e,HD 20794,4,Radial Velocity,2017,147.02,0.509,2.03,4.77,352,0.29,5401,0.93,0.813,G8,6.0028,49.99977,-43.06665,
HD 20794 f,HD 20794,4,Radial Velocity,2025,647.6,1.3541,2.28,5.82,214.5,0.45,5368,0.93,0.79,G6 V,6.0028,49.99977,-43.06665,
HD 208487 b,HD 208487,1,Radial Velocity,2004,129.36,0.53,14.3,146.201,437.6,0.37,6134,1.16,1.15,G2 V,45.147,329.33325,-37.76414,
HD 208527 b,HD 208527,1,Radial Velocity,2012,875.5,2.1,12.5,3146.4,959.8,0.08,4035,51.1,1.6,M1 III,312.202,329.09994,21.23992,
HD 20868 b,HD 20868,1,Radial Velocity,2008,380.85001,0.95,13.7,397.288,207.1,0.75,4802,0.76,0.39,K3/4 IV,47.7223,50.17941,-33.72969,
HD 208897 b,HD 208897,1,Radial Velocity,2017,358.27,1.063,13.7,379.487,507.2,0.02,4860,4.98,1.25,K0,67.4872,329.74906,19.02016,
HD 209458 b,HD 209458,1,Radial Velocity,1999,3.524749,0.04707,15.581,232.016,1459,0,6091,1.19,1.23,G0 V,48.3016,330.79502,18.88424,
HD 210193 b,HD 210193,1,Radial Velocity,2019,649.918,1.487,14.3,153.1,235.7,0.24,5790,1.0597,1.04,G3 V,42.2029,332.39513,-41.22521,
HD 210277 b,HD 210277,1,Radial Velocity,1998,442.19,1.13,13.6,410.001,259.9,0.48,5538,1.07,1.01,G0 V,21.2985,332.37481,-7.5506,
HD 210702 b,HD 210702,1,Radial Velocity,2007,355.5,1.079,13.6,481.51,485.9,0.071,4912,4.54,1.33,K1 IV,54.1963,332.96386,16.04048,
HD 211403 b,HD 211403,1,Radial Velocity,2021,223.8,0.768,12.8,1760.769,380,0.084,6273,1.206,1.2,F7 V,83.0919,333.81582,58.27556,
HD 211810 b,HD 211810,1,Radial Velocity,2018,1558,2.656,14,212.946,177.8,0.68,5652,1.13,1.03,G5,64.6353,334.52867,61.13499,
HD 211970 b,HD 211970,1,Radial Velocity,2019,25.201,0.143,3.66,13,398.8,0.15,4127,0.5742,0.61,K7 V,13.1277,335.56616,-54.5596,
HD 212301 b,HD 212301,1,Radial Velocity,2005,2.24571,0.03,14.2,162.093,1870.8,0,6239,1.16,1.55,F8 V,54.2304,336.8804,-77.71832,
HD 212771 b,HD 212771,1,Radial Velocity,2009,380.7,1.19,13.3,759.614,507.7,0.076,5003,5.27,1.56,G8 IV,111.155,336.76241,-17.2641,
HD 213240 b,HD 213240,1,Radial Velocity,2001,882.70001,1.89,12.8,1655.886,257.7,0.42,5979,1.51,1.57,G0/1 V,40.8707,337.75063,-49.4341,
HD 213472 b,HD 213472,1,Radial Velocity,2021,17000,13,13.1,1112.399,91.8,0.53,5730,1.4339,1.0481,,64.4527,337.707,40.72223,
HD 213519 b,HD 213519,1,Radial Velocity,2022,11.12214,0.099,2.99,9.217,931.4,0.413,5840,1.0829,1.05,,41.0014,337.77278,45.14525,
HD 213885 b,HD 213885,2,Transit,2019,1.008035,0.02012,1.745,8.83,2128,0,5978,1.1011,1.068,G,48.0883,338.98372,-59.86483,
HD 213885 c,HD 213885,2,Radial Velocity,2019,4.78503,0.056798,4.71,19.95,1265.4,0,5978,1.1011,1.068,G,48.0883,338.98372,-59.86483,
HD 21411 b,HD 21411,1,Radial Velocity,2019,84.288,0.362,9.52,65.9,408.2,0.4,5605,0.8256,0.89,G8 V,29.1328,51.54742,-30.61684,
HD 214823 b,HD 214823,1,Radial Velocity,2016,1854.84424,3.08,12.1,5914.787,243.9,0.161,6215,2.04,1.115,G0,101.368,340.08321,31.78752,
HD 215152 b,HD 215152,4,Radial Velocity,2018,5.75999,0.057638,,565.417,846.9,0,4935,0.73,0.77,K3 V,21.5974,340.83809,-6.40207,
HD 215152 c,HD 215152,4,Radial Velocity,2018,7.28243,0.067393,,468.797,783.2,0,4935,0.73,0.77,K3 V,21.5974,340.83809,-6.40207,
HD 215152 d,HD 215152,4,Radial Velocity,2018,10.86499,0.08799,,770.416,685.4,0,4935,0.73,0.77,K3 V,21.5974,340.83809,-6.40207,
HD 215152 e,HD 215152,4,Radial Velocity,2018,25.1967,0.15417,,975.415,517.8,0,4935,0.73,0.77,K3 V,21.5974,340.83809,-6.40207,
HD 21520 b,HD 21520,1,Transit,2024,25.1292,0.1726,2.697,17.7,637,0,5871,1.044,1.09,,79.208,51.64034,-43.61366,
HD 215497 b,HD 215497,2,Radial Velocity,2009,3.93404,0.05,,1588.824,1016,0.16,5110,0.85,0.67,K3 V,40.5468,341.65271,-56.5998,
HD 215497 c,HD 215497,2,Radial Velocity,2009,566,1.31,13,111.24,198.6,0.47,5113,0.85,0.92,K3 V,40.5468,341.65271,-56.5998,
HD 216435 b,HD 216435,1,Radial Velocity,2002,1311,2.56,13.7,400.4,242.6,0.07,5999,1.8,1.3,G0 V,32.9834,343.40947,-48.59863,
HD 216437 b,HD 216437,1,Radial Velocity,2002,1359,2.57,13,1334.879,209.8,0.31,5909,1.394,1.22,G1 V,26.6902,343.66396,-70.0734,
HD 216520 b,HD 216520,2,Radial Velocity,2020,35.45,0.198,3.18,10.26,482.1,0.09,5103,0.76,0.82,K2,19.552,341.87687,83.69753,
HD 216520 c,HD 216520,2,Radial Velocity,2020,154.43,0.528,3.03,9.44,295.2,0.12,5103,0.76,0.82,K2,19.552,341.87687,83.69753,
HD 216536 b,HD 216536,1,Radial Velocity,2015,148.60001,0.61,13.8,333.721,898,0.38,4639,9.83,0.81,K0,376.233,343.26656,44.47773,
HD 216770 b,HD 216770,1,Radial Velocity,2003,118.45,0.46,14.1,181.163,370.2,0.37,5399,0.93,0.74,G9 V CN+1,36.6625,343.97488,-26.65953,
HD 21693 b,HD 21693,2,Radial Velocity,2019,22.6786,0.1455,2.8,8.23,656.4,0.12,5430,0.9144,0.8,G8 V,33.255,51.80405,-58.32327,
HD 21693 c,HD 21693,2,Radial Velocity,2019,53.7357,0.2586,4.34,17.37,492.4,0.07,5430,0.9144,0.8,G8 V,33.255,51.80405,-58.32327,
HD 217107 b,HD 217107,2,Radial Velocity,1998,7.127017,0.07359,13.6,459.58,1105.8,0.1284,5622,1.2245,1.045,G,20.0619,344.56472,-2.39545,
HD 217107 c,HD 217107,2,Radial Velocity,2005,5138.7,5.922,12.9,1388.91,123.3,0.3918,5622,1.2245,1.045,G,20.0619,344.56472,-2.39545,
HD 217786 c,HD 217786,2,Radial Velocity,2022,2.52221,0.038,2.61,7.31,1663.1,0.399,5966,1.27,1.14,F8 V,55.4847,345.78381,-0.43036,
HD 217786 b,HD 217786,2,Radial Velocity,2011,1301.36009,2.446,12.3,4402.559,207.3,0.311,5966,1.27,1.14,F8 V,55.4847,345.78381,-0.43036,
HD 217958 b,HD 217958,1,Radial Velocity,2022,2560.19774,3.758,14.2,166.542,169.9,0.156,5931,1.3262,1.08,,61.7957,346.13658,-25.69178,
HD 218566 b,HD 218566,1,Radial Velocity,2010,225.7,0.69,9.32,63.566,253.2,0.3,4730,0.85,0.76,K3V,28.8274,347.29742,-2.26116,
HD 219077 b,HD 219077,1,Radial Velocity,2012,5478.68861,5.935,12.5,3057.509,146.7,0.768,5362,1.91,0.92,G8 V+,29.1864,348.53194,-62.70183,
HD 219134 b,HD 219134,6,Radial Velocity,2015,3.092926,0.03876,1.602,4.74,1015,0,4699,0.778,0.81,K3 V,6.5313,348.3372,57.16963,
HD 219134 c,HD 219134,6,Radial Velocity,2015,6.76458,0.0653,1.511,4.36,782,0.062,4699,0.778,0.81,K3 V,6.5313,348.3372,57.16963,
HD 219134 f,HD 219134,6,Radial Velocity,2015,22.717,0.1463,1.31,7.3,522.6,0.148,4699,0.778,0.81,K3 V,6.5313,348.3372,57.16963,
HD 219134 d,HD 219134,6,Radial Velocity,2015,46.859,0.237,1.61,16.17,410.5,0.138,4699,0.778,0.81,K3 V,6.5313,348.3372,57.16963,
HD 219134 g,HD 219134,6,Radial Velocity,2015,94.2,0.3753,3.28,10.806,339.3,0,4913,0.77,0.794,K3 V,6.5313,348.3372,57.16963,
HD 219134 h,HD 219134,6,Radial Velocity,2015,2247,3.11,12.7,108.062,117.9,0.06,4913,0.77,0.794,K3 V,6.5313,348.3372,57.16963,
HD 219139 b,HD 219139,1,Radial Velocity,2021,275.5,0.94,14,247.906,804.8,0.11,4831,11.22,1.46,G5 III,104.935,348.36041,11.06498,
HD 219415 b,HD 219415,1,Radial Velocity,2012,2093.3,3.2,13.8,317.83,221.3,0.4,4820,2.9,1,K0 III,165.184,348.72436,56.7303,
HD 219666 b,HD 219666,1,Transit,2018,6.034468,0.06356,4.898,17.6,1076,0.05,5540,1.059,1.02,G5 V,94.1719,349.55927,-56.90399,
HD 219828 b,HD 219828,2,Radial Velocity,2007,3.83483,0.049,4.59,19.07,1602.8,0.091,5891,1.56,1.04,G0 IV,73.114,349.6947,18.64575,
HD 219828 c,HD 219828,2,Radial Velocity,2016,4789.87297,5.657,12.2,5102.417,149.2,0.811,5891,1.56,1.04,G0 IV,73.114,349.6947,18.64575,
HD 220074 b,HD 220074,1,Radial Velocity,2012,672.09998,1.6,12.2,5288.691,1069.9,0.14,3787,54.92,2.2,M2 III,324.54,350.05998,61.97011,
HD 220197 b,HD 220197,1,Radial Velocity,2018,1728,2.729,9.32,63.566,164.2,0.187,5683,0.98,0.91,G5,64.411,350.49469,16.63233,
HD 220689 b,HD 220689,1,Radial Velocity,2012,2266.4,3.396,13.7,381.394,160.1,0.054,5921,1.068,1.016,G3 V,46.8778,351.47073,-20.61679,
HD 220773 b,HD 220773,1,Radial Velocity,2011,3724.7,4.94,13.6,460.8,167,0.51,5940,1.6797,1.16,F9,50.5103,351.61447,8.64289,
HD 220842 b,HD 220842,1,Radial Velocity,2016,218.47,0.74,13.1,1010.699,397.6,0.404,5960,1.4165,1.13,F8,64.6498,351.65342,56.88714,
HD 221287 b,HD 221287,1,Radial Velocity,2007,456.1,1.25,13.1,982.05,290.1,0.08,6304,1.1386,1.25,F7 V,55.9231,352.83622,-58.20975,
HD 221416 b,HD 221416,1,Transit,2019,14.2767,0.1228,9.17,60.5,1314.7,0.115,5080,2.943,1.212,K0 IV/V,95.5483,353.03319,-21.8012,
HD 221420 b,HD 221420,1,Radial Velocity,2019,10090,10.15,12,7278.271,123.5,0.14,5847,1.947,1.351,G2 IV-V,31.1415,353.3319,-77.38533,
HD 221585 b,HD 221585,1,Radial Velocity,2016,1173,2.306,13.5,511.706,242.8,0.123,5620,1.8506,1.19,G8 IV,55.8535,353.22938,63.15561,
HD 222076 b,HD 222076,1,Radial Velocity,2016,871,1.83,13.5,495.815,346.9,0.08,4806,4.1,1.07,K0 III,91.1538,354.53198,-70.90325,
HD 222155 b,HD 222155,1,Radial Velocity,2011,3999,5.14,13.4,581.626,164.9,0.16,5701,1.85,1.21,G2 V,50.6078,354.50256,48.99602,
HD 222237 b,HD 222237,1,Radial Velocity,2024,14892,10.8,12.8,1649.529,58.7,0.56,4751,0.71,0.76,K3 V,11.4469,354.90786,-72.72533,
HD 222582 b,HD 222582,1,Radial Velocity,1999,572.38,1.34,12.6,2660.237,256.4,0.73,5790,1.13,1.12,G5 V,42.1586,355.46408,-5.98624,
HD 224018 b,HD 224018,3,Radial Velocity,2025,10.6413,0.0952,0.91,4.1,968,0.06,5784,1.147,1.013,G V,105.48,358.63901,-4.72334,
HD 224018 c,HD 224018,3,Transit,2025,36.57669,0.217,2.42,10.4,641,0.02,5784,1.147,1.013,G V,105.48,358.63901,-4.72334,
HD 224018 d,HD 224018,3,Transit,2025,138.0731,0.53,2.4,4.2,411,0.04,5784,1.147,1.013,G V,105.48,358.63901,-4.72334,
HD 224538 b,HD 224538,1,Radial Velocity,2016,1202.05199,2.375,12.7,2075.737,236.7,0.476,6097,1.54,1.23,F8/G0 IV/V,79.0608,359.71643,-61.58686,
HD 224693 b,HD 224693,1,Radial Velocity,2006,26.6904,0.191,14,222.481,903.5,0.104,5894,1.93,1.31,G2 V,93.5015,359.97498,-22.428,
HD 22496 b,HD 22496,1,Radial Velocity,2021,5.09071,0.051,2.22,5.57,573,,4385,0.674,0.684,K5/M0V,13.5956,53.75654,-48.41782,
HD 22532 b,HD 22532,1,Radial Velocity,2022,872.6,1.9,13.4,673.796,420.4,0.03,5038,5.69,1.57,G8 III/IV,161.183,53.81485,-49.41727,
HD 22781 b,HD 22781,1,Radial Velocity,2011,528.07,1.167,12.3,4338.2,193.5,0.8191,5027,0.7435,0.75,K1,32.6034,55.20656,31.82589,
TOI-411 b,HD 22946,3,Transit,2022,4.040295,0.05727,1.362,13.71,1241,0.126,6169,1.117,1.098,F7/F8V,62.7792,54.81954,-42.76303,
TOI-411 c,HD 22946,3,Transit,2022,9.573083,0.1017,2.328,9.72,931,0.16,6169,1.117,1.098,F7/F8V,62.7792,54.81954,-42.76303,
HD 22946 d,HD 22946,3,Transit,2023,47.42489,0.2958,2.607,26.57,546,,6169,1.117,1.098,F7/F8V,62.7792,54.81954,-42.76303,
HD 23079 c,HD 23079,2,Radial Velocity,2025,5.748913,0.065991,2.8,8.26,,0.097,5994,1.08,1.16,F9.5 V,33.4591,54.92819,-52.91623,a
HD 23079 b,HD 23079,2,Radial Velocity,2001,735.74,1.6,13.2,845.424,237.5,0.0735,5994,1.08,1.16,F9.5 V,33.4591,54.92819,-52.91623,
HD 23127 b,HD 23127,1,Radial Velocity,2006,1211.17,2.37,13.5,485.326,223.4,0.406,5843,1.49,1.208,G2 V,93.8555,54.84913,-60.07723,
HD 231701 b,HD 231701,1,Radial Velocity,2007,141.63,0.567,13.7,359.148,483.3,0.13,6101,1.53,1.21,F8 V,108.877,293.01762,16.47436,
HD 233604 b,HD 233604,1,Radial Velocity,2013,192,0.747,12.7,2089.644,882.5,0.05,4791,10.9,1.5,K5,847.058,137.45351,53.5682,
HD 233832 b,HD 233832,1,Radial Velocity,2018,2058,2.827,13.5,565.737,117.8,0.359,4981,0.68,0.71,G0,58.742,171.51965,50.37631,
HD 23472 d,HD 23472,5,Transit,2022,3.97664,0.04298,0.75,0.55,909,0.07,4684,0.71,0.67,K4 V,39.0341,55.45903,-62.76727,
HD 23472 e,HD 23472,5,Transit,2022,7.90754,0.068,0.818,0.72,723,0.07,4684,0.71,0.67,K4 V,39.0341,55.45903,-62.76727,
HD 23472 f,HD 23472,5,Transit,2022,12.162184,0.0906,1.137,0.77,630,0.07,4684,0.71,0.67,K4 V,39.0341,55.45903,-62.76727,
HD 23472 b,HD 23472,5,Transit,2019,17.667087,0.1162,2,8.32,543,0.072,4684,0.71,0.67,K4 V,39.0341,55.45903,-62.76727,
HD 23472 c,HD 23472,5,Transit,2019,29.79749,0.1646,1.87,3.41,467,0.063,4684,0.71,0.67,K4 V,39.0341,55.45903,-62.76727,
HD 235088 b,HD 235088,1,Transit,2023,7.434132,0.0706,1.982,4.15,805,0,5075,0.772,0.849,K V,41.1706,300.61545,53.37744,
HD 23596 b,HD 23596,1,Radial Velocity,2003,1535.11912,2.694,12.4,3786.608,219.5,0.282,6040,1.53,1.1,F8,52.0018,57.00186,40.53073,
HD 238090 b,HD 238090,1,Radial Velocity,2020,13.671,0.0932,2.52,6.89,469.6,0.3,3933,0.57,0.578,M0.0 V,15.2354,183.08864,54.48615,
HD 238914 b,HD 238914,1,Radial Velocity,2018,4100,5.7,12.8,1906.98,343.7,0.56,4769,12.73,1.47,K7,519.452,279.58421,59.25388,
HD 240210 b,HD 240210,1,Radial Velocity,2009,501.75,1.16,12.8,1655.82,970.7,0.15,4297,25.4568,0.82,K3 III,372.405,347.62192,57.02948,
HD 240237 b,HD 240237,1,Radial Velocity,2011,745.70001,1.92,12.2,5050.319,1153.1,0.4,3926,71.23,8.76,K2 III,933.377,348.92593,58.04322,
HD 24040 c,HD 24040,2,Radial Velocity,2021,515.4,1.3,9.35,63.884,287.8,0.11,5776,1.3873,1.1039,G0 V,46.6224,57.59621,17.47529,
HD 24040 b,HD 24040,2,Radial Velocity,2006,3668,4.92,12.9,1589.142,143.8,0.04,5802,1.3,1.11,G0 V,46.6224,57.59621,17.47529,
HD 24064 b,HD 24064,1,Radial Velocity,2015,535.59998,1.29,12.3,4096.829,1088,0.35,4052,40,1.61,K0,300.247,59.15101,74.08008,
HD 24085 b,HD 24085,1,Radial Velocity,2019,2.0455,0.034,3.46,11.8,1875.4,0.22,6034,1.4126,1.22,G0 V,54.9004,56.25634,-70.02452,
HD 25015 b,HD 25015,1,Radial Velocity,2019,6134.427,6.248,12.5,2884.928,90.7,0.341,5160,0.83,0.86,K2 V,37.433,59.43355,-20.26733,
HD 25171 b,HD 25171,1,Radial Velocity,2010,1802.29,2.971,13.9,290.814,190,0.042,6125,1.23,1.076,F8 V,55.6146,58.95748,-65.18632,
HD 25463 c,HD 25463,2,Transit,2023,3.04405,0.0443,1.364,4.3,1585.6,0,6353,1.4182,1.251,,45.6181,60.74834,9.20777,
HD 25463 b,HD 25463,2,Transit,2023,7.049142,0.076,2.545,8.7,1198.5,0,6353,1.4182,1.251,,45.6181,60.74834,9.20777,
HD 25723 b,HD 25723,1,Radial Velocity,2020,457.01,1.49,13.3,794.571,698.4,0.04,4766,13.76,2.12,K1 III,114.816,61.09472,-12.79222,
HD 25912 b,HD 25912,2,Radial Velocity,2022,41.83156,0.242,6.9,38.139,579.2,0.05,5921,0.9959,1.08,,49.1661,60.9075,-51.93151,
HD 25912 c,HD 25912,2,Radial Velocity,2022,26308.65619,17.848,12.2,5252.75,67.4,0.051,5921,0.9959,1.08,,49.1661,60.9075,-51.93151,
HD 260655 b,HD 260655,2,Transit,2022,2.76953,0.02933,1.24,2.14,709,0.039,3803,0.439,0.439,M0 V,10.0055,99.29154,17.56627,
HD 260655 c,HD 260655,2,Transit,2022,5.70588,0.04749,1.533,3.09,557,0.038,3803,0.439,0.439,M0 V,10.0055,99.29154,17.56627,
HD 26161 b,HD 26161,1,Radial Velocity,2021,10942.29013,10.087,11.9,9045.396,111,0.922,6058,1.456,1.12,,40.9128,62.41223,31.65243,
HD 2638 b,HD 2638,1,Radial Velocity,2005,3.4442,0.04,14.3,133.489,1212.3,0,5186,0.94,0.77,K1 V,54.9621,7.499,-5.76496,
HD 2685 b,HD 2685,1,Transit,2019,4.12688,0.0568,16.141,371.861,2061,0.091,6801,1.56,1.43,,196.852,7.32892,-76.30403,
HD 27442 b,HD 27442,1,Radial Velocity,2000,428.1,1.271,13.5,495.8,369.6,0.06,4846,3.18,1.23,K1/2III,18.2704,64.12055,-59.30288,
HD 27631 b,HD 27631,1,Radial Velocity,2012,2198.14,3.242,13.5,495.812,147.6,0.141,5737,0.923,0.944,G3 IV/V,50.2862,64.93922,-41.96066,
HD 27894 b,HD 27894,3,Radial Velocity,2005,18.01939,0.125,14.1,196.736,627.9,0.047,4875,0.8918,0.81,K2 V,43.8214,65.19757,-59.40968,
HD 27894 c,HD 27894,3,Radial Velocity,2017,36.07,0.198,8.24,51.488,498.9,0.015,4875,0.8918,0.8,K2 V,43.8214,65.19757,-59.40968,
HD 27894 d,HD 27894,3,Radial Velocity,2017,5019.54244,5.362,12.7,2063.66,95.9,0.343,4875,0.8918,0.81,K2 V,43.8214,65.19757,-59.40968,
HD 27969 b,HD 27969,1,Radial Velocity,2021,654.5,1.552,12.9,1525.576,261,0.182,5966,1.27,1.16,G0 V,67.9328,66.70684,42.90872,
HD 28109 b,HD 28109,3,Transit,2022,22.891054,0.1357,2.69,6.2,867,0.0071,6189,1.425,1.227,F8,139.611,65.23831,-68.10269,
HD 28109 c,HD 28109,3,Transit,2022,55.99712,0.308,4.13,9.2,643,0.0039,6189,1.425,1.227,F8,139.611,65.23831,-68.10269,
HD 28109 d,HD 28109,3,Transit,2022,84.2899,0.411,3.11,5.8,561,0.0054,6189,1.425,1.227,F8,139.611,65.23831,-68.10269,
HD 28185 b,HD 28185,2,Radial Velocity,2001,385.92,1.034,12.8,1859.296,271.9,0.063,5602,1.048,0.974,G5,39.3809,66.61005,-10.55108,
HD 28185 c,HD 28185,2,Radial Velocity,2022,9090,8.5,12.8,1906.97,94.8,0.15,5602,1.048,0.974,G5,39.3809,66.61005,-10.55108,
HD 28192 b,HD 28192,1,Radial Velocity,2022,14.23283,0.118,12.2,99.798,860,0.104,5920,1.0709,1.08,,49.8063,66.70325,-1.72448,
HD 28254 b,HD 28254,1,Radial Velocity,2010,1333,2.45,13,1207.748,212.3,0.95,5664,1.48,1.1,G5 V,55.2884,66.21081,-50.62281,
HD 284149 AB b,HD 284149 A,1,Imaging,2017,3076158.421251,431.16,12,8352.531,2395,,6035,1.36,1.13,,117.807,61.66169,20.30303,p
HD 28471 b,HD 28471,3,Radial Velocity,2025,3.1649,0.042,1.75,3.72,1377,0.195,5766,1.08,0.98,G5 V,43.6455,66.28752,-64.07869,
HD 28471 c,HD 28471,3,Radial Velocity,2025,6.1245,0.065,2.26,5.72,1066,0.088,5766,1.08,0.98,G5 V,43.6455,66.28752,-64.07869,
HD 28471 d,HD 28471,3,Radial Velocity,2025,11.681,0.1,2.06,4.91,945,0.093,5766,1.08,0.98,G5 V,43.6455,66.28752,-64.07869,
HD 285507 b,HD 285507,1,Radial Velocity,2013,6.0881,0.06,13.8,311.473,736.4,0.09,4503,0.69,0.82,K4.5 V,45.0293,61.75566,15.33494,
HD 285968 b,HD 285968,1,Radial Velocity,2008,8.7836,0.066,2.83,8.4,450,0,3703,0.4782,0.5,M2 V,9.4704,70.73539,18.95336,
HD 28678 b,HD 28678,1,Radial Velocity,2011,380.2,1.18,13.5,490.094,561.8,0.149,4972,6.48,1.53,G8 IV,189.908,67.85606,4.57525,
HD 29021 b,HD 29021,1,Radial Velocity,2017,1365,2.294,12.9,1420.693,163.2,0.453,5560,0.85,0.86,G5,30.9939,69.46814,60.6763,
HD 290327 b,HD 290327,1,Radial Velocity,2009,2443,3.43,13.3,772.327,139.7,0.08,5505,0.95,0.84,G8 V,56.433,80.83999,-2.27804,
HD 29399 b,HD 29399,1,Radial Velocity,2022,892.7,1.913,13.5,498.991,358.3,0.05,4845,4.5,1.17,K1 III,44.1518,68.39035,-62.82376,
HD 2952 b,HD 2952,1,Radial Velocity,2013,312.08,1.117,13.9,284.774,731,0.269,4853,10.9,1.91,K0 III,110.103,8.29384,54.89482,
HD 29985 b,HD 29985,1,Radial Velocity,2022,20608.14049,13.39,12.8,1739.475,46.7,0.261,4678,0.5747,0.75,,31.2707,70.52166,-33.92107,
HD 30177 b,HD 30177,2,Radial Velocity,2002,2539,3.49,12.6,2622.084,148,0.186,5680,1.019,0.98,G8 V,55.5867,70.4771,-58.02081,
HD 30177 c,HD 30177,2,Radial Velocity,2016,11320,9.9,12.9,1484.259,87.9,0.21,5680,1.019,0.98,G8 V,55.5867,70.4771,-58.02081,
HD 30562 b,HD 30562,1,Radial Velocity,2009,1157,2.34,13.6,467.208,235.3,0.76,5882,1.61,1.12,G2 IV,26.1597,72.15295,-5.67512,
HD 30669 b,HD 30669,1,Radial Velocity,2014,1684,2.69,14.3,149.37,151.4,0.18,5400,0.91,0.92,G9 V,58.0844,72.11985,-28.41908,
TOI-784 b,HD 307842,1,Transit,2023,2.797036,0.038,1.93,9.67,1256,0,5558,0.907,0.91,G,64.5997,159.34122,-63.65569,
HD 30856 b,HD 30856,1,Radial Velocity,2011,847,1.85,13.5,491.683,364,0.061,4895,4.4,1.17,K0 III,131.199,72.57451,-24.36893,
HD 31253 b,HD 31253,1,Radial Velocity,2010,466,1.26,14.1,197.055,348.4,0.3,6130,1.75,1.7,F8,58.1438,73.68229,12.35201,
HD 31527 b,HD 31527,3,Radial Velocity,2019,16.5535,0.1254,3.22,10.47,832.2,0.1,5898,1.0737,0.96,G2 V,38.4473,73.90962,-23.24132,
HD 31527 c,HD 31527,3,Radial Velocity,2019,51.2053,0.2663,3.85,14.16,571.1,0.04,5898,1.0737,0.96,G2 V,38.4473,73.90962,-23.24132,
HD 31527 d,HD 31527,3,Radial Velocity,2019,271.6737,0.8098,3.46,11.82,327.5,0.24,5898,1.0737,0.96,G2 V,38.4473,73.90962,-23.24132,
HD 3167 b,HD 3167,4,Transit,2016,0.959641,0.01796,1.67,4.97,1774,0,5261,0.88,0.837,K0 V,47.2899,8.74015,4.38072,
HD 3167 d,HD 3167,4,Radial Velocity,2017,8.4112,0.0763,1.92,4.33,859.5,0.12,5261,0.88,0.837,K0 V,47.2899,8.74015,4.38072,
HD 3167 c,HD 3167,4,Transit,2016,29.8454,0.1776,3,11.13,564,0.06,5261,0.88,0.837,K0 V,47.2899,8.74015,4.38072,
HD 3167 e,HD 3167,4,Radial Velocity,2022,96.63,0.3885,2.83,8.41,374.8,0.15,5261,0.88,0.837,K0 V,47.2899,8.74015,4.38072,
HD 32518 b,HD 32518,1,Radial Velocity,2009,157.35,0.594,13.2,905.493,916.1,0.028,4580,10.22,1.13,K1 III,122.115,77.40376,69.63914,
HD 32963 b,HD 32963,1,Radial Velocity,2015,2372,3.41,13.4,657.905,157.6,0.07,5727,1.111,0.94,G5 IV,38.0786,76.98201,26.32768,
HD 330075 b,HD 330075,1,Radial Velocity,2004,3.38773,0.04,14.3,152.558,990,0,5000,0.84,0.47,K1,45.2989,237.4055,-49.96392,
HD 331093 b,HD 331093,1,Radial Velocity,2021,621.62,1.44,13.6,476.743,234.8,0.59,5544,1.1112,1.03,K0,50.1928,295.62001,31.73955,
HD 33142 d,HD 33142,3,Radial Velocity,2022,89.9,0.452,9.32,63.566,736,0.191,5025,4.17,1.52,K0 III,121.375,76.89806,-13.98634,
HD 33142 b,HD 33142,3,Radial Velocity,2011,330,1.074,13.7,400.464,477.5,0.049,5025,4.17,1.52,K0 III,121.375,76.89806,-13.98634,
HD 33142 c,HD 33142,3,Radial Velocity,2016,810.2,1.955,13.9,282.867,353.9,0.081,5025,4.17,1.52,K0 III,121.375,76.89806,-13.98634,
HD 332231 b,HD 332231,1,Transit,2020,18.712024,0.145,9.073,74.1,798.3,0,6128,1.266,1.1642,F8,80.6665,306.74113,33.74439,
HD 33283 b,HD 33283,1,Radial Velocity,2006,18.1991,0.1508,12.5,104.566,1034.4,0.399,5935,1.97,1.38,G3/G5 V,89.8623,77.00449,-26.79767,
HD 33564 b,HD 33564,1,Radial Velocity,2005,388,1.1,12.5,2892.1,344.4,0.34,6250,1.4367,1.25,F6 V,20.9531,80.6379,79.23185,
HD 33844 b,HD 33844,2,Radial Velocity,2015,551.40002,1.6,13.4,638.838,430.2,0.15,4861,5.39,1.84,K0 III,105.779,78.15056,-14.95098,
HD 33844 c,HD 33844,2,Radial Velocity,2015,916,2.24,13.5,556.202,360.2,0.13,4861,5.29,1.78,K0 III,105.779,78.15056,-14.95098,
HD 34445 e,HD 34445,6,Radial Velocity,2017,49.175,0.2687,4.26,16.8,637.8,0.09,5836,1.38,1.07,G0 V,46.0907,79.42075,7.35272,
HD 34445 d,HD 34445,6,Radial Velocity,2017,117.87,0.4817,6.07,30.7,476.3,0.027,5836,1.38,1.07,G0 V,46.0907,79.42075,7.35272,
HD 34445 c,HD 34445,6,Radial Velocity,2017,214.67,0.7181,8.42,53.5,390.1,0.036,5836,1.38,1.07,G0 V,46.0907,79.42075,7.35272,
HD 34445 f,HD 34445,6,Radial Velocity,2017,676.8,1.543,6.88,37.9,266.1,0.031,5836,1.38,1.07,G0 V,46.0907,79.42075,7.35272,
HD 34445 b,HD 34445,6,Radial Velocity,2009,1049,2.07,13.9,260.621,231.5,0.27,5879,1.38,1.14,G0 V,46.0907,79.42075,7.35272,
HD 34445 g,HD 34445,6,Radial Velocity,2017,5700,6.36,13.6,120.6,131.1,0.032,5836,1.38,1.07,G0 V,46.0907,79.42075,7.35272,
HD 35759 b,HD 35759,1,Radial Velocity,2016,82.467,0.389,13,1195.041,621.6,0.389,6060,1.76,1.15,G0,71.2423,82.88866,64.31838,
HD 35843 b,HD 35843,2,Radial Velocity,2025,9.8991,0.088,2.29,5.84,872.3,0,5666,0.897,0.94,,69.6026,81.34889,-44.43128,
HD 35843 c,HD 35843,2,Transit,2025,46.9622,0.25,2.54,11.32,479,0.153,5666,0.897,0.94,,69.6026,81.34889,-44.43128,
HD 360 b,HD 360,1,Radial Velocity,2021,273.1,0.98,14,238.371,765.7,0.139,4770,10.86,1.69,G8 III,111.542,2.0729,-8.82426,
HD 36384 b,HD 36384,1,Radial Velocity,2023,490,1.3,12.7,2097.667,1032.6,0.2,3940,38.4,1.14,M0 III,209.309,84.932,75.04399,
HD 3651 b,HD 3651,1,Radial Velocity,2003,62.25,0.295,10.1,72.465,432.8,0.645,5221,0.872,0.799,K0 V,11.1336,9.83872,21.24888,
HD 37124 b,HD 37124,3,Radial Velocity,2002,154.378,0.53364,14,214.535,366.5,0.054,5699,0.9492,0.85,G4 V,31.6634,84.25999,20.72898,
HD 37124 c,HD 37124,3,Radial Velocity,2002,885.5,1.71,14.1,207.225,204.7,0.125,5699,0.9492,0.85,G4 V,31.6634,84.25999,20.72898,
HD 37124 d,HD 37124,3,Radial Velocity,2005,1862,2.807,14,221.21,159.8,0.16,5699,0.9492,0.85,G4 V,31.6634,84.25999,20.72898,
HD 37605 b,HD 37605,2,Radial Velocity,2004,55.01292,0.277,13.2,854.963,465.8,0.6745,5329,0.91,0.94,K0,46.7864,85.00743,6.05951,
HD 37605 c,HD 37605,2,Radial Velocity,2012,2720,3.74,13.1,1013.878,126.8,0.03,5329,0.91,0.94,K0,46.7864,85.00743,6.05951,
HD 3765 b,HD 3765,1,Radial Velocity,2021,1211,2.108,8.56,54.984,152.8,0.298,5050,0.8306,0.8518,K2V,17.926,10.2073,40.18429,
HD 38283 b,HD 38283,1,Radial Velocity,2010,363.20001,1.02,14,127.132,348.6,0.41,5981,1.49,1.37,F9.5 V,38.0615,84.26053,-73.69981,
HD 38529 b,HD 38529,2,Radial Velocity,2000,14.3099,0.115,14.1,206.588,1369.5,0.256,5697,2.8578,0.98,G4 IV,42.3538,86.64514,1.16759,
HD 38529 c,HD 38529,2,Radial Velocity,2000,2127.60566,3.226,12.5,3299.059,258.6,0.357,5697,2.8578,0.98,G4 IV,42.3538,86.64514,1.16759,
HD 38801 b,HD 38801,1,Radial Velocity,2009,685.25,1.623,12.5,3082.315,287.8,0.017,5338,2.029,1.207,K0,91.4349,86.99631,-8.32803,
pi Men c,HD 39091,3,Transit,2018,6.26784,0.06839,2.019,3.63,1169.8,0,5998,1.17,1.07,G0 V,18.2702,84.29928,-80.4646,
pi Men d,HD 39091,3,Radial Velocity,2022,124.64,0.506,3.72,13.38,443.6,0.22,5998,1.19,1.07,G0 V,18.2702,84.29928,-80.4646,
HD 39091 b,HD 39091,3,Radial Velocity,2001,2088.8,3.28,12.3,4481.381,172.7,0.642,5998,1.17,1.07,G0 V,18.2702,84.29928,-80.4646,
HD 39194 b,HD 39194,3,Radial Velocity,2021,5.63692,0.05895,1.99,4.62,915.2,0.101,5205,0.7837,0.86,K0 V,26.4131,86.12907,-70.13824,
HD 39194 c,HD 39194,3,Radial Velocity,2021,14.0309,0.1083,2.65,7.49,675.2,0.078,5205,0.7837,0.86,K0 V,26.4131,86.12907,-70.13824,
HD 39194 d,HD 39194,3,Radial Velocity,2021,33.874,0.1949,2.12,5.16,503.3,0.159,5205,0.7837,0.86,K0 V,26.4131,86.12907,-70.13824,
HD 39855 b,HD 39855,1,Radial Velocity,2019,3.2498,0.041,2.85,8.5,1145.9,0.14,5576,0.7447,0.87,G8 V,23.2599,88.62607,-19.70445,
HD 40307 b,HD 40307,5,Radial Velocity,2009,4.3123,0.0468,,1188.996,910,0.2,4956,0.7167,0.77,K2.5 V,12.9363,88.51722,-60.02373,
HD 40307 c,HD 40307,5,Radial Velocity,2009,9.6184,0.0799,,1868.513,696,0.06,4956,0.7167,0.77,K2.5 V,12.9363,88.51722,-60.02373,
HD 40307 d,HD 40307,5,Radial Velocity,2009,20.432,0.1321,,1775.389,541,0.07,4956,0.7167,0.77,K2.5 V,12.9363,88.51722,-60.02373,
HD 40307 f,HD 40307,5,Radial Velocity,2013,51.76,0.247,2.13,5.2,398,0.02,4956,0.7167,0.77,K2.5 V,12.9363,88.51722,-60.02373,
HD 40307 g,HD 40307,5,Radial Velocity,2013,197.8,0.6,2.56,7.1,255,0.29,4956,0.7167,0.77,K2.5 V,12.9363,88.51722,-60.02373,
HD 40956 b,HD 40956,1,Radial Velocity,2017,578.6,1.4,13.2,858.141,580.6,0.24,4869,8.56,2,K0,116.593,91.6628,63.45387,
HD 40979 b,HD 40979,1,Radial Velocity,2002,264.14999,0.85,12.9,1484.266,354.7,0.25,6165,1.21,1.45,F8 V,34.0883,91.12533,44.25979,
HD 41004 A b,HD 41004 A,2,Radial Velocity,2004,963,1.87614,13.2,807.25,,0.74,5310,0.85,0.95,K1/K2 V,36.6912,89.9566,-48.23942,a
HD 41004 B b,HD 41004 B,2,Radial Velocity,2003,1.3283,0.017424,12.1,5838.29,,0.081,5036,1.0414,0.4,M2 V,41.5504,89.9566,-48.23941,a
HD 4113 b,HD 4113,1,Radial Velocity,2007,526.5239,1.28,13.5,541.262,251.7,0.899,5688,1.0775,1.008,G5 V,41.8727,10.80275,-37.98312,
HD 42012 b,HD 42012,1,Radial Velocity,2017,857.5,1.67,13.5,508.528,182.6,0.2,5405,0.82,0.83,K0,36.7984,92.48547,34.13417,
HD 4203 b,HD 4203,2,Radial Velocity,2001,431.88,1.17,13.3,708.761,297.3,0.52,5596,1.42,1.25,G5,81.3795,11.17223,20.44839,
HD 4203 c,HD 4203,2,Radial Velocity,2014,6700,6.95,13.3,689.66,125,0.24,5582,1.4979,0.99,G5,81.3795,11.17223,20.44839,
HD 4208 b,HD 4208,1,Radial Velocity,2001,832.97,1.662,13.9,257.442,196.7,0.042,5717,0.846,0.883,G7 V Fe-1 CH-0.5,34.1937,11.11255,-26.51504,
HD 42618 b,HD 42618,1,Radial Velocity,2016,149.61,0.554,3.89,14.4,337,0.19,5727,0.999,1.015,G4 V,24.3358,93.00322,6.78197,
HD 4308 b,HD 4308,1,Radial Velocity,2005,15.56,0.12,4.12,15.892,799.4,0,5686,1.02,0.93,G5V,22.0158,11.16526,-65.65272,
HD 4313 b,HD 4313,1,Radial Velocity,2009,356.21,1.157,13.4,612.458,502.4,0.147,4943,5.14,1.63,G5,136.308,11.41813,7.84505,
HD 43197 b,HD 43197,2,Radial Velocity,2010,308.92072,0.882,14.2,175.759,282.8,0.742,5508,1,0.96,G8 V,62.4112,93.39932,-29.89719,
HD 43197 c,HD 43197,2,Radial Velocity,2022,9295.9735,8.54,12.6,2500.674,90.9,0.149,5508,1,0.96,G8 V,62.4112,93.39932,-29.89719,
HD 43691 b,HD 43691,1,Radial Velocity,2007,36.9987,0.238,13.2,810.466,761.8,0.0796,6093,1.6,1.32,G0,85.6009,94.89461,41.09208,
HD 44219 b,HD 44219,1,Radial Velocity,2010,472,1.26,14.1,184.34,283.9,0.41,5752,1.32,1.2,G3 V,52.9051,95.06,-10.72508,
HD 45184 b,HD 45184,2,Radial Velocity,2019,5.8854,0.0644,3.52,12.19,1156.3,0.07,5869,1.0751,1.03,G1.5 V,21.9532,96.18202,-28.78064,
HD 45184 c,HD 45184,2,Radial Velocity,2019,13.1354,0.11,2.91,8.81,884.8,0.07,5869,1.0751,1.03,G1.5 V,21.9532,96.18202,-28.78064,
HD 45350 b,HD 45350,1,Radial Velocity,2004,963.6,1.92,13.5,568.89,217.8,0.778,5566,1.2644,0.98,G5 V,46.8733,97.19023,38.96273,
HD 45364 b,HD 45364,2,Radial Velocity,2008,225.79,0.6793,9.03,60.165,301.7,0.067,5466,0.89,0.82,K0 V,34.354,96.41057,-31.481,
HD 45364 c,HD 45364,2,Radial Velocity,2008,345.43,0.902,14.2,174.488,261.8,0.019,5466,0.89,0.82,K0 V,34.354,96.41057,-31.481,
HD 45652 b,HD 45652,1,Radial Velocity,2008,44.073,0.237,14.3,137.62,508.4,0.607,5294,0.94,0.92,G8/K0,34.8541,97.30587,10.93362,
HD 457 b,HD 457,1,Radial Velocity,2022,20324.58153,15.369,11.9,8445.336,85.2,0.565,6114,1.2819,1.15,,55.0375,2.24929,-39.73724,
HD 46375 b,HD 46375,1,Radial Velocity,2000,3.023573,0.0398,10,71.8,1221.4,0.063,5285,0.9142,0.92,K1 IV-V,29.5529,98.30308,5.46251,
HD 47186 b,HD 47186,2,Radial Velocity,2008,4.0845,0.05,5.02,22.248,1267.8,0.04,5657,1.08,0.96,G6 V,37.4574,99.03672,-27.62343,
HD 47186 c,HD 47186,2,Radial Velocity,2008,1353.6,2.395,13,111.42,183.2,0.249,5657,1.08,0.96,G6 V,37.4574,99.03672,-27.62343,
HD 4732 b,HD 4732,2,Radial Velocity,2012,371.74,1.129,13.4,631.207,498.5,0.266,4898,5.03,1.39,K0 IV,54.7841,12.30851,-24.13691,
HD 4732 c,HD 4732,2,Radial Velocity,2012,3184.2,4.725,13.1,1069.493,243.7,0.187,4898,5.03,1.39,K0 IV,54.7841,12.30851,-24.13691,
HD 47366 b,HD 47366,2,Radial Velocity,2016,360.08,1.207,13.4,661.719,577,0.071,4866,7.3,1.81,K1 III,84.3552,99.42002,-12.98566,
HD 47366 c,HD 47366,2,Radial Velocity,2016,677.53,1.84,13.5,483.735,467.4,0.161,4866,7.3,1.81,K1 III,84.3552,99.42002,-12.98566,
HD 47536 b,HD 47536,1,Radial Velocity,2002,712.13,1.93,12.6,2330,736.5,0.2,4380,23.47,2.1,K1 III,122.536,99.44896,-32.33945,
HD 4760 b,HD 4760,1,Radial Velocity,2021,434,1.14,12.3,4417.837,1198.7,0.23,4076,42.4,1.05,K2,537.873,12.41617,6.40714,
HD 48265 b,HD 48265,2,Radial Velocity,2008,778.51,1.814,12.6,2351.93,283,0.211,5733,1.901,1.312,G5 IV/V,90.5446,100.00737,-48.54183,
HD 48265 c,HD 48265,2,Radial Velocity,2026,10418,10.4,12.9,1414.336,124.3,0.41,5805,2.05,1.38,G5 IV/V,90.5446,100.00737,-48.54183,
HD 48948 b,HD 48948,3,Radial Velocity,2024,7.34013,0.0652,2.06,4.88,957,0.055,4593,0.679,0.686,K3 V,16.9043,102.48981,60.33731,
HD 48948 c,HD 48948,3,Radial Velocity,2024,38.06,0.1951,2.6,7.27,553,0.55,4593,0.679,0.686,K3 V,16.9043,102.48981,60.33731,
HD 48948 d,HD 48948,3,Radial Velocity,2024,151.92,0.4894,3.24,10.59,349,0.055,4593,0.679,0.686,K3 V,16.9043,102.48981,60.33731,
HD 4917 b,HD 4917,1,Radial Velocity,2018,400.5,1.167,13.5,513.295,479.8,0.066,4802,5.01,1.32,K0 III/IV,204.277,12.77626,-12.92766,
HD 49674 b,HD 49674,1,Radial Velocity,2002,4.94737,0.06,6.2,31.783,1113.8,0.09,5602,1.02,1.03,G5 V,43.0399,102.87735,40.86723,
HD 50499 b,HD 50499,2,Radial Velocity,2005,2447.1,3.833,13.5,519.97,174.7,0.266,6102,1.351,1.253,G1 V,46.2845,103.00808,-33.91527,
HD 50499 c,HD 50499,2,Radial Velocity,2019,8619.9,9.02,13.2,931.242,116.7,0,6099,1.42,1.31,G1 V,46.2845,103.00808,-33.91527,
HD 50554 b,HD 50554,1,Radial Velocity,2002,1293,2.353,12.8,1859.296,190.1,0.501,5987,1.02,1.04,F8 V,31.1664,103.67827,24.24514,
HD 51608 b,HD 51608,2,Radial Velocity,2019,14.0726,0.1059,3.62,12.77,759.9,0.09,5358,0.9161,0.8,G7 V,35.0553,103.71371,-55.26002,
HD 51608 c,HD 51608,2,Radial Velocity,2019,95.9446,0.3809,3.87,14.31,400.7,0.14,5358,0.9161,0.8,G7 V,35.0553,103.71371,-55.26002,
HD 52265 b,HD 52265,1,Radial Velocity,2000,119.27,0.52,13.7,384.574,405,0.27,6136,1.32,1.204,G0V,29.9803,105.07464,-5.36681,
HD 5278 b,HD 5278,2,Transit,2021,14.339156,0.1202,2.45,7.8,943,0.08,6203,1.194,1.126,F V,57.5846,12.54678,-83.74377,
HD 5278 c,HD 5278,2,Radial Velocity,2021,40.87,0.2416,4.49,18.4,665,0.07,6203,1.194,1.126,F V,57.5846,12.54678,-83.74377,
HD 5319 b,HD 5319,2,Radial Velocity,2007,637.1,1.57,13.5,494.543,377.7,0.092,4871,4.06,1.27,G5,121.405,13.75581,0.78934,
HD 5319 c,HD 5319,2,Radial Velocity,2014,872.2,1.93,13.8,334.675,340.7,0.183,4871,4.06,1.27,G5,121.405,13.75581,0.78934,
HD 5388 b,HD 5388,1,Radial Velocity,2010,772.5,1.757,13.1,1017.051,316.6,0.41,6297,1.91,1.21,F6 V,53.0661,13.79903,-47.40673,
HD 55696 b,HD 55696,1,Radial Velocity,2018,1827,3.18,12.9,1357.127,200.4,0.705,6012,1.52,1.29,G0 V,77.9693,108.0622,-38.17464,
HD 5583 b,HD 5583,1,Radial Velocity,2016,139.35,0.53,12.8,1837.057,964.5,0.076,4830,9.09,1.01,,219.216,14.48695,34.98533,
HD 5608 b,HD 5608,1,Radial Velocity,2012,768.7,1.79,13.7,371.224,403.7,0.11,4807,5.43,1.29,K0 IV,58.1105,14.55943,33.95058,
HD 564 b,HD 564,1,Radial Velocity,2014,492.3,1.2,12.5,104.88,261.1,0.096,5902,1.01,0.961,G2/G3 V,51.1659,2.46945,-50.2679,
HD 56414 b,HD 56414,1,Transit,2022,29.04992,0.229,3.71,13.3,1133,0.68,8500,1.751,1.89,,272.217,107.84368,-68.83334,
HD 56957 b,HD 56957,1,Radial Velocity,2022,5859.08992,6.426,12.8,1880.909,145.7,0.273,5743,1.7779,1.03,,61.4925,109.3254,-40.65607,
HD 5891 b,HD 5891,1,Radial Velocity,2011,177.11,0.64,12.6,2425.043,918.8,0.07,4673,10.64,1.93,G5,283.502,15.13832,20.29231,
HD 59686 A b,HD 59686 A,1,Radial Velocity,2016,299.36,1.086,12.7,2199.384,783.1,0.05,4658,13.2,1.9,K2 III,89.2721,112.95186,17.08572,
HD 60292 b,HD 60292,1,Radial Velocity,2020,495.4,1.5,12.7,2065.895,889.5,0.27,4348,27,1.7,K0 III,315.211,114.62017,66.23505,
HD 60532 b,HD 60532,2,Radial Velocity,2008,201.9,0.77,13.8,336.9,550.2,0.26,6245,2.57,1.5,F6 IV,25.9716,113.51307,-22.29587,
HD 60532 c,HD 60532,2,Radial Velocity,2008,600.1,1.6,13.3,797.753,381.7,0.03,6245,2.57,1.5,F6 IV,25.9716,113.51307,-22.29587,
HD 6061 b,HD 6061,1,Transit,2023,5.2549,0.06,2.428,10,1075.3,0,5934,1.0072,1.0269,,67.6203,15.59814,37.18544,
HD 62364 b,HD 62364,2,Radial Velocity,2022,5138,6.15,12.1,5965.639,144,0.607,6255,1.401,1.157,F7 V,53.112,113.90527,-75.54427,
HD 62364 c,HD 62364,2,Radial Velocity,2022,74839.94555,36.984,12,7923.462,58.7,0.773,6255,1.401,1.19,F7 V,53.112,113.90527,-75.54427,
HD 62509 b,HD 62509,1,Radial Velocity,2006,589.64,1.64,13.3,731,549.6,0.02,4893,8.9,2,K0IIIvar,10.34,116.32882,28.02613,
HD 62549 b,HD 62549,1,Radial Velocity,2022,14306.88519,11.842,12.6,2707.58,92.2,0.15,5930,1.2323,1.08,,49.3305,116.08214,-5.05412,
HD 63433 d,HD 63433,3,Transit,2023,4.209075,0.0503,1.073,1.25,1040,0.16,5688,0.912,0.99,G5 V,22.4035,117.47937,27.36313,
HD 63433 b,HD 63433,3,Transit,2020,7.107947,0.072,2.14,21.755,967.1,0.24,5553,0.934,0.956,G5 V,22.4035,117.47937,27.36313,
HD 63433 c,HD 63433,3,Transit,2020,20.543828,0.146,2.692,15.539,678.9,0.21,5553,0.934,0.956,G5 V,22.4035,117.47937,27.36313,
HD 63454 b,HD 63454,1,Radial Velocity,2005,2.81805,0.04,12.31,79.457,1018.1,0,4812,0.77,0.42,K4 V,37.6894,114.84064,-78.27915,
HD 63765 b,HD 63765,1,Radial Velocity,2011,358,0.94,14.2,168.45,246.9,0.24,5449,0.83,0.65,G9 V,32.5376,116.95826,-54.26535,
HD 63935 b,HD 63935,2,Transit,2021,9.058807,0.083,2.916,10.5,825.2,0,5513,0.9598,0.9406,,48.9739,117.92464,9.38524,
HD 63935 c,HD 63935,2,Radial Velocity,2021,21.4027,0.148,3.065,11.1,619.6,0,5513,0.9598,0.9406,,48.9739,117.92464,9.38524,
HD 64114 b,HD 64114,1,Radial Velocity,2019,45.791,0.246,4.41,17.8,518.5,0.12,5676,0.8829,0.95,G7 V,31.5262,117.98256,-11.03372,
HD 64121 b,HD 64121,1,Radial Velocity,2022,623,1.51,13.2,813.641,464.8,0.11,5078,5.44,1.64,G8/K0 III,129.966,117.36514,-54.81261,
HD 6434 b,HD 6434,1,Radial Velocity,2003,21.998,0.14,14.2,155.737,786.8,0.17,5769,1.12,1.1,G2/3 V,42.358,16.16634,-39.49049,
HD 65216 b,HD 65216,2,Radial Velocity,2003,577.6,1.301,13.6,411.59,222.6,0.27,5612,0.88,0.874,G5 V,35.1205,118.42096,-63.64669,
HD 65216 c,HD 65216,2,Radial Velocity,2013,5370,5.75,13.4,645.195,105.9,0.17,5612,0.88,0.874,G5 V,35.1205,118.42096,-63.64669,
HD 66141 b,HD 66141,1,Radial Velocity,2012,480.5,1.2,12.8,1906.9,880.3,0.07,4323,21.4,1.1,K2 III,68.1509,120.56628,2.33503,
HD 66428 b,HD 66428,2,Radial Velocity,2005,2269.81726,3.395,12.4,3478.95,159,0.471,5716,1.13,1.01,G8 IV (+ G),53.2817,120.86917,-1.1636,
HD 66428 c,HD 66428,2,Radial Velocity,2021,10478.84437,9.408,13.5,560.649,95.5,0.207,5716,1.13,1.01,G8 IV (+ G),53.2817,120.86917,-1.1636,
HD 67087 b,HD 67087,2,Radial Velocity,2015,352.2,1.08,13.1,973,365.7,0.17,6330,1.55,1.36,F8 V,76.5217,121.91557,31.55116,
HD 67087 c,HD 67087,2,Radial Velocity,2015,2374,3.86,12.9,1540,193.4,0.76,6330,1.55,1.36,F8 V,76.5217,121.91557,31.55116,
HD 6718 b,HD 6718,1,Radial Velocity,2009,2476,3.53,13.3,762.788,148.9,0.06,5746,1.02,0.96,G5 V,51.3444,16.9536,-8.23362,
HD 68402 b,HD 68402,1,Radial Velocity,2016,1103,2.18,12.6,2510.844,196.3,0.03,5950,1.02,1.12,G5 IV/V,78.4293,121.34746,-74.41007,
HD 68475 b,HD 68475,1,Radial Velocity,2026,7832,7.27,12.8,1639.995,79.9,0.62,5022,0.791,0.83,K2 VC,33.4297,122.71926,-42.81288,
HD 6860 b,HD 6860,1,Radial Velocity,2023,663.87,2.03,11.9,8981.831,1196.1,0.28,3802,86.4,2.49,M0 III,61.1247,17.43298,35.6205,
HD 68988 b,HD 68988,2,Radial Velocity,2001,6.27711,0.07,13.4,626.125,1179.4,0.12,5932,1.19,1.28,G2 V,60.8447,124.59354,61.46085,
HD 68988 c,HD 68988,2,Radial Velocity,2021,16000,13.2,12.2,4776.961,87.5,0.45,5883,1.2557,1.1717,G2 V,60.8447,124.59354,61.46085,
HD 69123 b,HD 69123,1,Radial Velocity,2022,1193.3,2.482,13.1,982.09,411.8,0.19,4842,7.72,1.68,K1 III,75.116,123.55499,-35.48992,
HD 69830 b,HD 69830,3,Radial Velocity,2006,8.667,0.0785,3.17,10.2,872.8,0.1,5385,0.8869,0.86,K0V,12.5591,124.60101,-12.63642,
HD 69830 c,HD 69830,3,Radial Velocity,2006,31.56,0.186,3.46,11.8,567,0.13,5385,0.8869,0.86,K0V,12.5591,124.60101,-12.63642,
HD 69830 d,HD 69830,3,Radial Velocity,2006,197,0.63,4.45,18.1,308.1,0.07,5385,0.8869,0.86,K0V,12.5591,124.60101,-12.63642,
HD 70573 b,HD 70573,1,Radial Velocity,2007,851.8,1.76,12.8,1900,206.1,0.4,5737,0.9769,1,G1-1.5 V,59.182,125.70792,1.85911,
HD 70642 b,HD 70642,1,Radial Velocity,2003,2124.54,3.318,13,1239.531,150.5,0.175,5732,0.984,1.078,G6 V,29.276,125.36611,-39.70444,
HD 7199 b,HD 7199,1,Radial Velocity,2011,615,1.36,,3639.135,218.7,0.19,5371,0.97,0.77,K1 IV,36.1531,17.69793,-66.18869,
HD 72490 b,HD 72490,1,Radial Velocity,2018,858,1.88,13.5,561.923,386.4,0.124,4934,4.96,1.21,G5,126.339,128.40283,13.55072,
HD 72659 b,HD 72659,2,Radial Velocity,2002,3549,4.607,13.2,949.671,155.3,0.2393,5929,1.36,1.033,G2 V,51.8949,128.51281,-1.56863,
HD 72659 c,HD 72659,2,Radial Velocity,2022,35500,21.5,12.1,6165.871,71.9,0.114,5929,1.36,1.033,G2 V,51.8949,128.51281,-1.56863,
HD 72892 b,HD 72892,1,Radial Velocity,2016,39.44603,0.228,12.8,1737.886,634.5,0.419,5688,1.22,1.01,G5 V,69.7311,128.71956,-14.45743,
HD 73256 c,HD 73256,1,Radial Velocity,2023,2690,3.8,12.2,5085.255,133.9,0.16,5570,0.9447,1,G8 IV,36.708,129.095,-30.03733,
HD 73267 b,HD 73267,2,Radial Velocity,2008,1257.99159,2.229,13,1321.531,165.9,0.261,5387,0.909,0.93,K0 V,50.4093,129.07351,-34.45945,
HD 73267 c,HD 73267,2,Radial Velocity,2022,17071.78045,12.688,12.8,1630.778,69.5,0.089,5387,0.909,0.93,K0 V,50.4093,129.07351,-34.45945,
HD 73344 b,HD 73344,3,Transit,2024,15.611,0.131,2.884,10.48,911,0.03,6253,1.22,1.2,F6 V,35.26,129.68945,23.68527,
HD 73344 c,HD 73344,3,Radial Velocity,2025,65.94,0.3388,13.5,118.55,562.6,0.124,6148,1.22,1.19,F6 V,35.26,129.68945,23.68527,
HD 73344 d,HD 73344,3,Radial Velocity,2025,5823,6.7,13.2,810.462,126.5,0.18,6148,1.22,1.19,F6 V,35.26,129.68945,23.68527,
HD 73526 b,HD 73526,2,Radial Velocity,2002,188.3,0.65,13.1,978.916,414.4,0.19,5601,1.53,1.14,G6 V,97.2396,129.31833,-41.31842,
HD 73526 c,HD 73526,2,Radial Velocity,2005,379.1,1.03,13.3,715.09,329.2,0.28,5601,1.53,1.014,G6 V,97.2396,129.31833,-41.31842,
HD 73534 b,HD 73534,1,Radial Velocity,2008,1750,2.99,13.7,353.427,220.2,0.126,4917,2.58,1.16,G5,83.3321,129.81534,12.95997,
HD 73583 b,HD 73583,2,Transit,2022,6.398042,0.0604,2.79,10.2,714,0.09,4511,0.65,0.73,K4 V,31.5666,129.6883,-13.25653,
HD 73583 c,HD 73583,2,Transit,2022,18.87974,0.1242,2.39,9.7,498,0.08,4511,0.65,0.73,K4 V,31.5666,129.6883,-13.25653,
HD 74156 b,HD 74156,2,Radial Velocity,2003,51.63564,0.28,13.5,532.363,679.6,0.636,6068,1.5106,1.1,G0,57.603,130.60478,4.57723,
HD 74156 c,HD 74156,2,Radial Velocity,2003,2448.48726,3.678,12.5,2753.983,187.5,0.377,6068,1.5106,1.1,G0,57.603,130.60478,4.57723,
HD 7449 b,HD 7449,1,Radial Velocity,2011,1270.55195,2.438,12.6,2597.929,183.2,0.752,6024,0.97,1.196,F9.5 V,38.662,18.62147,-5.04797,
HD 74698 b,HD 74698,2,Radial Velocity,2023,15.017,0.121,5.12,23,925.6,0.1,5783,1.333,1.039,G5 V,52.0648,130.07448,-71.87687,
HD 74698 c,HD 74698,2,Radial Velocity,2023,3449,4.5,14,126,151.8,0.2,5783,1.333,1.039,G5 V,52.0648,130.07448,-71.87687,
HD 75289 b,HD 75289,1,Radial Velocity,1999,3.50927,0.05,14.2,155.737,1260,0.03,6117,1.23,1.29,G0,29.1158,131.91817,-41.73777,
HD 75302 b,HD 75302,1,Radial Velocity,2023,4356,5.3,12.8,1716.273,115.8,0.39,5697,0.9409,1.06,G5 V,30.3288,132.30156,3.48501,
HD 75784 b,HD 75784,2,Radial Velocity,2014,341.2,1.032,13.8,317.83,426,0.097,4867,3.4,1.26,G5,85.4321,133.09923,13.23305,
HD 75784 c,HD 75784,2,Radial Velocity,2018,7900,8.4,12.8,1792.561,149.3,0.489,4867,3.4,1.26,G5,85.4321,133.09923,13.23305,
HD 75898 b,HD 75898,2,Radial Velocity,2007,422.82,1.2025,13.2,810.462,335.2,0.105,6122,1.55,1.295,F8 V,78.0505,133.4612,33.05669,
HD 75898 c,HD 75898,2,Radial Velocity,2024,6717,7.39,12.6,2698.363,135.2,0.08,6122,1.55,1.295,F8 V,78.0505,133.4612,33.05669,
HD 76700 b,HD 76700,1,Radial Velocity,2002,3.97097,0.05,9.6,66.744,1424.6,0.09,5644,1.37,0.99,G6 V,60.8831,133.47822,-66.80047,
HD 76920 b,HD 76920,1,Radial Velocity,2017,415.891,1.091,13.1,994.803,621.4,0.8782,4664,8.33,1,K1 III,184.031,133.82035,-67.26536,
HD 77338 b,HD 77338,1,Radial Velocity,2012,5.7361,0.06,4.12,15.9,1035.5,0.09,5341,0.97,1.37,K0 IV,45.935,135.30225,-25.52823,
HD 77946 b,HD 77946,1,Transit,2024,6.527363,0.073,2.896,10.9,1128.9,0.211,6007,1.3174,1.1973,F5,99.451,136.77764,46.67243,
HD 79181 b,HD 79181,1,Radial Velocity,2021,273.1,0.9,14.1,203.41,821.9,0.259,4862,11.06,1.28,G8 III,103.335,137.99447,-19.74743,
HD 7924 b,HD 7924,3,Radial Velocity,2008,5.39792,0.06,,2058.257,825.9,0.06,5131,0.78,0.65,K0.5 V,16.9922,20.49566,76.71015,
HD 7924 c,HD 7924,3,Radial Velocity,2015,15.299,0.1134,,1762.676,583.6,0.098,5075,0.7821,0.832,K0.5 V,16.9922,20.49566,76.71015,
HD 7924 d,HD 7924,3,Radial Velocity,2015,24.451,0.1551,,1568.165,499,0.21,5075,0.7821,0.832,K0.5 V,16.9922,20.49566,76.71015,
HD 79498 b,HD 79498,1,Radial Velocity,2011,1807,2.98,13.6,425.892,164.5,0.575,5748,1.05,1.08,G5,48.9489,138.78858,23.37488,
HD 80606 b,HD 80606,1,Radial Velocity,2001,111.436765,0.4603,11.568,1323.469,405,0.9318,5565,1.05,1.05,G5,66.4711,140.65695,50.60378,
HD 80653 b,HD 80653,2,Transit,2020,0.719573,0.01661,1.613,5.72,2463,0,5959,1.22,1.18,G2,109.86,140.33908,14.36787,
K2-312 c,HD 80653,2,Radial Velocity,2023,921.2,1.961,12.8,1719.452,226.7,0.853,5959,1.22,1.18,G2,109.86,140.33908,14.36787,
HD 80869 b,HD 80869,1,Radial Velocity,2021,1752.92067,2.905,12.8,1609.801,203.2,0.924,5837,1.062,1.06,G5,85.3951,140.79129,33.90483,
HD 80883 b,HD 80883,1,Radial Velocity,2022,6383.78352,6.462,12.8,1748.056,88.7,0.203,5178,0.8148,0.88,,34.6011,139.93318,-59.47808,
HD 80913 b,HD 80913,1,Radial Velocity,2022,10839.83341,9.95,12,7505.2,118.2,0.313,6013,1.6542,1.11,,61.3603,138.10215,-81.76845,
HD 81040 b,HD 81040,1,Radial Velocity,2005,1002.7,1.946,12.6,2301.078,189.8,0.525,5755,0.91,0.99,G2/G3,34.4341,140.9455,20.36461,
HD 81688 b,HD 81688,1,Radial Velocity,2007,183.93,0.648,13.5,525.688,958.7,0.04,4797,11.13,1.07,K0 III-IV,85.7183,142.16658,45.60092,
HD 81817 c,HD 81817,2,Radial Velocity,2022,622.97802,2.325,12,7185.782,1198.5,0.095,4140,83.8,4.3,K3 III,269.126,144.27157,81.32631,
HD 81817 b,HD 81817,2,Radial Velocity,2020,1021.20159,3.233,12,7668.564,1016.4,0.097,4140,83.8,4.3,K3 III,269.126,144.27157,81.32631,
HD 82886 b,HD 82886,1,Radial Velocity,2011,705,1.58,13.3,740.544,435.8,0.07,4953,5.26,2.53,G0,127.061,143.93835,34.78059,
HD 82943 c,HD 82943,2,Radial Velocity,2003,220.078,0.74345,13.4,622.603,360.9,0.3663,5935,1.1826,1.08,G2/3V,27.5902,143.7114,-12.1303,
HD 82943 b,HD 82943,2,Radial Velocity,2003,441.47,1.18306,13.5,534.25,286.1,0.162,5935,1.1826,1.08,G2/3V,27.5902,143.7114,-12.1303,
HD 8326 b,HD 8326,1,Radial Velocity,2019,158.991,0.533,9.58,66.6,287.2,0.2,4914,0.7832,0.8,K2 V,30.6862,20.53144,-26.89407,
HD 83443 b,HD 83443,2,Radial Velocity,2002,2.985628,0.0406,14.1,127.767,1262.7,0.012,5442,0.94,1,K0 V,40.8991,144.29941,-43.27272,
HD 83443 c,HD 83443,2,Radial Velocity,2022,8241,8,13.6,476.743,90,0.76,5442,0.94,1,K0 V,40.8991,144.29941,-43.27272,
HD 8535 b,HD 8535,1,Radial Velocity,2010,1313,2.45,14,216.124,206.2,0.15,6136,1.19,1.13,G0 V,55.4401,20.90548,-41.2701,
HD 85390 b,HD 85390,1,Radial Velocity,2011,799.52,1.373,6.16,31.465,190.9,0.5,5186,0.8,0.758,K1.5 V,33.5225,147.51057,-49.79053,
HD 8574 b,HD 8574,1,Radial Velocity,2002,227,0.76,13.4,645.195,394,0.3,6064,1.38,1.34,F8,44.8264,21.30338,28.56602,
HD 86065 b,HD 86065,1,Radial Velocity,2022,25775.78859,15.947,12.5,2877.301,52.6,0.219,4928,0.7803,0.81,,40.3661,148.92567,-18.10694,
HD 86081 b,HD 86081,1,Radial Velocity,2006,2.137843,0.0346,13.6,470.388,1860.3,0.0119,5939,1.46,1.21,F8,103.936,149.02437,-3.80835,
HD 86226 c,HD 86226,2,Transit,2020,3.98442,0.049,2.16,7.25,1311,0.075,5863,1.053,1.019,G1 V,45.683,149.12352,-24.09919,
HD 86226 b,HD 86226,2,Radial Velocity,2009,1628,2.73,14.3,143.024,176,0.059,5863,1.053,1.019,G1 V,45.683,149.12352,-24.09919,
HD 86264 b,HD 86264,1,Radial Velocity,2009,1488.79123,2.763,12.5,3117.261,247,0.821,6210,1.88,1.26,F7 V,67.8107,149.24093,-15.8954,
HD 86728 b,HD 86728,1,Radial Velocity,2025,31.1515,0.1916,3.03,9.43,687.4,0.067,5610,1.237,0.967,G1V,14.9202,150.25005,31.92182,
HD 8673 b,HD 8673,1,Radial Velocity,2009,1644.69097,2.97,12.3,4210.591,219.1,0.73,6389,1.5023,1.28,F5,37.8619,21.53785,34.57934,
HD 86950 b,HD 86950,1,Radial Velocity,2016,1270,2.72,13,1144.188,416.8,0.17,4805,8.8,1.66,K1 III,209.839,150.40666,-17.33307,
HD 87646 b,HD 87646,1,Radial Velocity,2016,13.481,0.117,12.4,3941.092,1012.7,0.05,5770,1.55,1.12,G,73.5835,151.66954,17.89498,
HD 87816 b,HD 87816,2,Radial Velocity,2025,484.17,1.618,12.7,2142.163,567.4,0.78,4989,9,2.41,K0 III,133.233,151.52965,-52.18787,
HD 87816 c,HD 87816,2,Radial Velocity,2025,7596,10.14,12.4,3877.507,226.7,0.19,4989,9,2.41,K0 III,133.233,151.52965,-52.18787,
HD 87883 b,HD 87883,1,Radial Velocity,2009,3006,3.77,12.7,2005.497,110.5,0.72,4980,0.7986,0.8,K0,18.2912,152.17942,34.242,
HD 88072 b,HD 88072,1,Radial Velocity,2022,18538.79293,13.895,12.6,2511.798,76,0.156,5785,1.032,1.04,,35.9098,152.34675,2.37105,
HD 88133 b,HD 88133,1,Radial Velocity,2004,3.414884,0.0479,13.8,324.187,1762.1,0.031,5392,2.2,1.26,G5,73.6123,152.53193,18.18573,
HD 88986 b,HD 88986,1,Radial Velocity,2023,146.05,0.58,2.49,17.2,460,0.24,5861,1.543,1.25,G2 V,33.2673,154.11669,28.68207,
HD 89307 b,HD 89307,1,Radial Velocity,2009,2166,3.27,13.4,642.013,166.6,0.2,5955,1.1,1.27,G0 V,32.0104,154.5875,12.62094,
HD 89345 b,HD 89345,1,Transit,2018,11.8143,0.1066,7.398,34.961,1089,0.22,5576,1.747,1.157,G5,132.345,154.6711,10.12885,
HD 89744 b,HD 89744,1,Radial Velocity,1999,256.78,0.917,12.6,2653.881,462.6,0.677,6291,2.1326,1.86,F7 V,38.6364,155.54332,41.22894,
HD 89839 b,HD 89839,1,Radial Velocity,2023,3391.2,4.713,12.8,1748.056,159,0.185,6314,1.2859,1.21,F7 V,57.3063,155.16888,-53.66403,
HD 90156 b,HD 90156,1,Radial Velocity,2011,49.77,0.25,4.43,17.98,518,0.31,5599,0.9203,0.84,G5V,21.9496,155.98011,-29.6451,
HD 9174 b,HD 9174,1,Radial Velocity,2016,1179,2.2,13.7,352.791,234.3,0.12,5577,1.67,1.03,G8 IV,81.4893,22.50434,-19.60529,
HD 92788 b,HD 92788,2,Radial Velocity,2000,325.803,0.97,13,1195.041,300.3,0.35,5744,1.14,1.15,G6 V,34.6538,160.70214,-2.18472,
HD 92788 c,HD 92788,2,Radial Velocity,2019,11611.2975,10.5,13,1166.436,91.3,0.46,5744,1.14,1.15,G6 V,34.6538,160.70214,-2.18472,
GJ 1137 c,HD 93083,2,Radial Velocity,2026,9.6412,0.0835,2.11,5.12,768.5,0,5034,0.837,0.836,K2 IV-V,28.5159,161.08667,-33.57768,
HD 93083 b,HD 93083,2,Radial Velocity,2005,144.72,0.508,14.3,143.341,311.6,0.118,5034,0.837,0.836,K2 IV-V,28.5159,161.08667,-33.57768,
HD 93351 b,HD 93351,2,Radial Velocity,2022,2.45946,0.035,1.69,3.496,1330.8,0.549,5408,0.9114,0.94,,56.163,161.67793,-1.68858,
HD 93351 c,HD 93351,2,Radial Velocity,2022,14010.2941,11.154,12.3,4154.017,74.5,0.109,5408,0.9114,0.94,,56.163,161.67793,-1.68858,
HD 93385 b,HD 93385,3,Radial Velocity,2021,7.3426,0.0756,1.88,4.2,1141,0.295,5977,1.1848,1.04,G2/G3 V,43.3475,161.56271,-41.4646,
HD 93385 c,HD 93385,3,Radial Velocity,2021,13.18,0.112,2.56,7.1,937.4,0.2,5977,1.1848,1.04,G2/G3 V,43.3475,161.56271,-41.4646,
HD 93385 d,HD 93385,3,Radial Velocity,2021,45.85,0.2565,2.89,8.7,619.4,0.09,5977,1.1848,1.04,G2/G3 V,43.3475,161.56271,-41.4646,
HD 93963 A b,HD 93963 A,2,Transit,2022,1.037611,0.02061,1.47,2.8,1842.2,0,5908,1.0311,1.0844,G0 V,82.3432,162.7767,25.64107,
HD 93963 A c,HD 93963 A,2,Transit,2022,3.645139,0.04726,3.12,18.4,1212.5,0,5908,1.0311,1.0844,G0 V,82.3432,162.7767,25.64107,
HD 9446 b,HD 9446,2,Radial Velocity,2009,30.052,0.189,14,222.472,642.5,0.2,5793,1,1,G5 V,50.3503,23.33504,29.26492,
HD 9446 c,HD 9446,2,Radial Velocity,2009,192.9,0.654,13.4,578.426,345.4,0.06,5793,1,1,G5 V,50.3503,23.33504,29.26492,
HD 94771 b,HD 94771,1,Radial Velocity,2023,2164,3.48,14.2,169,200.8,0.39,5631,1.903,1.2,G3/G5 V,57.7807,163.97468,-35.11452,
HD 94834 b,HD 94834,1,Radial Velocity,2018,1576,2.74,13.7,400.466,286.4,0.14,4798,4.2,1.11,K0,98.1609,164.31264,24.14294,
HD 94890 b,HD 94890,2,Radial Velocity,2025,824.61,2.07,13.3,676.975,533.8,0.22,4867,10.71,1.74,K0 III,61.7012,164.17978,-37.1383,
HD 94890 c,HD 94890,2,Radial Velocity,2025,2492.19,4.33,12.5,2831.851,369.1,0.05,4867,10.71,1.74,K0 III,61.7012,164.17978,-37.1383,
HD 95086 b,HD 95086,1,Imaging,2013,120036.417682,55.7,12.9,1589,1000,,7595,1.4867,1.6,A8 III,86.2279,164.2621,-68.66729,p
HD 95089 b,HD 95089,2,Radial Velocity,2009,464.4,1.36,13.7,400.466,458.3,0.119,4918,5.08,1.54,G8/K0 IV,136.957,164.69875,1.72901,
HD 95089 c,HD 95089,2,Radial Velocity,2016,1785,3.33,13.1,1096.514,292.9,0.284,4918,5.08,1.54,G8/K0 IV,136.957,164.69875,1.72901,
HD 95127 b,HD 95127,1,Radial Velocity,2015,482,1.28,12.4,3378.533,1151.3,0.11,4218,41.01,3.7,K0,676.579,164.89612,43.81441,
HD 95338 b,HD 95338,1,Radial Velocity,2020,55.082694,0.262,4.272,42.9,443,0.197,5097,0.868,0.848,K0.5 V,36.9941,164.85634,-56.62356,
HD 95544 b,HD 95544,1,Radial Velocity,2021,2041.54152,3.166,12.8,1913.645,156.5,0.049,5722,1.088,1.01,G0,87.8049,166.32318,81.03899,
HD 95872 b,HD 95872,1,Radial Velocity,2015,4375,5.15,13,1188.684,103.5,0.06,5312,0.84,0.7,K0 V,72.2195,165.86588,-22.09433,
HD 96063 b,HD 96063,1,Radial Velocity,2011,362.5,1.11,13.7,403.644,500.8,0.17,5020,4.75,1.37,G6 V,140.065,166.18535,-2.5133,
HD 96127 b,HD 96127,1,Radial Velocity,2011,638.9,1.41,13,1207.748,947.3,0.3,3943,35,0.91,K2 III,587.659,166.4415,44.30155,
HD 96167 b,HD 96167,1,Radial Velocity,2009,498.04,1.332,14,227.884,333.6,0.685,5733,1.94,1.27,G5,85.3006,166.31257,-10.29134,
HD 96700 b,HD 96700,3,Radial Velocity,2021,8.1245,0.0777,2.93,8.9,1089,0.138,5845,1.16,0.89,G0 V,25.4111,166.97426,-30.17514,
HD 96700 c,HD 96700,3,Radial Velocity,2021,19.88,0.141,1.69,3.5,808.4,0.293,5845,1.16,0.89,G0 V,25.4111,166.97426,-30.17514,
HD 96700 d,HD 96700,3,Radial Velocity,2021,103.5,0.424,3.61,12.7,466.2,0.27,5845,1.16,0.89,G0 V,25.4111,166.97426,-30.17514,
HD 96992 b,HD 96992,1,Radial Velocity,2021,514,1.24,13.7,362.326,557.7,0.41,4725,7.43,0.96,K0,396.082,167.59662,43.91899,
HD 97037 b,HD 97037,1,Radial Velocity,2022,6449.08337,6.925,12.1,6707.769,121,0.357,5874,1.2636,1.06,,32.413,167.55456,-7.39015,
HD 97048 b,HD 97048,1,Disk Kinematics,2019,349461.73778,130,13.3,794.575,63.4,,10000,2.25,2.4,Be9.5/AO,183.857,167.01334,-77.65485,p
HD 97658 b,HD 97658,1,Radial Velocity,2010,9.489712,0.0805,2.12,8.3,751,0.05,5212,0.728,0.85,K1 V,21.5618,168.63766,25.7106,
HD 98219 b,HD 98219,1,Radial Velocity,2011,433.8,1.26,13.4,624.218,453.8,0.079,4925,4.6,1.41,K0 III/IV,113.704,169.44752,-23.97549,
HD 98649 b,HD 98649,1,Radial Velocity,2012,5384,5.97,12.5,3082.936,114.2,0.852,5759,1.01,0.97,G3/G5 V,42.1727,170.21477,-23.21811,
HD 98736 b,HD 98736,1,Radial Velocity,2018,968.8,1.864,13.3,740.544,179.5,0.226,5271,0.93,0.92,G5,32.4459,170.4549,18.18961,
HD 99109 b,HD 99109,1,Radial Velocity,2005,439.29999,1.11,14.3,139.845,239.3,0.09,5282,0.98,0.76,G8/K0 IV,54.7901,171.07156,-1.52976,
HD 99283 b,HD 99283,1,Radial Velocity,2021,310.4,1.08,13.8,308.294,759.1,0.2,4886,11.21,1.76,K0 III,111.093,171.48741,55.85067,
HD 99492 b,HD 99492,2,Radial Velocity,2004,17.0503,0.12,5.44,25.5,622.3,0.034,4929,0.8225,0.85,K2 V,18.2038,171.68969,3.00713,
HD 99492 c,HD 99492,2,Radial Velocity,2023,95.233,0.386608,4.42,17.9,,0.063,4929,0.8225,0.85,K2 V,18.2038,171.68969,3.00713,a
HD 99706 b,HD 99706,2,Radial Velocity,2011,841,1.98,13.7,390.931,391.5,0.25,4862,5.52,1.46,K0,146.6,172.12616,43.9662,
HD 99706 c,HD 99706,2,Radial Velocity,2016,1278,2.761446,12.8,1808.453,,0.411,4891,5.4,1.72,K0,146.6,172.12616,43.9662,a
HIP 10090 c,HIP 10090,2,Radial Velocity,2026,321.82,0.9,13.9,270.154,338.4,0.188,5661,1.3827,0.94,K0,82.3937,32.43512,-30.74708,
HIP 10090 b,HIP 10090,2,Radial Velocity,2026,2960,3.87,13,1229.996,163.2,0.115,5661,1.3827,0.94,K0,82.3937,32.43512,-30.74708,
HIP 105854 b,HIP 105854,1,Radial Velocity,2014,184.2,0.81,12.6,2606.1,822.1,0.02,4780,10.3051,2.1,K2 III,78.6381,321.59623,-37.82948,
HIP 107772 b,HIP 107772,1,Radial Velocity,2020,55.199,0.243,3.64,12.9,280.9,0.18,4006,0.5139,0.63,M0 V,23.6434,327.49771,-41.24404,
HIP 107773 b,HIP 107773,1,Radial Velocity,2015,144.3,0.72,13.4,629.303,957.1,0.09,4945,11.6,2.42,K1 III,105.18,327.50051,-64.7127,
HIP 109384 b,HIP 109384,1,Radial Velocity,2016,499.48,1.134,13.5,495.815,213.8,0.549,5180,0.8311,0.78,G5,58.9582,332.40897,71.31396,
HIP 109600 b,HIP 109600,1,Radial Velocity,2016,232.08,0.706,13.2,851.784,312.9,0.163,5530,0.972,0.87,G5,66.3361,333.02708,29.06621,
HIP 111909 b,HIP 111909,2,Radial Velocity,2025,487.08,1.32,13.7,384.572,436.9,,4891,4.53,1.28,K1 III,88.077,340.03044,-49.59854,
HIP 111909 c,HIP 111909,2,Radial Velocity,2025,893.63,1.97,13.9,257.441,357.6,,4891,4.53,1.28,K1 III,88.077,340.03044,-49.59854,
HIP 113103 b,HIP 113103,2,Transit,2023,7.610303,0.06899,1.829,4,721,0.17,4930,0.742,0.761,,46.2122,343.57238,-43.01023,
HIP 113103 c,HIP 113103,2,Transit,2023,14.245648,0.10479,2.4,6.35,585,0.17,4930,0.742,0.761,,46.2122,343.57238,-43.01023,
HIP 114933 b,HIP 114933,1,Radial Velocity,2021,1481.6,2.84,13.4,616.587,316.8,0.21,4823,5.27,1.39,K0 III,101.766,349.20719,-21.20331,
HIP 116454 b,HIP 116454,1,Transit,2014,9.100416,0.0792,2.469,9.7,753.2,0.215,5048,0.758,0.8,K1,62.4491,353.95435,0.4447,
HIP 12961 b,HIP 12961,1,Radial Velocity,2010,57.435,0.25,13.2,114.419,303.3,0.17,3901,0.65,0.69,M0,23.371,41.68007,-23.086,
HIP 14810 b,HIP 14810,3,Radial Velocity,2005,6.673892,0.0696,13,1239.537,1048.2,0.144,5544,1.07,1.01,G5,50.48,47.80927,21.09713,
HIP 14810 c,HIP 14810,3,Radial Velocity,2006,147.747,0.549,13.6,416.357,373.2,0.1566,5544,1.07,1.01,G5,50.48,47.80927,21.09713,
HIP 14810 d,HIP 14810,3,Radial Velocity,2009,981.8,1.94,14.1,187.52,198.5,0.185,5544,1.07,1.01,G5,50.48,47.80927,21.09713,
HIP 18606 b,HIP 18606,1,Radial Velocity,2025,674.94,1.61,14,244.728,405.9,,4860,4.83,1.21,K0/1 III,47.0288,59.71811,-5.4707,
HIP 19976 b,HIP 19976,1,Radial Velocity,2022,50.65905,0.234,4.94,21.612,378.1,0.304,4316,0.7723,0.67,,40.2707,64.25979,-40.79852,
HIP 21152 b,HIP 21152,1,Imaging,2022,22000,17,12,7627.882,1300,0.36,6655,1.5919,1.4,F5 V,43.4073,68.02052,5.41007,
HIP 34222 b,HIP 34222,1,Radial Velocity,2021,159.986,0.492,13.9,263.798,219,0.305,4050,0.6186,0.62,K7 V,22.8386,106.42578,27.47041,
HIP 35173 b,HIP 35173,1,Radial Velocity,2019,41.516,0.217,3.61,12.7,444.3,0.16,4881,0.7734,0.79,K2 V,33.1562,109.04493,-3.66613,
HIP 35965 b,HIP 35965,1,Radial Velocity,2022,26125.56497,15.898,12.6,2589.984,48.9,0.138,4836,0.6976,0.78,,50.1677,111.20252,-51.32575,
HIP 38594 b,HIP 38594,2,Radial Velocity,2020,60.722,0.256,2.77,8.1,308.3,0.17,4086,0.6266,0.61,M0,17.7886,118.54391,-25.30231,
HIP 38594 c,HIP 38594,2,Radial Velocity,2020,3477.768,3.805,7.94,48.4,80,0.16,4086,0.6266,0.61,M0,17.7886,118.54391,-25.30231,
HIP 39017 b,HIP 39017,1,Imaging,2024,31000,22.1,12,7500.75,91.1,0.55,7201,1.5199,1.52,A9/F0,66.3217,119.76658,-4.3326,
HIP 39330 b,HIP 39330,1,Radial Velocity,2026,4650,5.05,13.5,530.773,125,0.078,5748,1.0279,0.96,G5 V,36.3958,120.61168,-46.33532,
HIP 41378 b,HIP 41378,6,Transit,2016,15.57209,0.1303,2.64,6.9,959,0.05,6290,1.3,1.22,F6,106.289,126.61583,10.08037,
HIP 41378 c,HIP 41378,6,Transit,2016,31.70591,0.2093,2.74,5.97,757,0.044,6290,1.3,1.22,F6,106.289,126.61583,10.08037,
HIP 41378 g,HIP 41378,6,Radial Velocity,2025,63.19,0.331761,2.5,6.81,605,0.055,6290,1.3,1.22,F6,106.289,126.61583,10.08037,a
HIP 41378 d,HIP 41378,6,Transit,2016,278.3618,1.17,3.65,6.53,367,0.063,6290,1.3,1.22,F6,106.289,126.61583,10.08037,
HIP 41378 e,HIP 41378,6,Transit,2016,393,0.68,5.19,7.62,335,0.065,6290,1.3,1.22,F6,106.289,126.61583,10.08037,
HIP 41378 f,HIP 41378,6,Transit,2016,542.0797,1.394,9.47,25,294,0.052,6290,1.3,1.22,F6,106.289,126.61583,10.08037,
HIP 4845 b,HIP 4845,1,Radial Velocity,2020,34.15,0.176,3.89,14.4,358.2,0.25,4010,0.604,0.62,K7V,21.0974,15.58817,-10.42462,
HIP 48714 b,HIP 48714,1,Radial Velocity,2020,17.818,0.112,5.11,22.9,446.5,0.5,4016,0.5955,0.58,M0.5 Ve,10.5298,149.03327,62.78595,
HIP 5158 b,HIP 5158,2,Radial Velocity,2009,345.72,0.89,13.6,451,219.7,0.52,4962,0.75,0.78,,51.6026,16.50949,-22.45361,
HIP 5158 c,HIP 5158,2,Radial Velocity,2011,9017.76,7.7,12.2,4780.163,72.6,0.14,4813,0.7541,0.78,,51.6026,16.50949,-22.45361,
HIP 54373 b,HIP 54373,2,Radial Velocity,2019,7.76,0.063,2.87,8.62,580.7,0.2,4021,0.565,0.57,K5 V,18.7168,166.86435,-19.29169,
HIP 54373 c,HIP 54373,2,Radial Velocity,2019,15.144,0.099,3.57,12.44,463.2,0.2,4021,0.565,0.57,K5 V,18.7168,166.86435,-19.29169,
HIP 54515 b,HIP 54515,1,Imaging,2026,33000,24.8,12.2,5625.563,100.7,0.42,8100,1.6491,1.9,A5 V,82.8101,167.30663,-1.33328,
HIP 54597 b,HIP 54597,1,Radial Velocity,2023,3274,4,13.3,762.788,94,0.03,4799,0.66,0.8,K5 V,39.7429,167.60822,-29.4143,
HIP 55507 b,HIP 55507,1,Radial Velocity,2022,5138.43727,5.062,12.6,2585.534,76,0.362,4171,0.7236,0.65,M0,25.4893,170.52272,46.9078,
HIP 56640 b,HIP 56640,1,Radial Velocity,2021,2675.57603,4.55,12.7,2151.698,239.4,0.118,4769,4.93,1.75,K1 III,122.324,174.20089,-37.03913,
HD 101581 b,HIP 56998,2,Transit,2025,4.46569,0.046,0.956,0.827,834,,4675,0.63,0.653,K4/5V,12.7781,175.2563,-44.40415,
HD 101581 c,HIP 56998,2,Transit,2025,6.20401,0.0573,0.99,0.937,747,,4675,0.63,0.653,K4/5V,12.7781,175.2563,-44.40415,
HIP 57274 b,HIP 57274,3,Radial Velocity,2011,8.1352,0.07,,3359.446,726,0.19,4510,0.78,0.29,K4 V,25.8618,176.17055,30.95765,
HIP 57274 c,HIP 57274,3,Radial Velocity,2011,32.03,0.178,14.2,130,437.3,0.05,4640,0.68,0.73,K4 V,25.8618,176.17055,30.95765,
HIP 57274 d,HIP 57274,3,Radial Velocity,2011,431.7,1.01,14.2,167.4,183.6,0.27,4640,0.68,0.73,K4 V,25.8618,176.17055,30.95765,
HIP 5763 b,HIP 5763,1,Radial Velocity,2021,30.014,0.17,14.2,162.092,440.9,0.054,4352,0.7504,0.72,K6 V,31.9043,18.49534,16.49427,
HIP 63242 b,HIP 63242,1,Radial Velocity,2013,124.6,0.565,12.5,2917.56,993.3,0.23,4830,10.2757,1.54,G8,156.456,194.38248,-65.64633,
HIP 65 A b,HIP 65 A,1,Transit,2020,0.980973,0.01782,22.754,1021.188,1411,0,4590,0.7242,0.781,K4 V,61.7856,0.18561,-54.83082,
HIP 65407 b,HIP 65407,2,Radial Velocity,2016,28.125,0.177,14.3,136.031,610.7,0.14,5460,0.9523,0.93,K0,61.7804,201.08766,48.88473,
HIP 65407 c,HIP 65407,2,Radial Velocity,2016,67.3,0.316,13.9,249.179,457,0.12,5460,0.9523,0.93,K0,61.7804,201.08766,48.88473,
HIP 65426 b,HIP 65426,1,Imaging,2017,230220.466683,92,16.814,2860.47,1500,,8840,1.77,1.96,A2 V,108.875,201.15017,-51.50454,p
HIP 65891 b,HIP 65891,1,Radial Velocity,2015,1089.6,2.82,12.7,1938.753,429.1,0.09,5000,8.93,2.5,K0 III,150.292,202.60509,-58.66439,
HIP 66074 b,HIP 66074,1,Astrometry,2023,310.9,0.799,12.9,1589.142,192.7,0.948,4300,0.69,0.705,,35.4438,203.16356,75.0071,
HIP 67522 b,HIP 67522,2,Transit,2020,6.959473,0.0748,9.987,71.4,1175,0.064,5675,1.38,1.22,G1 V,127.28,207.526,-40.8359,
HIP 67522 c,HIP 67522,2,Transit,2024,14.334892,0.1228,7.936,48.3,917,0.077,5675,1.38,1.22,G1 V,127.28,207.526,-40.8359,
HIP 67537 b,HIP 67537,1,Radial Velocity,2017,2523.64713,4.807,12.3,4309.118,323.2,0.586,4985,8.69,2.316,K1 III,116.046,207.58084,-39.9009,
HIP 67851 b,HIP 67851,2,Radial Velocity,2015,89.23,0.42,13.7,365.503,840.7,0.13,4840,5.45,1.28,K0 III,64.1181,208.46536,-35.31465,
HIP 67851 c,HIP 67851,2,Radial Velocity,2015,3128.41,4.55,12.7,2204.776,255.4,0.3,4840,5.45,1.28,K0 III,64.1181,208.46536,-35.31465,
HIP 70849 b,HIP 70849,1,Radial Velocity,2011,3649,3.99,12.9,1430.228,78.8,0.65,4105,0.6331,0.65,K7 V,24.0572,217.32708,-46.46468,
HIP 71135 b,HIP 71135,1,Radial Velocity,2019,87.19,0.335,4.55,18.8,285.1,0.21,4146,0.6813,0.66,M1,32.3311,218.21581,-52.64648,
HIP 74890 b,HIP 74890,1,Radial Velocity,2016,822.3,2.1,13.3,762.792,387.7,0.07,4850,5.77,1.74,K1 III,78.6562,229.5715,-41.4211,
HIP 75092 b,HIP 75092,1,Radial Velocity,2021,926.4,2.02,13.5,568.913,353.2,0.42,4891,4.53,1.28,K0 III,81.6696,230.17242,-25.99105,
HIP 77900 b,HIP 77900,1,Imaging,2024,,3319,12.1,6674.397,2507,,13646,,,,150.862,238.62539,-27.33874,
HIP 78530 b,HIP 78530,1,Imaging,2010,4650158.969605,740,12,7300,2700,,10500,2.1088,2.5,B9 V,136.759,240.48101,-21.98049,p
HIP 79098 AB b,HIP 79098 AB,1,Imaging,2019,1208657.450084,345,12.1,6515.515,2450,,9194,,3.75,B9 V,145.798,242.18212,-23.68552,p
HIP 79431 b,HIP 79431,1,Radial Velocity,2009,111.7,0.36,13.4,667.415,177.4,0.29,3191,0.4786,0.49,M3 V,14.5324,243.17425,-18.87642,
HIP 81208 C b,HIP 81208 C,1,Imaging,2023,104100,23.04,12.3,4703.86,2050,,,,0.135,M,147.533,248.8075,-35.72476,
HIP 8152 b,HIP 8152,2,Transit,2023,10.751014,0.093,2.536,8.9,795,0,5618,0.9603,0.9373,,101.694,26.20925,-18.40138,
HIP 8152 c,HIP 8152,2,Transit,2023,19.60562,0.139,2.524,10.7,650.7,0.2,5618,0.9603,0.9373,,101.694,26.20925,-18.40138,
HD 11343 c,HIP 8541,2,Radial Velocity,2022,228.53731,0.923,13.9,255.534,613.3,0.169,4672,6.84,2.009,K2 III/IV,155.121,27.5272,-54.46516,
HIP 8541 b,HIP 8541,2,Radial Velocity,2016,1852.14387,3.729,12.6,2451.728,305.1,0.36,4672,6.84,2.009,K2 III/IV,155.121,27.5272,-54.46516,
HIP 86221 b,HIP 86221,1,Radial Velocity,2021,2.224,0.031,14,225.658,,0.086,,,0.79,K5 V,29.4898,264.29487,27.89639,
HIP 8923 b,HIP 8923,1,Radial Velocity,2026,5160,5.9,12.5,3171.928,136.5,0.011,5980,1.3216,1.01,G3 V,65.9957,28.72509,-11.51134,
HIP 90988 b,HIP 90988,1,Radial Velocity,2021,455.73816,1.36,13.4,668.075,400.8,0.081,4883,3.94,1.613,K1 III,94.0349,278.38928,-50.21169,
HIP 91258 b,HIP 91258,1,Radial Velocity,2013,5.0505,0.06,13.7,346.435,1025,0.02,5519,0.89,0.97,G5 V,45.8846,279.22112,61.70151,
HIP 94235 b,HIP 94235,1,Transit,2022,7.713057,0.0787,3,379,1060,0.32,5991,1.08,1.094,G V,58.5146,287.74114,-60.27264,
HIP 948 b,HIP 948,1,Radial Velocity,2022,24955.45756,15.037,12.1,6547.265,46.4,0.23,4497,0.6885,0.71,,34.8523,2.92763,-39.23049,
HIP 9618 b,HIP 9618,2,Transit,2023,20.772858,0.145,3.828,8.3,640.9,0,5649,0.9593,0.942,,67.5478,30.90501,21.28133,
HIP 9618 c,HIP 9618,2,Transit,2023,52.56363,0.269,3.429,7,470.3,0,5649,0.9593,0.942,,67.5478,30.90501,21.28133,
HIP 97166 b,HIP 97166,2,Transit,2021,10.288914,0.091,2.48,19.1,701.7,0.29,5216,0.8418,0.9342,K0 V,65.9501,296.24462,74.06286,
HIP 97166 c,HIP 97166,2,Radial Velocity,2021,16.432,0.124,2.75,8,642,0,5216,0.8418,0.9342,K0 V,65.9501,296.24462,74.06286,
HIP 97233 b,HIP 97233,1,Radial Velocity,2014,1062.26506,2.491,12.1,6098.174,354.4,0.63,5020,5.34,1.81,K0/1 III,102.275,296.42212,-0.69688,
HIP 98599 b,HIP 98599,1,Radial Velocity,2026,2656,3.96,12.7,2177.125,171.1,0.169,5978,1.3948,1.19,F7 V,75.9428,300.40906,-22.11106,
HIP 99770 b,HIP 99770,1,Imaging,2023,18600,15.8,12.2,5403.083,135.2,0.31,8000,1.9399,1.9,A5-A6,40.0765,303.63383,36.8066,
HN Lib b,HN Lib,1,Radial Velocity,2023,36.116,0.1417,2.2,5.46,234.4,0.079,3347,0.299,0.291,M4.0 V,6.2444,218.56848,-12.51701,
HN Peg b,HN Peg,1,Imaging,2006,7553488.767787,773,11.777,6991.57,10.8,,6186,1.007,1.08,G0 V,18.1186,326.13157,14.77145,p
HR 2562 b,HR 2562,1,Imaging,2016,33507.961682,22.2,12.442,6992.225,1255,0.34,6597,1.334,1.3,F5 V,34.0071,102.50427,-60.24868,p
HR 5183 b,HR 5183,1,Radial Velocity,2019,27000,18,13.1,1052.012,171,0.84,5794,1.53,1.07,G0 V,31.4607,206.7358,6.3499,
HR 810 b,HR 810,1,Radial Velocity,1999,302.79999,0.92,12.7,1970.536,329.6,0.14,6167,1.13,1.34,G0V,17.3181,40.64172,-50.79935,
HR 858 b,HR 858,3,Transit,2019,3.585287,0.04888,2.004,3.55,1552,0,6354,1.258,1.204,F6 V,31.964,42.98498,-30.81406,
HR 858 c,HR 858,3,Transit,2019,5.973865,0.0687,1.979,3.8,1309,0,6354,1.258,1.204,F6 V,31.964,42.98498,-30.81406,
HR 858 d,HR 858,3,Transit,2019,11.230511,0.1046,2.001,7.1,1061,0,6354,1.258,1.204,F6 V,31.964,42.98498,-30.81406,
HR 8799 e,HR 8799,4,Imaging,2010,20815.6,16.4,13.115,3178.3,1150,0.15,7400,1.4934,1.51,A5,41.2441,346.87015,21.13404,
HR 8799 d,HR 8799,4,Imaging,2008,37000,24,13,3000,1300,0.6,7205,1.4934,1.5,A5 V,41.2441,346.87015,21.13404,
HR 8799 c,HR 8799,4,Imaging,2008,69000,38,13,3000,1200,0.5,7205,1.4934,1.5,A5 V,41.2441,346.87015,21.13404,
HR 8799 b,HR 8799,4,Imaging,2008,170000,68,13,2000,1200,,7205,1.4934,1.5,A5 V,41.2441,346.87015,21.13404,
HS Psc b,HS Psc,1,Radial Velocity,2024,3.986,0.0435,13.6,464.029,783.4,0.27,4203,0.65,0.69,K7 V,37.6604,24.34738,26.9528,
HU Aqr AB b,HU Aqr,2,Eclipse Timing Variations,2011,2390,3.6,12.8,1875.197,,0,5952,,0.88,,192.1981,316.9922,-5.29487,
HU Aqr AB c,HU Aqr,2,Eclipse Timing Variations,2011,4368,5.4,12.9,1430.235,,0.51,5952,,0.88,,192.1981,316.9922,-5.29487,
IC 4651 9122 b,IC 4651 9122,1,Radial Velocity,2018,734,2.038,12.7,2002.329,513,0.18,4740,10.2674,2.1,,859.324,261.20861,-49.94893,
IRAS 04125+2902 b,IRAS 04125+2902,1,Transit,2024,8.834978,0.077,10.738,80.8,854,,4080,1.45,0.7,,159.244,63.92834,29.16654,
KOINTREAU-3 b,ISO-Oph 96,1,Imaging,2026,3607758.473057,342,13.1,1080.617,8.7,,3920,0.7308,0.41,K6-M1,140.563,246.76878,-24.71668,p
ITG 15 b,ITG 15 A,1,Imaging,2024,,435,12.1,6674.397,2601,,,,,,136.37,69.93704,26.03121,
K2-10 b,K2-10,1,Transit,2015,19.30553,0.137,3.773,25.2,649,0.31,5533,0.956,0.88,F9,272.36,172.12165,1.69062,
K2-100 b,K2-100,1,Transit,2016,1.673903,0.0301,3.88,21.8,1841,0,5945,1.24,1.15,G0 V,188.959,129.60109,20.10601,
K2-101 b,K2-101,1,Transit,2016,14.676243,0.1124,2,4.66,618,0.1,4927,0.76,0.82,K3,188.33,130.34391,18.93382,
K2-102 b,K2-102,1,Transit,2016,9.915615,0.082791,1.3,2.24,,0.1,4695,0.71,0.77,K5,188.175,130.0559,19.77875,a
K2-104 b,K2-104,1,Transit,2016,1.974195,0.0242,1.79,3.86,798,0.09,3712,0.48,0.51,M2.5e,189.289,129.63666,19.77372,
K2-105 b,K2-105,1,Transit,2017,8.26726,0.0796,3.4,15.4,805,0,5373,0.905,0.94,K1,197.989,125.4203,13.49751,
K2-107 b,K2-107,1,Transit,2017,3.313959,0.0475,15.98,266.977,1649,0,6061,1.81,1.3,F9 IV,685.2,284.98536,-22.29342,
K2-108 b,K2-108,1,Transit,2017,4.733999,0.0581,5.33,59.4,1360,0.18,5599,1.76,1.17,,477.295,123.38185,16.41952,
K2-11 b,K2-11,1,Transit,2015,39.93767,0.2257,7.55,44.4,734,,5433,5.15,1.35,G8,329.309,169.04183,1.98668,
K2-110 b,K2-110,1,Transit,2017,13.86375,0.10207,2.592,15.9,638,0.13,5010,0.713,0.738,K3 V,116.474,207.34974,-12.28492,
K2-111 b,K2-111,2,Transit,2017,5.351896,0.0565,1.837,5.35,1293,0.134,5775,1.25,0.84,G2,200.394,59.89031,21.29853,
K2-111 c,K2-111,2,Radial Velocity,2020,15.6748,0.11565,3.34,11.1,923,0.069,5775,1.25,0.84,G2,200.394,59.89031,21.29853,
K2-113 b,K2-113,1,Transit,2017,5.817685,0.0642,12.14,410.001,1098,0,5660,1.24,1.04,G,635.722,19.44938,6.86885,
K2-114 b,K2-114,1,Transit,2017,11.390931,0.0944,10.592,638.835,701.4,0.079,4899,0.832,0.863,,475.758,127.88291,11.92225,
K2-115 b,K2-115,1,Transit,2017,20.272991,0.1415,11.803,321.007,696,0.063,5870,0.855,0.918,G4,413.591,126.5535,12.28185,
K2-116 b,K2-116,1,Transit,2017,4.655411,0.048,0.69,0.257,783,0.06,4348,0.6694,0.6945,,49.3855,336.15234,-11.57932,
K2-117 b,K2-117,2,Transit,2017,1.2916,0.0189,2.03,4.78,868,0.06,3778,0.51,0.54,M1.0 V,101.632,133.85573,10.46922,
K2-117 c,K2-117,2,Transit,2017,5.444017,0.0492,2.06,4.9,537,0.15,3778,0.51,0.54,M1.0 V,101.632,133.85573,10.46922,
K2-118 b,K2-118,1,Transit,2017,50.92092,0.245,2.54,6.99,394.6,0.2,4726,0.7346,0.7564,,321.722,132.12686,15.6559,
K2-119 b,K2-119,1,Transit,2017,7.727283,0.0698,2.53,6.94,666,0.07,4740,0.71,0.76,,365.581,132.00987,16.90177,
K2-12 b,K2-12,1,Transit,2015,8.28246,0.0792,2.44,5.2,1026,0.5,5672,1.117,0.965,F9,326.381,173.1919,2.24468,
K2-121 b,K2-121,1,Transit,2017,5.185738,0.0525,7.16,51,716,0.22,4526,0.675,0.71,,169.398,126.93666,17.57933,
K2-122 b,K2-122,1,Transit,2017,2.219302,0.0373,1.16,1.65,769,0.21,4009,0.59,0.63,M0,72.0444,126.47622,20.35934,
K2-123 b,K2-123,1,Transit,2017,30.951524,0.1649,2.76,8.05,338,0.06,4035,0.59,0.62,,161.555,134.44414,21.45327,
K2-124 b,K2-124,1,Transit,2017,6.413651,0.049,2.9,8.75,442,0.08,3570,0.388,0.39,,140.385,133.64105,23.13295,
K2-125 b,K2-125,1,Transit,2017,21.750264,0.121,2.18,5.39,321.2,0.08,3654,0.402,0.4947,,124.156,204.14188,-14.94782,
K2-126 b,K2-126,1,Transit,2017,7.385655,0.0656,1.97,4.54,601,0.06,4339,0.65,0.69,,102.953,203.5467,-13.57697,
K2-127 b,K2-127,1,Transit,2017,3.588163,0.0411,8.37,52.9,809,0.12,4575,0.66,0.72,,709.999,207.07829,-11.58899,
K2-128 b,K2-128,1,Transit,2017,5.675819,0.056,1.42,2.6,803.1,0.23,4470,0.7776,0.7112,,114.637,204.43767,-8.59709,
K2-129 b,K2-129,1,Transit,2017,8.239493,0.057,1.04,1.12,419.2,0.13,3459,0.36,0.36,,27.7957,289.14855,-25.64632,
K2-13 b,K2-13,1,Transit,2015,39.91488,0.2114,1.89,4.23,511,,5698,0.78,0.8,G3,342.394,170.15548,2.50275,
K2-130 b,K2-130,1,Transit,2017,2.49412,0.032,1.25,2.1,1013.1,0.17,4356,0.7443,0.6956,,118.011,290.27054,-19.69087,
K2-131 b,K2-131,1,Transit,2017,0.369304,0.00936,1.69,7.9,2223,0,5120,0.7595,0.803,,152.509,182.7514,-9.76524,
K2-132 b,K2-132,1,Transit,2017,9.1751,0.0916,14.572,155.737,1586,0.29,4840,3.85,1.08,,609.818,182.16627,-8.74722,
K2-133 b,K2-133,4,Transit,2017,3.07133,0.03194,1.34,2.36,665.2,,3655,0.455,0.461,M1.5 V,75.1703,70.14938,25.00981,
K2-133 c,K2-133,4,Transit,2017,4.86784,0.04341,1.603,3.2,570.6,,3655,0.455,0.461,M1.5 V,75.1703,70.14938,25.00981,
K2-133 d,K2-133,4,Transit,2017,11.02454,0.07487,2.003,4.67,734,,3655,0.455,0.461,M1.5 V,75.1703,70.14938,25.00981,
K2-133 e,K2-133,4,Transit,2019,26.5841,0.1346,1.73,3.64,296,,3655,0.455,0.461,M1.5 V,75.1703,70.14938,25.00981,
K2-136 b,K2-136,3,Transit,2017,7.97525,0.0707,1.014,4.3,610,0.14,4500,0.677,0.742,K5.5,59.2474,67.41286,22.88257,
K2-136 c,K2-136,3,Transit,2017,17.30723,0.1185,3,18.1,470,0.047,4500,0.677,0.742,K5 V,59.2474,67.41286,22.88257,
K2-136 d,K2-136,3,Transit,2017,25.575,0.1538,1.565,3,420,0.071,4500,0.677,0.742,K5.5,59.2474,67.41286,22.88257,
K2-137 b,K2-137,1,Transit,2017,0.179719,0.0058,0.64,158.915,1471,0,3697,0.29,0.463,M3 V,98.8765,186.87043,-6.19522,
K2-138 b,K2-138,6,Transit,2017,2.35309,0.03385,1.51,3.1,1157,0.048,5356,0.863,0.935,G8 V,202.585,348.94903,-10.84974,
K2-138 c,K2-138,6,Transit,2017,3.56004,0.04461,2.299,6.31,1012,0.045,5356,0.863,0.935,G8 V,202.585,348.94903,-10.84974,
K2-138 d,K2-138,6,Transit,2017,5.40479,0.05893,2.39,7.92,888,0.043,5356,0.863,0.935,G8 V,202.585,348.94903,-10.84974,
K2-138 e,K2-138,6,Transit,2017,8.26146,0.0782,3.39,12.97,757,0.077,5356,0.863,0.935,G8 V,202.585,348.94903,-10.84974,
K2-138 f,K2-138,6,Transit,2017,12.75758,0.10447,2.904,1.63,653,0.062,5356,0.863,0.935,G8 V,202.585,348.94903,-10.84974,
K2-138 g,K2-138,6,Transit,2021,41.96797,0.23109,3.013,4.32,445,0.059,5356,0.863,0.935,G8 V,202.585,348.94903,-10.84974,
K2-139 b,K2-139,1,Transit,2017,28.380619,0.1796,9.11,123,524,0.12,5370,0.88,0.96,K0 V,153.856,289.06671,-17.91071,
K2-14 b,K2-14,1,Transit,2015,8.36802,0.0627,4.81,20.7,488,0.14,3789,0.45,0.47,M0,364.048,178.05687,2.59412,
K2-140 b,K2-140,1,Transit,2017,6.569188,0.068,13.563,295.58,962,0,5585,1.06,0.96,G6 V,347.917,188.13732,-9.60761,
K2-141 b,K2-141,2,Transit,2018,0.280324,0.00747,1.51,4.97,2103,0,4570,0.681,0.708,K7 V,61.8736,350.91705,-1.18918,
K2-141 c,K2-141,2,Transit,2018,7.7485,0.0683,7,8,695,0.092,4570,0.681,0.708,K7 V,61.8736,350.91705,-1.18918,
K2-146 b,K2-146,2,Transit,2018,2.6446,0.0248,2.05,5.77,534,0.129,3385,0.33,0.331,M3.0 V,79.3002,130.0267,19.09234,
K2-146 c,K2-146,2,Transit,2019,4.00498,0.0327,2.19,7.49,518.5,0.075,3385,0.33,0.331,M3.0 V,79.3002,130.0267,19.09234,
K2-147 b,K2-147,1,Transit,2018,0.961939,0.01575,1.473,2.77,1077,0.38,3690,0.578,0.563,,90.5494,293.83303,-28.49847,
K2-148 b,K2-148,3,Transit,2018,4.38395,0.0454,1.33,2.33,733.9,,4079,0.632,0.65,,124.458,14.51765,-0.19326,
K2-148 c,K2-148,3,Transit,2018,6.9226,0.0616,1.73,3.64,630,,4079,0.632,0.65,,124.458,14.51765,-0.19326,
K2-148 d,K2-148,3,Transit,2018,9.7579,0.0774,1.64,3.33,562,,4079,0.632,0.65,,124.458,14.51765,-0.19326,
K2-149 b,K2-149,1,Transit,2018,11.332,0.083,1.64,3.33,472.4,,3745,0.568,0.595,M1.0 V,123.676,9.82175,7.27699,
K2-15 b,K2-15,1,Transit,2015,11.8104,0.091,2.48,6.71,676,,5131,0.68,0.72,G8,493.992,178.11057,4.25466,
K2-150 b,K2-150,1,Transit,2018,10.59357,0.0727,2,4.66,413.2,,3499,0.436,0.457,M2.5 V,102.483,18.34439,8.98743,
K2-151 b,K2-151,1,Transit,2018,3.835476,0.0373,1.49,2.83,566,,3695,0.45,0.47,M1.5 V,69.4798,19.30477,9.50127,
K2-152 b,K2-152,1,Transit,2018,32.6479,0.1716,2.29,5.86,337,,4044,0.61,0.63,M0.0 V,108.449,181.63241,-5.82743,
K2-153 b,K2-153,1,Transit,2018,7.51574,0.0614,2,4.66,497,,3845,0.53,0.55,M3.0 V,143.125,183.80887,2.02088,
K2-154 b,K2-154,2,Transit,2018,3.67626,0.0405,1.99,4.62,715,,4097,0.63,0.65,M0.0 V,129.356,189.00152,-2.66962,
K2-154 c,K2-154,2,Transit,2018,7.95486,0.0677,2.07,4.94,552,,4097,0.63,0.65,M0.0 V,129.356,189.00152,-2.66962,
K2-155 b,K2-155,3,Transit,2018,6.342,0.0562,1.8,3.89,708,,4258,0.58,0.65,K7,72.7998,65.46961,21.35326,
K2-155 c,K2-155,3,Transit,2018,13.85,0.0946,2.6,7.27,583,,4258,0.58,0.65,K7,72.7998,65.46961,21.35326,
K2-155 d,K2-155,3,Transit,2018,40.718,0.1937,1.9,4.27,381,,4258,0.58,0.65,K7,72.7998,65.46961,21.35326,
K2-156 b,K2-156,1,Transit,2018,0.813143,0.0149,1.1,1.37,1347,,4460,0.62,0.66,,150.21,182.69967,-6.29436,
K2-157 b,K2-157,3,Transit,2018,0.365258,0.00962,0.935,1.14,2432,,5334,0.86,0.89,G9 V,298.373,183.7515,-5.78202,
K2-157 c,K2-157,3,Radial Velocity,2025,25.942,0.165,6.08,30.8,587,0.2,5334,0.86,0.89,G9 V,298.373,183.7515,-5.78202,
K2-157 d,K2-157,3,Radial Velocity,2025,66.5,0.309,5.16,23.3,429.1,0.5,5334,0.86,0.89,G9 V,298.373,183.7515,-5.78202,
K2-158 c,K2-158,2,Transit,2018,5.90279,0.0622,1.28,2.18,948,,5503,0.95,0.92,,197.299,179.93971,-5.72169,
K2-158 b,K2-158,2,Transit,2018,10.06049,0.0887,2.64,7.46,794,,5503,0.95,0.92,,197.299,179.93971,-5.72169,
K2-159 b,K2-159,1,Transit,2018,12.42205,0.1013,2.26,5.73,684,,5425,0.83,0.9,,170.998,180.54089,-3.58091,
EPIC 201754305 d,K2-16,3,Transit,2019,2.71578,0.033335,1.03,1.08,,,4761,0.544,0.67,K3 V,334.967,175.09722,4.55743,a
K2-16 b,K2-16,3,Transit,2015,7.6188,0.0667,2.02,4.74,658,,4742,0.66,0.68,K3 V,334.967,175.09722,4.55743,
K2-16 c,K2-16,3,Transit,2015,19.07863,0.1229,2.54,6.99,485,,4742,0.66,0.68,K3 V,334.967,175.09722,4.55743,
K2-160 b,K2-160,1,Transit,2018,3.705871,0.046597,3.178,10.2,,,5649,0.9138,0.9828,,315.363,184.05452,-3.55309,a
K2-161 b,K2-161,1,Transit,2018,9.283188,0.086065,6.117,31.1,,,4972,2.5682,0.9869,,916.319,183.79385,-3.49569,a
K2-162 b,K2-162,1,Transit,2018,9.45889,0.0795,1.44,2.67,631,,4842,0.69,0.75,,124.433,186.03839,-1.11148,
K2-163 b,K2-163,1,Transit,2018,6.673117,0.065089,2.466,6.65,,,4937,0.7622,0.8261,,208.529,182.32925,-0.53934,a
K2-164 b,K2-164,1,Transit,2018,17.355066,0.138663,3.249,10.6,,,5791,2.1961,1.1809,,375.67,171.93366,-0.06285,a
K2-165 b,K2-165,3,Transit,2018,2.354992,0.032619,1.274,2.17,,,5185,0.8038,0.8348,,134.591,184.90049,0.96833,a
K2-165 c,K2-165,3,Transit,2018,4.382745,0.049352,1.554,3.03,,,5185,0.8038,0.8348,,134.591,184.90049,0.96833,a
K2-165 d,K2-165,3,Transit,2018,14.101361,0.10756,2.648,7.5,629.4,,5185,0.8038,0.8348,,134.591,184.90049,0.96833,a
EPIC 201615463 c,K2-166,2,Transit,2019,3.80464,0.048829,1.22,1.98,,,5960,1.61,1.073,,476.882,185.18809,2.28238,a
K2-166 b,K2-166,2,Transit,2018,8.52695,0.0858,2.19,5.43,1140,,5960,1.61,1.16,,476.882,185.18809,2.28238,
K2-167 b,K2-167,1,Transit,2018,9.978541,0.0932,2.365,6.5,1220,0.48,6310,1.499,1.084,F7 V,80.8994,336.57612,-18.01167,
EPIC 205950854 c,K2-168,2,Transit,2019,8.050722,0.075248,1.31,2.27,960.6,,5503,0.83,0.877,,243.935,333.11007,-16.34189,a
K2-168 b,K2-168,2,Transit,2018,15.8523,0.118214,1.86,4.12,766.4,,5503,0.83,0.877,,243.935,333.11007,-16.34189,a
K2-169 b,K2-169,1,Transit,2018,6.380803,0.067015,1.273,2.16,,,5548,0.9191,0.9861,,235.867,337.04425,-14.59934,a
K2-17 b,K2-17,1,Transit,2015,17.96753,0.119,2.23,5.6,487,0.18,4320,0.66,0.71,K7,125.106,178.32967,6.41232,
K2-170 b,K2-170,2,Transit,2018,7.576544,0.07457,1.418,2.6,,,5748,0.9816,0.9637,,392.872,335.45069,-14.59336,a
K2-170 c,K2-170,2,Transit,2018,12.400047,0.103561,1.802,3.9,,,5748,0.9816,0.9637,,392.872,335.45069,-14.59336,a
K2-171 b,K2-171,1,Transit,2018,5.628466,0.059601,2.687,7.69,,,5250,1.7175,0.8916,,606.128,332.34077,-13.42886,a
K2-172 b,K2-172,2,Transit,2018,14.316941,0.112809,1.666,3.42,,,5569,0.8689,0.9344,,249.742,335.30814,-12.55698,a
K2-172 c,K2-172,2,Transit,2018,29.62682,0.18319,3.206,10.4,,,5569,0.8689,0.9344,,249.742,335.30814,-12.55698,a
K2-173 b,K2-173,1,Transit,2018,5.868699,0.061054,1.608,3.22,,,5580,0.8432,0.8815,,228.641,60.37524,15.62513,a
K2-174 b,K2-174,1,Transit,2018,19.562307,0.126,2.6,7.27,455,,4455,0.676,0.7,,99.9293,60.79297,16.34717,
K2-175 b,K2-175,1,Transit,2018,9.525988,0.090638,2.038,4.81,,,5909,1.42,1.0947,,247.266,52.50355,17.58411,a
K2-176 b,K2-176,1,Transit,2018,5.329439,0.058463,1.491,2.83,,,5428,0.8642,0.9385,,247.302,58.26918,17.90695,a
K2-177 b,K2-177,1,Transit,2018,14.155185,0.122051,2.116,5.13,,,6063,1.2136,1.2105,,492.167,55.22962,20.73609,a
K2-178 b,K2-178,1,Transit,2018,8.747818,0.081711,3.558,12.4,840.3,,5525,0.8873,0.9511,,214.753,52.88885,22.43482,a
K2-179 b,K2-179,1,Transit,2018,5.172191,0.054881,2.513,6.86,,,5015,0.7681,0.8243,,190.81,58.79679,23.75675,a
K2-18 c,K2-18,2,Radial Velocity,2017,8.962,0.06,2.65,7.51,363,0.47,3457,0.411,0.359,M2.5 V,38.0266,172.56014,7.58783,
K2-18 b,K2-18,2,Transit,2015,32.939623,0.1429,2.37,8.92,284,0.2,3457,0.411,0.359,M2.5 V,38.0266,172.56014,7.58783,
K2-180 b,K2-180,1,Transit,2018,8.865663,0.0756,2.466,11.41,797.5,0.075,5365,0.719,0.735,K2 V,203.896,126.46436,10.24658,
K2-181 b,K2-181,1,Transit,2018,6.8941,0.0706,2.69,7.7,949,0.4,5528,1.06,0.96,,360.911,127.55411,10.91014,
K2-182 b,K2-182,1,Transit,2018,4.73697,0.05174,2.713,20.977,965.8,0.071,5128,0.789,0.823,,154.83,130.18005,10.98295,
K2-183 b,K2-183,3,Transit,2018,0.469285,0.011586,1.1,1.37,,,5482,0.87,0.9422,,329.041,125.00718,14.01946,a
K2-183 c,K2-183,3,Transit,2018,10.787992,0.0932,2.3,5.9,787,,5482,0.87,0.9422,,329.041,125.00718,14.01946,
K2-183 d,K2-183,3,Transit,2018,22.620344,0.1527,2.3,5.9,615,,5482,0.87,0.9422,,329.041,125.00718,14.01946,
K2-184 b,K2-184,1,Transit,2018,16.97801,0.1685,1.47,2.76,533,,5245,0.75,0.84,,75.5857,129.14052,14.46188,
K2-185 b,K2-185,2,Transit,2018,10.616384,0.093257,1.15,1.6,809,,5788,0.94,0.96,,268.357,130.25966,14.69022,a
K2-185 c,K2-185,2,Transit,2018,52.713494,0.271422,2.39,6.3,477,,5788,0.94,0.96,,268.357,130.25966,14.69022,a
K2-186 b,K2-186,1,Transit,2018,41.474219,0.235937,3.172,10.2,,,5784,0.9808,1.0186,,330.739,135.33505,18.82529,a
K2-187 b,K2-187,4,Transit,2018,0.77401,0.0164,1.2,1.87,1815,,5438,0.83,0.967,,330.916,132.52356,23.19247,
K2-187 c,K2-187,4,Transit,2018,2.871512,0.0392,1.4,2.54,1173,,5438,0.83,0.967,,330.916,132.52356,23.19247,
K2-187 d,K2-187,4,Transit,2018,7.149584,0.072,2.4,6.35,865,,5438,0.83,0.967,,330.916,132.52356,23.19247,
K2-187 e,K2-187,4,Transit,2018,13.606629,0.1106,1.9,4.27,698,,5438,0.83,0.967,,330.916,132.52356,23.19247,
K2-188 b,K2-188,2,Transit,2018,1.742169,0.0289,1.35,2.39,1692,,5977,1.19,1.06,,446.821,129.8137,23.35744,
K2-188 c,K2-188,2,Transit,2018,7.810253,0.0785,2.83,8.4,1026,,5977,1.19,1.06,,446.821,129.8137,23.35744,
K2-189 b,K2-189,2,Transit,2018,2.58812,0.0361,1.403,2.55,1203,,5442,0.879,0.85,,242.113,203.62144,-15.03652,
K2-189 c,K2-189,2,Transit,2018,6.67932,0.068,2.31,5.95,877,,5442,0.879,0.85,,242.113,203.62144,-15.03652,
K2-19 d,K2-19,3,Transit,2016,2.50827,0.03478,1.044,6.2,1258,0.44,5350,0.824,0.892,G9,289.827,174.96025,0.6036,
K2-19 b,K2-19,3,Transit,2015,7.9193,0.07487,7,30.8,857,0.1,5322,0.82,0.88,G9,289.827,174.96025,0.6036,
K2-19 c,K2-19,3,Transit,2015,11.906,0.0982,4.1,11,679,0.1,5322,0.82,0.88,G9,289.827,174.96025,0.6036,
K2-190 b,K2-190,2,Transit,2018,10.098858,0.088431,1.357,2.41,,,5631,0.9122,0.9046,,160.679,205.36305,-13.16087,a
K2-190 c,K2-190,2,Transit,2018,21.574023,0.146683,1.093,1.34,,,5631,0.9122,0.9046,,160.679,205.36305,-13.16087,a
K2-191 b,K2-191,1,Transit,2018,2.858646,0.038073,1.579,3.12,,,5176,0.8397,0.901,,287.188,201.63914,-12.80667,a
K2-192 b,K2-192,1,Transit,2018,4.162817,0.049,1.52,2.92,939,,5222,0.81,0.9,,221.753,206.58231,-11.55635,
K2-193 b,K2-193,1,Transit,2018,14.786889,0.1184,3.95,14.8,739,,5817,0.98,1.01,,411.923,205.2371,-11.00933,
K2-194 b,K2-194,1,Transit,2018,39.721386,0.235907,3.642,12.9,,,5979,1.2811,1.1101,,629.51,204.60898,-8.92716,a
K2-195 b,K2-195,2,Transit,2018,15.852975,0.1208,3.13,9.96,720,,5713,0.99,0.94,,315.014,199.83152,-8.50954,
K2-195 c,K2-195,2,Transit,2018,28.482786,0.180271,2.576,7.16,,,5712,0.9064,0.9634,,315.014,199.83152,-8.50954,a
K2-196 b,K2-196,1,Transit,2018,48.324222,0.27298,3.6,12.6,,,6045,1.5388,1.1621,,584.877,200.45625,-8.47171,a
K2-197 b,K2-197,1,Transit,2018,8.357881,0.0806,2.56,7.08,848,,5667,0.93,1,,247.637,202.39348,-7.37398,
K2-198 c,K2-198,3,Transit,2019,3.359605,0.040736,1.423,2.61,1229.9,,5213,0.757,0.799,,110.567,198.84368,-6.46499,a
K2-198 d,K2-198,3,Transit,2019,7.450018,0.069272,2.438,6.52,943.2,,5213,0.757,0.799,,110.567,198.84368,-6.46499,a
K2-198 b,K2-198,3,Transit,2018,17.042868,0.120268,4.189,16.3,715.8,,5213,0.757,0.799,,110.567,198.84368,-6.46499,a
K2-199 b,K2-199,2,Transit,2018,3.225399,0.0382,1.73,6.9,913,0.02,4491,0.682,0.711,,107.518,208.90145,-6.13608,
K2-199 c,K2-199,2,Transit,2018,7.37449,0.0662,2.85,12.4,694,0.03,4491,0.682,0.711,,107.518,208.90145,-6.13608,
K2-200 b,K2-200,1,Transit,2018,2.849883,0.037413,1.364,2.43,,,5233,0.7917,0.8602,,184.131,202.25121,-4.61005,a
K2-201 b,K2-201,2,Transit,2018,1.05979,0.020041,1.4,2.54,,,5507,0.8782,0.9561,,197.932,293.56071,-23.13128,a
K2-201 c,K2-201,2,Transit,2018,22.779878,0.15493,3.286,10.8,,,5507,0.8782,0.9561,,197.932,293.56071,-23.13128,a
K2-2016-BLG-0005L b,K2-2016-BLG-0005L,1,Microlensing,2023,4700,4.16,13.7,349.611,,,,,0.584,,5200,269.87983,-27.60747,
K2-202 b,K2-202,1,Transit,2018,3.405164,0.043871,2.302,5.91,,,5491,0.9107,0.9715,,300.397,283.26432,-22.40706,a
K2-203 b,K2-203,1,Transit,2018,9.6952,0.0824,1.265,2.14,738.4,0.23,5026,0.765,0.793,,166.147,12.77369,-1.19588,
K2-204 b,K2-204,1,Transit,2018,7.055908,0.0738,3.172,10.2,1148,0.28,5783,1.253,1.076,,577.235,17.38251,-0.51775,
K2-205 b,K2-205,1,Transit,2018,26.672263,0.171808,1.996,4.64,,,5890,1.0776,0.951,,405.301,15.21759,0.42597,a
K2-206 b,K2-206,1,Transit,2018,18.294549,0.125584,2.795,8.22,,,5043,0.758,0.7895,,244.443,11.25643,0.59319,a
K2-207 b,K2-207,1,Transit,2018,12.48749,0.103256,2.606,7.3,,,5522,0.9282,0.9419,,363.064,11.69965,0.64062,a
K2-208 b,K2-208,1,Transit,2018,4.19097,0.04878,1.675,3.45,1122,0.37,5500,0.872,0.881,,256.887,20.77898,0.88901,
K2-209 b,K2-209,1,Transit,2018,2.080615,0.028912,0.869,0.586,,,4720,0.7124,0.7448,,76.4986,14.69035,1.38281,a
K2-21 b,K2-21,2,Transit,2015,9.325038,0.076,1.84,4.04,500,0.1,4222,0.6468,0.676,M0.0,83.6448,340.30378,-14.48933,
K2-21 c,K2-21,2,Transit,2015,15.50192,0.107,2.49,6.76,420,0.21,4222,0.6468,0.676,M0.0,83.6448,340.30378,-14.48933,
K2-210 b,K2-210,1,Transit,2018,0.57023,0.013049,0.86,0.566,,,5500,0.89,0.9117,,176.51,17.64127,1.57841,a
K2-211 b,K2-211,1,Transit,2018,0.669561,0.01419,1.332,2.33,1873,0.19,5117,0.818,0.851,,272.297,21.10616,1.70491,
K2-212 b,K2-212,1,Transit,2018,9.795647,0.0785,2.65,7.51,542,,4349,0.678,0.622,,109.218,18.4241,3.09707,
K2-213 b,K2-213,1,Transit,2018,8.13087,0.080929,1.514,2.9,,,5794,1.2042,1.0696,,389.702,13.1404,3.50777,a
K2-214 b,K2-214,1,Transit,2018,8.59656,0.0834,2.51,6.85,1001,,5875,1.236,1.03,,300.64,14.87598,4.22777,
K2-215 b,K2-215,1,Transit,2018,8.269648,0.080032,2.124,5.16,,,5704,0.9744,1,,403.964,18.47008,6.12386,a
K2-216 b,K2-216,1,Transit,2018,2.1748,0.028,1.75,8,1103,0,4503,0.72,0.7,K5 V,115.461,11.48024,6.34703,
K2-217 b,K2-217,1,Transit,2018,14.074524,0.117863,3.579,12.5,,,5967,1.3337,1.1027,,381.878,11.29837,6.48159,a
K2-218 b,K2-218,1,Transit,2018,8.679885,0.083946,2.569,7.13,,,5757,1.0082,1.0475,,394.083,12.80961,6.84643,a
K2-219 b,K2-219,3,Transit,2018,3.901287,0.048846,1.348,2.38,,,5753,1.1892,1.0215,,325.4,12.8453,8.86755,a
K2-219 c,K2-219,3,Transit,2018,6.66767,0.069825,1.438,2.66,,,5753,1.1892,1.0215,,325.4,12.8453,8.86755,a
K2-219 d,K2-219,3,Transit,2018,11.137278,0.098298,2.576,7.16,,,5753,1.1892,1.0215,,325.4,12.8453,8.86755,a
K2-22 b,K2-22,1,Transit,2015,0.381073,0.009,2.3,444.962,2100,0.19,3879,0.58,0.5953,M0 V,243.836,169.4827,2.61904,
K2-220 b,K2-220,1,Transit,2018,13.68186,0.1104,2.37,6.21,761,,5612,1.026,0.91,,233.514,12.77001,9.51677,
K2-221 b,K2-221,1,Transit,2018,2.399094,0.035199,1.679,3.46,,,5716,0.9476,1.0108,,318.81,16.65503,10.18974,a
K2-222 b,K2-222,1,Transit,2018,15.388927,0.1186,2.275,7.5,803,0.021,5942,1.072,0.94,G0,101.321,16.46252,11.75372,
K2-223 b,K2-223,2,Transit,2018,0.50557,0.0127,0.89,0.64,2271,,5859,1,1.06,,198.604,185.30618,-10.28209,
K2-223 c,K2-223,2,Transit,2018,4.562546,0.0549,1.5,2.86,1091,,5859,1,1.06,,198.604,185.30618,-10.28209,
K2-224 b,K2-224,2,Transit,2018,4.47904,0.0516,1.56,3.05,1002,,5620,0.84,0.91,,275.255,189.70414,-10.06059,
K2-224 c,K2-224,2,Transit,2018,10.09489,0.0886,2.41,6.39,764,,5620,0.84,0.91,,275.255,189.70414,-10.06059,
K2-225 b,K2-225,1,Transit,2018,15.8723,0.1409,3.609,12.7,923,0.23,5520,1.7,1.482,,357.778,186.5411,-9.62482,
K2-226 b,K2-226,1,Transit,2018,3.27109,0.04095,1.539,2.98,1187,0.22,5288,0.889,0.856,,211.265,183.64566,-9.56263,
K2-227 b,K2-227,1,Transit,2018,13.621832,0.109764,1.666,3.41,,,5673,0.8907,0.9508,,187.234,190.94842,-8.47842,a
K2-228 b,K2-228,1,Transit,2018,2.69828,0.0338,1.21,1.92,914,,4715,0.65,0.71,,129.46,187.2947,-6.8342,
K2-229 b,K2-229,2,Transit,2018,0.584216,0.0131,1,2.55,1818,0,5315,0.79,0.87,G9,102.564,186.87292,-6.72185,
K2-229 c,K2-229,2,Transit,2018,8.32727,0.0769,2.03,7,750,0,5315,0.79,0.87,G9,102.564,186.87292,-6.72185,
K2-230 b,K2-230,1,Transit,2018,2.86041,0.0409,1.96,4.5,1529,,5945,1.39,1.11,,540.773,191.36312,-6.57605,
K2-231 b,K2-231,1,Transit,2018,13.841901,0.113199,2.5,6.8,,,5695,0.95,1.01,,321.215,289.09182,-15.77122,a
K2-232 b,K2-232,1,Transit,2018,11.168454,0.10356,11.209,126.496,1030,0.258,6154,1.161,1.188,,130.72,73.76679,18.65432,
K2-233 b,K2-233,3,Transit,2018,2.467583,0.03293,1.315,2.4,1127,0,4796,0.71,0.79,K3,67.5062,230.4799,-20.2318,
K2-233 c,K2-233,3,Transit,2018,7.06024,0.0664,1.272,4.6,794,0,4796,0.71,0.79,K3,67.5062,230.4799,-20.2318,
K2-233 d,K2-233,3,Transit,2018,24.3681,0.1516,2.363,10.3,525,0.18,4796,0.71,0.79,K3,67.5062,230.4799,-20.2318,
K2-237 b,K2-237,1,Transit,2018,2.180533,0.03552,16.062,434.154,1759,0.03,6180,1.236,1.256,F9 V,314.995,253.76885,-28.71058,
K2-238 b,K2-238,1,Transit,2018,3.20466,0.046,14.572,273.334,1587,0,5630,1.59,1.19,G2 V,537.963,347.70432,-7.85756,
K2-239 b,K2-239,3,Transit,2018,5.24,0.0441,1.1,1.37,502,,3420,0.36,0.4,M3.0 V,31.0849,160.59413,4.44138,
K2-239 c,K2-239,3,Transit,2018,7.775,0.0576,1,0.972,427,,3420,0.36,0.4,M3.0 V,31.0849,160.59413,4.44138,
K2-239 d,K2-239,3,Transit,2018,10.115,0.0685,1.1,1.37,399,,3420,0.36,0.4,M3.0 V,31.0849,160.59413,4.44138,
K2-24 b,K2-24,2,Transit,2016,20.88977,0.154,5.4,19,686,0.06,5625,1.16,1.07,G9 V,170.562,242.57346,-24.9906,
K2-24 c,K2-24,2,Transit,2016,42.3391,0.247,7.5,15.4,542,0.07,5625,1.16,1.07,G9 V,170.562,242.57346,-24.9906,
K2-240 b,K2-240,2,Transit,2018,6.034,0.0513,2,4.66,586,,3810,0.54,0.58,M0.5 V,72.9105,227.84937,-17.87545,
K2-240 c,K2-240,2,Transit,2018,20.523,0.1159,1.8,3.89,389,,3810,0.54,0.58,M0.5 V,72.9105,227.84937,-17.87545,
K2-241 b,K2-241,1,Transit,2018,26.8199,0.1567,2.55,7.04,507,,5262,0.75,0.71,,149.464,181.23868,-6.8053,
K2-242 b,K2-242,1,Transit,2018,6.51389,0.0494,2.54,6.99,416,,3459,0.37,0.38,,109.237,179.83584,-6.51785,
K2-243 b,K2-243,2,Transit,2018,11.54182,0.1087,2.17,5.35,1035,,6570,1.39,1.29,,266.864,181.12114,-4.89914,
K2-243 c,K2-243,2,Transit,2018,24.94598,0.1817,2.01,4.7,801,,6570,1.39,1.29,,266.864,181.12114,-4.89914,
K2-244 b,K2-244,1,Transit,2018,21.06884,0.1418,1.75,3.71,638,,5677,0.92,0.86,,212.902,183.46865,-3.83181,
K2-245 b,K2-245,1,Transit,2018,11.89307,0.0959,4.34,17.4,923,,5793,1.25,0.83,,456.064,185.18156,-1.59091,
K2-246 b,K2-246,1,Transit,2018,5.76918,0.0602,3.49,12,977,,5610,0.94,0.87,,703.616,181.62961,-1.1606,
K2-247 b,K2-247,2,Transit,2018,2.25021,0.0304,2.12,5.14,979,,4667,0.69,0.74,,258.113,188.89352,-10.06928,
K2-247 c,K2-247,2,Transit,2018,6.49424,0.0615,2.19,5.43,688,,4667,0.69,0.74,,258.113,188.89352,-10.06928,
K2-248 b,K2-248,1,Transit,2018,7.17256,0.0699,2.57,7.13,886,,5528,0.92,0.88,,406.254,182.81733,-9.41417,
K2-249 b,K2-249,1,Transit,2018,12.409,0.1151,2.79,8.2,1061,,6504,1.57,1.32,,521.716,183.36673,-8.99523,
K2-25 b,K2-25,1,Transit,2015,3.484564,0.0287,3.44,24.5,494,0.428,3207,0.2932,0.2634,M4.5 V,44.9565,63.27393,15.2477,
K2-250 b,K2-250,1,Transit,2018,4.01392,0.04606,2.713,7.81,1003,0.21,5003,0.797,0.809,,414.708,185.03154,-8.97574,
K2-251 b,K2-251,1,Transit,2018,9.30075,0.0694,2.35,6.12,437,,3717,0.49,0.52,,147.03,190.68924,-8.53598,
K2-252 b,K2-252,1,Transit,2018,13.81513,0.1041,1.74,3.68,639,,5152,0.82,0.79,,228.839,182.36638,-8.30961,
K2-253 b,K2-253,1,Transit,2018,4.00167,0.0506,12.67,,1238,,6027,1.1,1.08,,876.565,186.08531,-6.37895,
K2-254 b,K2-254,2,Transit,2018,4.09639,0.0448,1.63,3.29,791,,4629,0.67,0.71,,227.775,185.55079,-4.71729,
K2-254 c,K2-254,2,Transit,2018,12.11839,0.0923,2.19,5.43,551,,4629,0.67,0.71,,227.775,185.55079,-4.71729,
K2-255 b,K2-255,1,Transit,2018,1.96417,0.0274,2.9,8.75,1034,,4676,0.69,0.71,,191.608,189.91285,-3.37056,
K2-257 b,K2-257,1,Transit,2018,1.60588,0.0216,0.83,0.498,789,,3725,0.5,0.52,,64.0065,188.27828,-1.95329,
K2-258 b,K2-258,1,Transit,2018,19.0921,0.149,3,9.27,831,,6351,1.31,1.21,,661.873,187.6314,-1.16092,
K2-259 b,K2-259,1,Transit,2018,15.48043,0.1271,2.32,5.99,795,,6059,1.13,1.14,,416.457,186.80269,1.56686,
K2-26 b,K2-26,1,Transit,2016,14.5665,0.0962,2.67,7.61,430,,3785,0.52,0.56,M1.0 V,99.0504,94.20643,24.59583,
K2-260 b,K2-260,1,Transit,2018,2.626698,0.04392,18.416,546.665,2090,0.053,6860,1.755,1.637,F6 V,663.834,76.86733,16.86769,
K2-261 b,K2-261,1,Transit,2018,11.633468,0.1086,9.27,68.969,1036,0.274,5490,1.663,1.107,G7 IV/V,213.283,163.03231,0.49317,
K2-263 b,K2-263,1,Transit,2018,50.819172,0.2573,2.513,15.4,482,0.08,5368,0.85,0.88,G9 V,162.481,129.68213,15.6806,
K2-264 b,K2-264,2,Transit,2018,5.840002,0.05023,2.231,5.61,496,0.5,3660,0.473,0.496,M2.5 V,185.605,131.35835,19.6984,
K2-264 c,K2-264,2,Transit,2018,19.660302,0.11283,2.668,7.6,331,0.45,3660,0.473,0.496,M2.5 V,185.605,131.35835,19.6984,
K2-265 b,K2-265,1,Transit,2018,2.36902,0.03359,1.708,7.342,1366,0.16,5420,0.92,0.901,G8 V,138.671,342.03165,-14.49478,
K2-266 b,K2-266,4,Transit,2018,0.658524,0.01306,3.3,11.268,1515,,4285,0.703,0.686,,77.5586,157.93569,0.93728,
K2-266 c,K2-266,4,Transit,2018,7.814,0.0679,0.705,0.29,664.5,0.042,4285,0.703,0.686,,77.5586,157.93569,0.93728,
K2-266 d,K2-266,4,Transit,2018,14.697,0.1035,2.93,8.9,538.3,0.047,4285,0.703,0.686,,77.5586,157.93569,0.93728,
K2-266 e,K2-266,4,Transit,2018,19.482,0.1249,2.73,14.3,490.1,0.043,4285,0.703,0.686,,77.5586,157.93569,0.93728,
K2-268 b,K2-268,5,Transit,2018,2.151676,0.0308,1.5,2.86,1136,,5106,0.78,0.84,,327.783,133.70949,11.84827,
K2-268 d,K2-268,5,Transit,2021,4.528598,0.050545,1.49,2.83,888,,5106,0.78,0.84,,327.783,133.70949,11.84827,a
K2-268 e,K2-268,5,Transit,2021,6.131243,0.061858,1.33,2.33,801,,5106,0.78,0.84,,327.783,133.70949,11.84827,a
K2-268 c,K2-268,5,Transit,2018,9.327527,0.0819,2.69,7.7,696,,5106,0.78,0.84,,327.783,133.70949,11.84827,
K2-268 f,K2-268,5,Transit,2021,26.27057,0.163185,2.23,5.6,492,,5106,0.78,0.84,,327.783,133.70949,11.84827,a
K2-269 b,K2-269,1,Transit,2018,4.144965,0.0531,1.57,3.09,1429,,6209,1.45,1.16,,360.76,130.15514,13.01468,
K2-27 b,K2-27,1,Transit,2016,6.771347,0.06702,4.74,30.2,836,0.251,5246,0.876,0.88,,249.645,171.51519,1.23062,
K2-270 b,K2-270,2,Transit,2018,1.543069,0.0247,1.38,2.48,1203,,4877,0.77,0.85,,280.518,131.26656,13.54973,
K2-270 c,K2-270,2,Transit,2018,4.400028,0.0497,2.95,9.01,848,,4877,0.77,0.85,,280.518,131.26656,13.54973,
K2-271 b,K2-271,1,Transit,2018,8.562421,0.077,7.28,41.8,893,,5644,0.99,0.83,,564.454,125.22391,16.0908,
K2-272 b,K2-272,1,Transit,2018,14.453676,0.1007,3.13,9.96,747,,5397,0.83,0.86,,423.065,132.62117,17.54239,
K2-273 b,K2-273,1,Transit,2018,11.719566,0.0729,3.05,9.53,849,,5161,0.85,0.89,,308.105,129.77689,19.01,
K2-274 b,K2-274,1,Transit,2018,14.133031,0.0964,2.08,4.98,655,,5044,0.7,0.79,,228.327,129.28237,20.39925,
K2-275 b,K2-275,2,Transit,2018,3.280963,0.0277,2.34,6.08,1166,,4841,0.69,0.77,,123.438,132.16988,20.45502,
K2-275 c,K2-275,2,Transit,2018,8.438838,0.0881,2.21,5.52,653,,4841,0.69,0.77,,123.438,132.16988,20.45502,
K2-276 b,K2-276,1,Transit,2018,18.718269,0.1291,3.77,13.7,583,,5139,0.85,0.82,,488.152,125.95283,22.63394,
K2-277 b,K2-277,1,Transit,2018,6.326768,0.0664,2.186,7.4,1049,0.52,5680,0.973,0.974,,113.123,202.01619,-15.93797,
K2-278 b,K2-278,1,Transit,2018,3.334966,0.0488,2.98,9.17,1711,,6747,1.61,1.4,,786.439,203.30187,-14.50411,
K2-279 b,K2-279,1,Transit,2018,7.122605,0.067,1.21,1.92,879,,5558,0.86,0.79,,182.983,204.77929,-6.04176,
K2-28 b,K2-28,1,Transit,2016,2.260455,0.0214,2.32,5.99,568,0,3214,0.288,0.257,M4,62.9969,335.62331,-7.95635,
K2-280 b,K2-280,1,Transit,2018,19.89526,0.1461,7.5,37.1,787,0.35,5500,1.28,1.03,,391.537,291.59536,-22.24771,
K2-281 b,K2-281,1,Transit,2018,8.687721,0.0773,8.18,50.9,665,,4812,0.76,0.82,,458.139,16.22747,7.26922,
EPIC 220554210 c,K2-282,2,Transit,2019,0.70531,0.01519,1.6,3.19,,,5499,1,0.94,,496.289,13.43215,7.99529,a
K2-282 b,K2-282,2,Transit,2018,4.169783,0.0499,2.5,6.8,1057,,5499,1,0.94,,496.289,13.43215,7.99529,
K2-283 b,K2-283,1,Transit,2018,1.921036,0.0291,3.52,12.2,1186,,5060,0.82,0.89,,402.915,13.19437,9.69292,
K2-284 b,K2-284,1,Transit,2018,4.795069,0.04771,2.78,8.15,653,0.078,4140,0.607,0.63,,107.272,79.1408,20.2549,
K2-285 b,K2-285,4,Transit,2018,3.471745,0.03817,2.59,9.68,1088.9,0,4975,0.787,0.83,K2 V,154.961,349.38435,1.30015,
K2-285 c,K2-285,4,Transit,2018,7.138048,0.0824,3.53,15.68,741.4,0,4975,0.787,0.83,K2 V,154.961,349.38435,1.30015,
K2-285 d,K2-285,4,Transit,2018,10.45582,0.1178,2.48,6.5,619.9,0,4975,0.787,0.83,K2 V,154.961,349.38435,1.30015,
K2-285 e,K2-285,4,Transit,2018,14.76289,0.18041,1.95,10.7,500.9,0,4975,0.787,0.83,K2 V,154.961,349.38435,1.30015,
K2-286 b,K2-286,1,Transit,2018,27.359,0.1768,2.1,5.06,347,,3926,0.62,0.64,M0 V,76.1486,233.36982,-16.77371,
K2-287 b,K2-287,1,Transit,2018,14.893291,0.1206,9.494,100.116,804,0.478,5695,1.07,1.056,,158.335,233.07434,-22.35834,
K2-288 B b,K2-288 B,1,Transit,2018,31.393463,0.164,1.9,4.27,226.4,,3341,0.32,0.33,M3 V,65.6138,55.44429,18.26849,
K2-289 b,K2-289,1,Transit,2019,13.156969,0.107,9.1,61,753,,5529,1.025,0.953,,274.3,246.64294,-15.79254,
K2-29 b,K2-29,1,Transit,2016,3.258832,0.04217,13.339,232.016,1171,0.066,5358,0.86,0.94,G7 V,178.475,62.67042,24.40166,
K2-290 b,K2-290,2,Transit,2019,9.21165,0.0923,3.06,10.9,1230,0,6302,1.511,1.194,,272.909,234.85788,-20.1989,
K2-290 c,K2-290,2,Transit,2019,48.36685,0.305,11.276,246,676,0,6302,1.511,1.194,,272.909,234.85788,-20.1989,
K2-291 b,K2-291,1,Transit,2019,2.225177,0.03261,1.589,6.49,1278,0,5520,0.899,0.934,,90.0562,76.44594,21.5482,
K2-292 b,K2-292,1,Transit,2019,16.9841,0.13,2.63,24.5,795,0.04,5725,1.09,1,G3 V,114.293,205.37588,-9.94607,
K2-293 b,K2-293,1,Transit,2019,13.1225,0.107335,2.45,6.57,750,,5532,0.947,0.958,,392.251,351.6065,-6.02791,a
K2-294 b,K2-294,1,Transit,2019,2.50387,0.03593,1.66,3.39,1425,,5612,1.2,0.987,,373.078,352.05167,-7.60379,a
K2-295 b,K2-295,1,Transit,2018,4.024867,0.0451,10.054,106.473,852,0,4444,0.7,0.74,K5 V,232.801,19.61014,6.81673,
K2-3 b,K2-3,3,Transit,2015,10.054654,0.0747,2.078,5.11,501.3,0.107,3844,0.546,0.549,M V,44.0727,172.33537,-1.45514,
K2-3 c,K2-3,3,Transit,2015,24.646729,0.1357,1.582,2.68,371.8,0.048,3844,0.546,0.549,M V,44.0727,172.33537,-1.45514,
K2-3 d,K2-3,3,Transit,2015,44.55603,0.2014,1.458,2.2,305.2,0.091,3844,0.546,0.549,M V,44.0727,172.33537,-1.45514,
K2-30 b,K2-30,1,Transit,2016,4.098503,0.04839,11.646,184.024,1092,0,5425,0.844,0.9,G6 V,333.042,52.34205,22.29935,
K2-308 b,K2-308,1,Transit,2019,3.38628,0.045418,9.916,70.6,1213.8,,6100,1.24,1.09,,1314.53,78.33912,16.4142,a
K2-31 b,K2-31,1,Transit,2016,1.25785,0.022,11.882,563.83,1688,0,5280,0.78,0.91,G7 V,110.527,245.44055,-23.54827,
K2-315 b,K2-315,1,Transit,2020,3.144319,0.02345,0.95,0.809,460,,3300,0.196,0.174,M(3.5+/-0.5) V,56.9686,228.02109,-20.10816,a
K2-316 b,K2-316,2,Transit,2020,1.133,0.0147,1.33,2.33,841,,3436,0.379,0.408,,112.486,233.62473,-23.25947,
K2-316 c,K2-316,2,Transit,2020,5.26,0.0582,1.83,4.01,423,,3436,0.379,0.408,,112.486,233.62473,-23.25947,
K2-317 b,K2-317,1,Transit,2020,6.22,0.0542,2.93,8.91,432,,3387,0.379,0.403,,176.291,228.61886,-21.02272,
K2-318 b,K2-318,1,Transit,2020,7.01,0.0911,1.66,3.39,456,,3851,0.552,0.561,,147.866,232.44614,-17.55746,
K2-319 b,K2-319,1,Transit,2020,26.68,0.1516,2.79,8.2,641,,5440,0.898,0.954,,209.071,166.80101,3.03994,
K2-32 e,K2-32,4,Transit,2019,4.34934,0.04899,1.212,2.1,1066,0.043,5271,0.86,0.83,G9 V,157.682,252.42601,-19.54305,
K2-32 b,K2-32,4,Transit,2016,8.992,0.0795,5.299,15,837,0.03,5271,0.86,0.83,G9 V,157.682,252.42601,-19.54305,
K2-32 c,K2-32,4,Transit,2016,20.66093,0.13843,3.134,8.1,634,0.049,5271,0.86,0.83,G9 V,157.682,252.42601,-19.54305,
K2-32 d,K2-32,4,Transit,2016,31.71701,0.18422,3.484,6.7,550,0.05,5271,0.86,0.83,G9 V,157.682,252.42601,-19.54305,
K2-320 b,K2-320,1,Transit,2020,1.995,0.0142,2.62,7.37,698,,3157,0.3,0.117,,108.74,163.25191,5.30648,
K2-321 b,K2-321,1,Transit,2020,2.297975,0.02839,2.051,4.86,830,0.44,3750,0.595,0.578,,77.6888,156.4055,2.51388,
K2-322 b,K2-322,1,Transit,2020,8.205,0.0594,1.92,4.35,635,,4141,0.602,0.63,,123.415,156.6227,4.76402,
K2-323 b,K2-323,1,Transit,2020,24.93,0.1275,2.1,5.06,318,,3710,0.549,0.478,,118.318,159.42099,6.28587,
K2-324 b,K2-324,1,Transit,2020,3.262,0.0331,2.43,6.48,707,,3752,0.505,0.517,,136.667,157.62222,6.86367,
K2-325 b,K2-325,1,Transit,2020,6.93,0.0419,2.2,5.48,423,,3287,0.298,0.274,,111.638,353.91695,-7.68672,
K2-326 b,K2-326,1,Transit,2020,1.256,0.0198,2.28,5.82,1114,,3924,0.688,0.507,,282.308,351.61226,1.33759,
K2-329 b,K2-329,1,Transit,2020,12.455122,0.1016,8.676,82.636,650,0.0697,5282,0.822,0.901,,233.237,351.13538,-5.16415,
K2-33 b,K2-33,1,Transit,2016,5.424865,0.0409,5.04,1175.971,850,0,3540,1.05,0.56,M3.3,139.268,242.56136,-19.31938,
K2-330 b,K2-330,1,Transit,2021,13.774798,0.120494,2.77,8.1,969,,6232,1.5,1.23,,160.125,126.89683,11.66741,a
K2-331 b,K2-331,2,Transit,2021,9.398977,0.089976,1.79,3.86,909,,5994,1.06,1.1,,211.43,132.73764,13.17027,a
K2-331 c,K2-331,2,Transit,2021,22.996591,0.163373,2.72,7.85,673,,5994,1.06,1.1,,211.43,132.73764,13.17027,a
K2-332 b,K2-332,1,Transit,2021,17.70632,0.08593,2.2,5.48,266,,3315,0.28,0.27,,123.202,135.88327,14.2505,a
K2-333 b,K2-333,1,Transit,2021,14.759287,0.120066,6.18,31.6,826,,5880,1.22,1.06,,343.99,136.78928,15.20568,a
K2-334 b,K2-334,1,Transit,2021,5.113981,0.064361,5.65,27.2,1380,,6502,1.49,1.36,,371.823,136.48943,16.32551,a
K2-335 b,K2-335,1,Transit,2021,12.283211,0.11163,2.21,5.52,949,,6222,1.33,1.23,,557.993,129.38967,16.52206,a
K2-336 b,K2-336,1,Transit,2021,21.194733,0.142536,1.22,1.98,569,,5424,0.8,0.86,,239.289,133.8382,16.79407,a
K2-337 b,K2-337,1,Transit,2021,16.273563,0.123113,2.62,7.37,850,,5869,1.32,0.94,,421.636,127.76114,16.90047,a
K2-338 b,K2-338,1,Transit,2021,3.850614,0.041861,1.03,1.08,783,,4558,0.63,0.66,,156.951,124.36093,17.02416,a
K2-339 b,K2-339,1,Transit,2021,19.507428,0.128277,1.92,4.35,508,,4857,0.72,0.74,,360.36,130.08254,18.6929,a
K2-34 b,K2-34,1,Transit,2016,2.995635,0.0442,13.75,539.675,1687,0,6168,1.42,1.16,F,348.646,127.57872,22.23592,
K2-340 b,K2-340,1,Transit,2021,29.740451,0.183372,3.36,11.2,606,,5532,1.13,0.93,,738.136,127.93734,19.07459,a
K2-341 b,K2-341,1,Transit,2021,36.552551,0.214105,3.21,10.4,598,,5817,1.16,0.98,,421.408,130.4972,19.91664,a
K2-342 b,K2-342,1,Transit,2021,11.561052,0.100395,2.03,4.78,861,,5920,1.09,1.01,,208.357,133.1219,21.23868,a
K2-343 b,K2-343,2,Transit,2021,2.787174,0.030557,1.65,3.36,653,,3804,0.46,0.49,,166.169,134.20217,21.50269,a
K2-343 c,K2-343,2,Transit,2021,7.676972,0.060043,2.02,4.74,465,,3804,0.46,0.49,,166.169,134.20217,21.50269,a
K2-344 b,K2-344,1,Transit,2021,3.35585,0.035048,1.59,3.15,722,,4374,0.49,0.51,,75.1691,136.36149,21.66859,a
K2-345 b,K2-345,1,Transit,2021,10.367437,0.076698,2.11,5.1,437,,3779,0.52,0.56,,162.408,132.70759,21.78904,a
K2-346 b,K2-346,1,Transit,2021,26.201446,0.15402,2.26,5.73,450,,4801,0.7,0.71,,105.58,125.98649,22.66323,a
K2-347 b,K2-347,1,Transit,2021,7.187257,0.063459,2.41,6.39,640,,4599,0.63,0.66,,320.336,126.37268,23.29741,a
K2-348 b,K2-348,2,Transit,2021,4.688418,0.051521,3.26,10.7,908,,5077,0.85,0.83,,201.856,130.87835,24.42296,a
K2-348 c,K2-348,2,Transit,2021,12.550171,0.099327,2.67,7.61,655,,5077,0.85,0.83,,201.856,130.87835,24.42296,a
K2-349 b,K2-349,1,Transit,2021,9.032178,0.069119,1.38,2.48,518,,4385,0.49,0.54,,453.567,199.09965,-14.44475,a
K2-35 b,K2-35,2,Transit,2016,2.399964,0.031,1.32,2.3,979,0.13,4403,0.6196,0.702,K4 V,252.596,170.1031,1.28587,
K2-35 c,K2-35,2,Transit,2016,5.608352,0.055,1.93,4.38,766,0.12,4403,0.6196,0.702,K4 V,252.596,170.1031,1.28587,
K2-350 b,K2-350,2,Transit,2021,4.163873,0.050313,1.54,2.99,1158,,5789,1.04,0.98,,489.368,204.03551,-14.00925,a
K2-350 c,K2-350,2,Transit,2016,19.991944,0.143192,2.74,7.95,687,,5789,1.04,0.98,,489.368,204.03551,-14.00925,a
K2-351 b,K2-351,1,Transit,2021,7.806164,0.077523,2.54,6.99,934,,5769,1.05,1.02,,694.734,206.65224,-11.80496,a
K2-352 b,K2-352,3,Transit,2021,3.665912,0.046217,1.37,2.45,1160,,5791,0.95,0.98,,176.051,140.44515,18.46963,a
K2-352 c,K2-352,3,Transit,2021,8.234885,0.079272,1.92,4.35,885,,5791,0.95,0.98,,176.051,140.44515,18.46963,a
K2-352 d,K2-352,3,Transit,2021,14.871387,0.117557,2.23,5.6,727,,5791,0.95,0.98,,176.051,140.44515,18.46963,a
K2-353 b,K2-353,1,Transit,2021,15.466805,0.115979,5.55,26.3,735,,5698,0.99,0.87,,268.515,201.61686,-2.2819,a
K2-354 b,K2-354,1,Transit,2021,3.793306,0.035929,1.56,3.05,543,,3669,0.41,0.43,,91.722,129.12992,10.14722,a
K2-355 b,K2-355,1,Transit,2021,5.738565,0.0632,2.25,5.69,1066,,5790,0.92,0.96,,500.497,124.64262,13.50278,
K2-356 b,K2-356,1,Transit,2021,21.026737,0.1599,2.29,5.86,624,,5568,0.86,0.9,,355.54,128.32191,13.66138,
K2-357 b,K2-357,1,Transit,2021,16.348864,0.145,3.72,13.4,735,,5794,1,0.98,,517.687,131.93866,16.32891,
K2-358 b,K2-358,1,Transit,2021,11.251029,0.0863,2.68,7.65,888,,5650,0.91,0.93,,480.307,133.80811,18.94973,
K2-36 b,K2-36,2,Transit,2016,1.422614,0.02288,1.43,4.3,1328,0.093,4916,0.718,0.79,K2 V,109.749,169.44901,3.8665,
K2-36 c,K2-36,2,Transit,2016,5.340888,0.05528,3.2,7.9,854,0.089,4916,0.718,0.79,K2 V,109.749,169.44901,3.8665,
K2-365 b,K2-365,1,Transit,2022,23.448172,0.150249,2.906,8.78,,,5561,1.051,0.823,,187.222,238.81971,-21.02697,a
K2-366 b,K2-366,1,Transit,2022,15.937039,0.116242,2.359,6.16,,,5601,0.94,0.825,,185.947,243.68009,-19.34688,a
K2-367 b,K2-367,1,Transit,2022,20.645099,0.134171,2.413,6.41,,,4348,0.625,0.756,,176.965,337.85885,-13.26446,a
K2-368 b,K2-368,3,Transit,2022,5.025598,0.052077,1.332,2.34,,,4663,0.663,0.746,,206.608,332.63576,-11.16612,a
K2-368 c,K2-368,3,Transit,2022,9.660186,0.080509,1.361,2.42,,,4663,0.663,0.746,,206.608,332.63576,-11.16612,a
K2-368 d,K2-368,3,Transit,2022,20.201085,0.131655,1.948,4.45,,,4663,0.663,0.746,,206.608,332.63576,-11.16612,a
K2-369 b,K2-369,1,Transit,2022,5.761612,0.056763,1.313,2.28,,,5682,0.881,0.735,,185.55,329.72625,-10.87507,a
K2-37 b,K2-37,3,Transit,2016,4.4434,0.05105,1.39,2.51,949,,5352,0.809,0.84,G3 V,179.943,243.45097,-24.78705,
K2-37 c,K2-37,3,Transit,2016,6.42966,0.06534,2.41,6.39,839,,5352,0.809,0.84,G3 V,179.943,243.45097,-24.78705,
K2-37 d,K2-37,3,Transit,2016,14.09229,0.1102,2.31,12.5,646,,5352,0.809,0.84,G3 V,179.943,243.45097,-24.78705,
K2-370 b,K2-370,1,Transit,2022,2.140809,0.0321,2.67,11.1,1267,0,5662,0.945,0.962,G5 V,144.202,67.82053,19.83169,
K2-371 b,K2-371,1,Transit,2022,3.114905,0.041149,13.024,,956.8,,4925,0.736,0.958,,442.813,128.06709,11.63071,a
K2-372 b,K2-372,1,Transit,2022,9.844077,0.085052,2.945,8.98,,,5479,0.922,0.847,,463.88,130.79887,13.00942,a
K2-373 b,K2-373,1,Transit,2022,11.02066,0.101777,2.061,4.9,,,6138,1.486,1.158,,229.567,123.13615,13.6885,a
K2-374 b,K2-374,2,Transit,2022,4.521953,0.048209,1.593,3.16,,,5789,0.907,0.731,G3,359.439,137.3795,16.35583,a
K2-374 c,K2-374,2,Transit,2022,16.43445,0.113959,2.213,5.53,,,5789,0.907,0.731,G3,359.439,137.3795,16.35583,a
K2-375 b,K2-375,1,Transit,2022,14.453895,0.120561,2.243,5.66,,,5822,1.543,1.119,,696.1,130.50131,20.3593,a
K2-376 b,K2-376,1,Transit,2022,5.776475,0.061011,1.736,3.66,,,5937,1.149,0.908,G1,161.61,132.71933,25.03808,a
K2-377 b,K2-377,1,Transit,2022,12.832235,0.100444,1.693,3.51,,,4200,0.691,0.821,,195.149,202.89789,-12.09511,a
K2-378 b,K2-378,1,Transit,2022,2.060438,0.030854,2.88,8.65,,,4823,0.732,0.923,,687.973,205.15966,-11.11723,a
K2-379 b,K2-379,1,Transit,2022,8.777247,0.079068,2.181,5.4,,,4603,0.751,0.856,,182.207,283.03176,-27.18073,a
K2-38 b,K2-38,2,Transit,2016,4.01593,0.04994,1.54,7.3,1266,0.197,5731,1.06,1.03,G2 V,192.69,240.03331,-23.18942,
K2-38 c,K2-38,2,Transit,2016,10.56103,0.09514,2.29,8.3,916,0.161,5731,1.06,1.03,G2 V,192.69,240.03331,-23.18942,
K2-380 b,K2-380,1,Transit,2022,9.401312,0.086972,2.729,7.89,,,5911,1.32,0.993,,249.303,283.43464,-26.53873,a
K2-381 b,K2-381,3,Transit,2022,7.938933,0.070888,1.075,1.26,,,4473,0.675,0.754,,145.701,288.02676,-21.00758,a
K2-381 c,K2-381,3,Transit,2022,16.034656,0.113267,2,4.66,,,4473,0.675,0.754,,145.701,288.02676,-21.00758,a
K2-381 d,K2-381,3,Transit,2022,26.803023,0.159534,1.689,3.5,,,4473,0.675,0.754,,145.701,288.02676,-21.00758,a
K2-382 b,K2-382,1,Transit,2022,21.700156,0.148192,2.072,4.95,,,5452,0.811,0.922,,278.412,287.41253,-19.62693,a
K2-383 b,K2-383,1,Transit,2022,1.865962,0.030254,1.564,3.07,,,5129,0.804,1.061,,203.788,282.00876,-18.37958,a
K2-384 b,K2-384,5,Transit,2022,2.231527,0.023095,1.076,1.26,,,3623,0.348,0.33,M4 V,82.6603,20.49984,0.75097,a
K2-384 c,K2-384,5,Transit,2022,4.194766,0.035176,1.191,1.82,,,3623,0.348,0.33,M4 V,82.6603,20.49984,0.75097,a
K2-384 d,K2-384,5,Transit,2022,6.679582,0.047967,1.392,2.52,,,3623,0.348,0.33,M4 V,82.6603,20.49984,0.75097,a
K2-384 e,K2-384,5,Transit,2022,9.715043,0.061575,1.345,2.37,,,3623,0.348,0.33,M4 V,82.6603,20.49984,0.75097,a
K2-384 f,K2-384,5,Transit,2022,13.62749,0.077159,2.222,5.57,,,3623,0.348,0.33,M4 V,82.6603,20.49984,0.75097,a
K2-385 b,K2-385,1,Transit,2022,2.380867,0.034024,1.539,2.98,,,4844,0.761,0.927,,420.819,12.61408,5.87126,a
K2-386 b,K2-386,1,Transit,2022,7.473223,0.072519,2.32,5.99,,,5749,0.97,0.911,,428.785,18.3,7.01303,a
K2-387 b,K2-387,1,Transit,2022,28.735327,0.152233,7.322,42.2,,,3572,0.585,0.57,,266.318,19.44183,11.36849,a
K2-388 b,K2-388,1,Transit,2022,6.33932,0.065433,3.9,14.5,874,,5310,0.91,0.93,G8,290.495,352.71393,-11.07736,a
K2-389 b,K2-389,2,Transit,2022,8.58289,0.081766,2.33,6.04,932,,5773,1.094,0.99,G3,259.208,355.63042,-9.71358,a
K2-389 c,K2-389,2,Transit,2022,20.851337,0.137749,2.04,4.82,,,5782,1.084,0.802,G3,259.208,355.63042,-9.71358,a
K2-39 b,K2-39,1,Transit,2016,4.60543,0.05708,6.277,28.605,1670,0,4881,2.97,0.66,,307.47,338.36821,-9.02294,
K2-390 b,K2-390,1,Transit,2022,3.312792,0.040188,4.662,19.6,1119,,5558,0.966,0.789,G4,456.122,355.70239,-9.58871,a
K2-391 b,K2-391,1,Transit,2022,4.622654,0.049496,1.371,2.45,,,5543,0.566,0.757,G7,507.94,356.22602,-7.70152,a
K2-392 b,K2-392,1,Transit,2022,15.398723,0.114339,1.85,4.08,,,5726,1.058,0.841,G3,406.985,354.64991,-7.47888,a
K2-393 b,K2-393,1,Transit,2022,10.413181,0.089465,2.352,6.13,,,5678,1.071,0.881,,265.914,348.51591,-0.0821,a
K2-394 b,K2-394,1,Transit,2022,5.095717,0.045313,1.692,3.51,643,,4938,0.631,0.478,,98.0152,71.11,16.51858,a
K2-395 b,K2-395,2,Transit,2022,4.803352,0.054809,2.597,7.26,,,5007,0.783,0.952,K0,286.727,70.44387,16.67434,a
K2-395 c,K2-395,2,Transit,2022,8.491282,0.080131,3.395,11.4,,,5007,0.783,0.952,K0,286.727,70.44387,16.67434,a
K2-396 b,K2-396,2,Transit,2022,0.673862,0.014808,1.579,3.12,,,5236,0.92,0.954,G9,274.864,74.69286,17.26906,a
K2-396 c,K2-396,2,Transit,2022,25.76051,0.168045,3.124,9.93,,,5236,0.92,0.954,G9,274.864,74.69286,17.26906,a
K2-397 b,K2-397,1,Transit,2022,3.572326,0.044753,2.417,6.42,,,5387,0.966,0.937,G7,199.354,79.95166,21.25916,a
K2-398 b,K2-398,2,Transit,2022,6.393025,0.066154,2.274,5.79,,,5946,1.239,0.945,G2,606.992,161.73497,1.9367,a
K2-398 c,K2-398,2,Transit,2022,18.787839,0.135728,5.098,22.8,,,5946,1.239,0.945,G2,606.992,161.73497,1.9367,a
K2-4 b,K2-4,1,Transit,2015,10.003417,0.078,2.1,5.06,563,0.08,4015,0.5694,0.635,,231.828,174.74554,-3.90557,
K2-400 b,K2-400,1,Transit,2022,3.865053,0.034727,1.163,1.67,,,3578,0.382,0.374,M3,62.3804,154.51103,3.69693,a
K2-401 b,K2-401,1,Transit,2022,6.293099,0.063683,2.262,5.74,,,4213,0.675,0.87,K7,200.727,154.9876,3.95483,a
K2-402 b,K2-402,1,Transit,2022,17.27474,0.128294,2.678,7.65,,,5716,1.28,0.944,G2,523.055,161.45191,6.41932,a
K2-403 b,K2-403,1,Transit,2022,33.589979,0.187868,5.333,24.6,949,,5511,0.886,0.784,G4,246.599,164.18939,9.67395,a
K2-404 b,K2-404,1,Transit,2022,13.115365,0.089284,2.53,6.94,,,3748,0.552,0.552,M1,121.63,160.32495,12.19111,a
K2-405 b,K2-405,1,Transit,2022,3.435471,0.045058,4.569,18.9,969,,4927,0.765,1.034,K0,197.234,164.376,12.53561,a
K2-406 b,K2-406,1,Transit,2022,22.549406,0.144887,4.602,19.2,,,5784,0.961,0.798,G4,85.3751,230.88722,-25.37061,a
K2-407 b,K2-407,2,Transit,2022,4.941907,0.054433,1.283,2.19,,,5563,0.927,0.881,G4,218.376,232.55526,-23.00674,a
K2-407 c,K2-407,2,Transit,2022,9.22453,0.08252,1.36,2.42,,,5563,0.927,0.881,G4,218.376,232.55526,-23.00674,a
K2-408 b,K2-408,1,Transit,2022,20.978959,0.13894,1.677,3.45,,,5335,0.784,0.813,G7,162.306,227.91686,-17.68427,a
K2-409 b,K2-409,1,Transit,2022,1.908084,0.028917,2.482,6.72,,,5742,1.228,0.886,G4,431.031,228.45511,-16.3513,a
K2-411 b,K2-411,1,Transit,2022,3.2141,0.0511,0.99,0.937,1428.5,,5711,1.375,1.018,,298.219,58.00363,19.39099,
K2-412 b,K2-412,1,Transit,2022,5.9382,0.0586,2.116,5.13,1100.6,,5590,0.977,0.893,,654.085,76.26213,21.58016,
K2-413 b,K2-413,2,Transit,2022,0.8094,0.0117,0.76,0.363,1535.2,,4116,0.7,0.808,,285.162,353.41757,-7.61203,
K2-413 c,K2-413,2,Transit,2022,5.3301,0.0426,1.233,2.05,804.5,,4116,0.7,0.808,,285.162,353.41757,-7.61203,
K2-414 b,K2-414,2,Transit,2022,4.3696,0.0487,1.219,1.98,811.9,,4343,0.732,0.814,,260.036,351.63619,-4.60666,
K2-414 c,K2-414,2,Transit,2022,6.669,0.0552,1.929,4.38,762.6,,4343,0.732,0.814,,260.036,351.63619,-4.60666,
K2-415 b,K2-415,1,Transit,2023,4.017969,0.027,1.015,7.5,412.4,,3173,0.1965,0.1635,M5 V,21.8182,137.20154,11.86225,
K2-416 b,K2-416,1,Transit,2023,13.102,0.088,2.66,1652.708,447,,3746,0.554,0.548,M V,120.311,349.22118,-5.2015,
K2-417 b,K2-417,1,Transit,2023,6.535,0.063,3.31,699.222,558,,3861,0.5776,0.569,M V,94.0424,350.14177,-10.03659,
K2-419 A b,K2-419 A,1,Transit,2024,20.358473,0.1208,10.55,196,377,0.042,3711,0.541,0.562,,268.685,135.01949,13.27371,
K2-42 b,K2-42,1,Transit,2016,6.68796,0.0617,2.15,5.27,718.1,,4613,0.643,0.702,,396.913,176.66576,-5.17205,
K2-43 c,K2-43,2,Transit,2019,2.198884,0.027455,2.42,6.44,1093.7,,3841,0.542,0.571,,182.536,169.11703,-3.97544,a
K2-43 b,K2-43,2,Transit,2016,3.471149,0.03784,4.51,18.5,939.3,0.07,3841,0.542,0.571,,182.536,169.11703,-3.97544,
K2-44 b,K2-44,1,Transit,2016,5.657,0.06,2.433,6.5,1211,,5912,1.58,1.15,,476.703,174.01166,-2.52093,
K2-45 b,K2-45,1,Transit,2016,1.729268,0.0224,6.71,36.4,1073.6,0.1,4103,0.445,0.503,,495.317,169.63275,-1.77406,
K2-46 b,K2-46,1,Transit,2016,19.1541,0.13821,2.05,4.86,889,,6256,1.29,0.96,,449.237,174.26625,-0.90721,
K2-47 b,K2-47,1,Transit,2016,31.6372,0.1779,1.89,4.23,503.7,,5054,0.76,0.75,,349.881,168.58257,2.78056,
K2-48 b,K2-48,1,Transit,2016,20.5065,0.1344,2.24,5.65,550.6,,4899,0.73,0.77,,313.764,176.12331,3.27238,
K2-49 b,K2-49,1,Transit,2016,2.77065,0.0309,1.93,4.38,768.3,,4175,0.45,0.51,,457.125,177.32023,3.47552,
K2-5 b,K2-5,2,Transit,2015,5.73594,0.0532,1.91,4.31,565,,3930,0.57,0.61,K7.5 V,202.943,169.30346,-1.87783,
K2-5 c,K2-5,2,Transit,2015,10.93241,0.0818,2.26,5.73,456,,3930,0.57,0.61,K7.5 V,202.943,169.30346,-1.87783,
EPIC 201833600 c,K2-50,2,Transit,2019,3.96151,0.041578,1,0.972,,,4326,0.634,0.611,,257.443,169.48365,5.98829,a
K2-50 b,K2-50,2,Transit,2016,8.7529,0.0705,1.59,3.15,580.5,,4326,0.546,0.611,,257.443,169.48365,5.98829,
K2-52 b,K2-52,1,Transit,2016,3.535055,0.054,18,,2004,,7147,2.192,1.691,,1038.41,246.61142,-24.96995,
K2-53 b,K2-53,1,Transit,2016,12.20772,0.098,2.6,7.27,665,,5263,0.807,0.851,,138.018,244.14197,-20.4006,
K2-54 b,K2-54,1,Transit,2016,9.7833,0.0761,2.612,7.33,560,0.24,3990,0.643,0.615,,174.955,338.05416,-17.54406,
K2-55 b,K2-55,1,Transit,2016,2.849271,0.03486,4.43,44,900,0.07,4300,0.715,0.688,,159.522,333.75188,-17.2508,
K2-57 b,K2-57,1,Transit,2016,9.0073,0.0752,2.309,5.94,635.8,0.25,4413,0.671,0.699,,264.213,342.69182,-14.07,
K2-58 c,K2-58,3,Transit,2016,2.53726,0.035,1.62,3.26,1293.9,,5413,0.86,0.89,,181.746,333.82184,-14.04986,
K2-58 b,K2-58,3,Transit,2016,7.05254,0.0692,2.68,7.65,920.2,,5413,0.86,0.89,,181.746,333.82184,-14.04986,
K2-58 d,K2-58,3,Transit,2016,22.8827,0.1517,1.71,3.57,621.5,,5413,0.86,0.89,,181.746,333.82184,-14.04986,
K2-59 c,K2-59,2,Transit,2016,11.2954,0.0905,2.3,5.9,692.8,,5055,0.731,0.774,,311.313,338.94255,-14.02773,
K2-59 b,K2-59,2,Transit,2016,20.6921,0.1354,2.41,6.39,566.4,,5055,0.731,0.774,,311.313,338.94255,-14.02773,
K2-6 b,K2-6,1,Transit,2015,30.94191,0.1898,2.5,6.8,615,,5850,0.96,0.97,,316.819,178.19212,-1.19844,
K2-60 b,K2-60,1,Transit,2016,3.00265,0.045,7.656,135.396,1400,0,5500,1.12,0.97,G4 V,491.87,338.60623,-13.7318,
K2-61 b,K2-61,1,Transit,2016,2.57336,0.0392,1.92,4.35,1325,,5748,0.995,0.97,,405.732,339.67484,-13.56004,
K2-62 b,K2-62,2,Transit,2016,6.67199,0.0636,2.02,4.74,666,,4455,0.696,0.67,,112.467,334.36451,-12.18748,
K2-62 c,K2-62,2,Transit,2016,16.19697,0.1148,1.99,4.62,495,,4455,0.696,0.67,,112.467,334.36451,-12.18748,
K2-63 b,K2-63,2,Transit,2016,20.257,0.1627,3.22,10.5,1033.4,,6771,1.63,1.4,,517.534,333.42677,-12.06634,
K2-63 c,K2-63,2,Transit,2016,25.4556,0.189,3.9,14.5,958.9,,6771,1.63,1.4,,517.534,333.42677,-12.06634,
K2-64 b,K2-64,1,Transit,2016,6.53044,0.0619,2.07,4.94,877.2,,5312,0.726,0.741,,499.891,332.41385,-11.42867,
K2-65 b,K2-65,1,Transit,2016,12.6475,0.1014,1.58,3.12,723.5,,5213,0.84,0.87,,72.2,333.21252,-10.92614,
K2-66 b,K2-66,1,Transit,2016,5.06963,0.05983,2.49,21.3,1372,0,5887,1.67,1.11,,513.877,331.52666,-10.71154,
K2-68 b,K2-68,1,Transit,2016,8.05428,0.0708,1.58,3.12,706.6,,4746,0.675,0.73,,168.652,334.01955,-10.56736,
K2-69 b,K2-69,1,Transit,2016,7.06599,0.0591,2.32,5.99,573.6,,4127,0.491,0.551,,180.697,335.75968,-10.48868,
K2-7 b,K2-7,1,Transit,2015,28.6781,0.1867,4.035,15.3,786,0.24,5700,1.533,1.056,,738.553,167.09375,-1.06585,
K2-70 b,K2-70,1,Transit,2016,13.97896,0.1112,2.89,8.7,784,,5622,0.93,0.94,,232.964,338.47593,-10.08499,
K2-71 b,K2-71,1,Transit,2016,6.98541,0.0559,2.15,5.27,533.3,,4006,0.426,0.477,,153.192,341.72487,-9.88161,
K2-72 b,K2-72,4,Transit,2016,5.577212,0.04,1.08,1.28,466.1,0.11,3360,0.331,0.2714,,66.4321,334.62275,-9.61201,
K2-72 d,K2-72,4,Transit,2016,7.760178,0.05,1.01,1.01,416.9,0.11,3360,0.331,0.2714,,66.4321,334.62275,-9.61201,
K2-72 c,K2-72,4,Transit,2016,15.189034,0.078,1.16,1.65,333.8,0.11,3360,0.331,0.2714,,66.4321,334.62275,-9.61201,
K2-72 e,K2-72,4,Transit,2016,24.158868,0.106,1.29,2.21,286.3,0.11,3360,0.331,0.2714,,66.4321,334.62275,-9.61201,
K2-73 b,K2-73,2,Transit,2016,7.49556,0.07619,2.58,9.2,968,,5867,1.058,1.02,,269.183,335.02566,-9.05609,
K2-73 c,K2-73,2,Radial Velocity,2025,1000,1.970032,13,1142,186.1,,5867,1.058,1.02,,269.183,335.02566,-9.05609,a
K2-74 b,K2-74,1,Transit,2016,19.5666,0.1402,2.31,5.95,772.6,,6060,0.98,0.96,,377.822,339.9193,-8.71457,
K2-75 b,K2-75,2,Transit,2016,7.8142,0.081,2.67,7.61,1268.7,,5995,1.56,1.16,,561.93,338.8449,-7.4699,
K2-75 c,K2-75,2,Transit,2016,18.311,0.1429,2.77,8.1,955.1,,5995,1.56,1.16,,561.93,338.8449,-7.4699,
K2-77 b,K2-77,1,Transit,2016,8.200084,0.0753,2.5,603.877,806,0.29,5160,0.792,0.847,,141.731,55.22852,12.57245,
K2-79 b,K2-79,1,Transit,2016,10.995039,0.0987,4.15,5.9,1033,0.032,5897,1.269,1.06,G1,256.011,55.25593,13.51919,
K2-8 c,K2-8,2,Transit,2016,5.06416,0.0532,2.41,6.39,801,,4870,0.74,0.78,K3 V,403.513,169.79352,-0.28444,
K2-8 b,K2-8,2,Transit,2015,10.35239,0.0856,3.58,12.5,631,,4870,0.74,0.78,K3 V,403.513,169.79352,-0.28444,
K2-80 c,K2-80,3,Transit,2016,5.605,0.0596,1.47,2.76,1002.4,,5441,0.87,0.9,,200.802,59.03749,13.55903,
K2-80 b,K2-80,3,Transit,2016,19.0918,0.135,2.01,4.7,666,,5441,0.87,0.9,,200.802,59.03749,13.55903,
K2-80 d,K2-80,3,Transit,2018,28.867253,0.17867,2.552,7.04,,,5377,0.8415,0.9131,,200.802,59.03749,13.55903,a
K2-81 b,K2-81,1,Transit,2016,6.102325,0.059,1.97,4.54,739.2,0.06,4674,0.6347,0.7453,,252.318,57.48546,14.50206,
K2-83 b,K2-83,2,Transit,2016,2.74697,0.03014,1.244,2.08,707.2,0.07,3910,0.424,0.484,,125.529,59.90138,15.5588,
K2-83 c,K2-83,2,Transit,2016,9.99767,0.07131,1.483,2.8,459.8,0.06,3910,0.424,0.484,,125.529,59.90138,15.5588,
K2-84 b,K2-84,2,Transit,2016,6.4215,0.0665,2.41,6.39,1019.2,,5652,0.93,0.95,,284.876,55.80936,16.63444,
K2-84 c,K2-84,2,Transit,2016,27.86,0.1768,2.03,4.78,625.1,,5652,0.93,0.95,,284.876,55.80936,16.63444,
K2-85 b,K2-85,1,Transit,2016,0.684539,0.013,1.4,3.2,1355,0.24,4232,0.71,0.7,,97.2179,59.46483,18.46495,
K2-86 b,K2-86,1,Transit,2016,8.77683,0.077,1.96,4.5,830.5,,5482,0.76,0.79,,258.699,51.55311,18.63557,
K2-87 b,K2-87,1,Transit,2016,9.726618,0.094,7.6,44.9,979,,5747,1.401,1.164,,491.242,66.23636,18.82736,
K2-88 b,K2-88,1,Transit,2016,4.6122,0.0345,1.23,2.04,464.6,0.26,3537,0.256,0.258,,110.561,54.75146,19.11997,
K2-89 b,K2-89,1,Transit,2016,1.096026,0.01462,0.615,0.17,830.1,0.15,3691,0.318,0.347,,86.0386,57.06712,20.45949,
K2-9 b,K2-9,1,Transit,2015,18.4498,0.091,2.25,5.69,314,,3390,0.31,0.3,M2.5 V,82.9631,176.26372,0.00541,
K2-90 c,K2-90,2,Transit,2016,2.900706,0.035,1.3,2.24,908.1,0.19,4422,0.6348,0.7046,,134.188,59.15274,22.47245,
K2-90 b,K2-90,2,Transit,2016,13.733314,0.096,2.6,7.27,502,0.07,4484,0.619,0.629,,134.188,59.15274,22.47245,
K2-91 b,K2-91,1,Transit,2016,1.419549,0.0164,1.1,1.37,726.8,0.09,3622,0.284,0.292,,62.5785,63.21823,24.20472,
K2-95 b,K2-95,1,Transit,2016,10.134645,0.0525,3.31,11,474,0.16,3566,0.4,0.41,M3.0,179.854,129.36257,18.97662,
K2-97 b,K2-97,1,Transit,2016,8.407115,0.0854,13.451,174.488,1566,0.207,4673,4.14,1.17,,878.43,127.76284,10.84756,
K2-98 b,K2-98,1,Transit,2016,10.136735,0.0986,5.066,34.008,1185,0.119,6260,1.518,1.246,F8 V,518.625,126.48821,11.51109,
K2-99 b,K2-99,2,Transit,2016,18.24783,0.153,11.882,276.511,1184,0.22,6069,2.55,1.44,G0 IV,519.229,208.77376,-5.44249,
K2-99 c,K2-99,2,Radial Velocity,2022,522.2,1.43,12.6,2669.759,390,0.21,6069,2.55,1.44,G0 IV,519.229,208.77376,-5.44249,
KELT-1 b,KELT-1,1,Transit,2012,1.217514,0.02466,12.442,8654.15,2361,0.0099,6516,1.471,1.335,,268.43,0.3621,39.3838,
KELT-10 b,KELT-10,1,Transit,2016,4.166274,0.0525,15.681,215.807,1377,,5948,1.209,1.112,G0 V,188.404,284.54838,-47.00331,
KELT-11 b,KELT-11,1,Transit,2017,4.736209,0.0623,15.132,65.155,1712,0,5375,2.69,1.44,G8/K0 IV,99.1596,161.70691,-9.39936,
KELT-12 b,KELT-12,1,Transit,2017,5.031623,0.06708,19.952,301.938,1800,0,6279,2.37,1.591,,368.03,267.64049,36.57018,
KELT-14 b,KELT-14,1,Transit,2016,1.710057,0.03005,19.537,408.094,1970,0,5720,1.52,1.239,G4,250.121,108.30141,-42.40976,
KELT-15 b,KELT-15,1,Transit,2016,3.32944,0.04613,19.504,416.357,1642,0,6003,1.78,2.06,,324.683,117.41498,-52.12045,
KELT-16 b,KELT-16,1,Transit,2017,0.968995,0.02044,15.861,874.033,2453,0,6236,1.36,1.211,F7 V,444.586,314.26852,31.66102,
KELT-17 b,KELT-17,1,Transit,2016,3.080172,0.04881,17.094,416.357,2087,,7454,1.645,1.635,A,226.5,125.61741,13.73531,
KELT-18 b,KELT-18,1,Transit,2017,2.871752,0.0455,17.598,375.039,2085,0,6670,1.908,1.524,F4 V,321.376,216.52382,59.44427,
KELT-19 A b,KELT-19 A,1,Transit,2017,4.611709,0.0637,21.409,1293.568,1935,,7500,1.83,1.62,A8 V,300.276,111.50953,7.61578,
KELT-2 A b,KELT-2 A,1,Transit,2012,4.11379,0.05497,15.132,540.311,2080,0,6327,1.93,1.54,F8,134.058,92.66402,30.95713,
KELT-20 b,KELT-20,1,Transit,2017,3.474108,0.0542,19.515,1074.901,2262,0,8720,1.565,1.76,A2 V,136.426,294.66141,31.2192,
KELT-21 b,KELT-21,1,Transit,2018,3.612765,0.05224,17.777,1242.715,2051,0,7598,1.638,1.458,A8 V,470.878,304.80003,32.58104,
KELT-23 A b,KELT-23 A,1,Transit,2019,2.255251,0.03302,14.83,298.125,1561,0,5899,0.996,0.944,G2 V,126.261,232.14664,66.35871,
KELT-24 b,KELT-24,1,Transit,2019,5.551493,0.0665,12.711,1458.832,1391,0.0319,6426,1.338,1.268,F7,96.5173,161.90903,71.65573,
KELT-3 b,KELT-3,1,Transit,2013,2.70339,0.04123,17.486,616.59,1816,0,6304,1.7,1.96,,210.252,148.64312,40.38794,
KELT-4 A b,KELT-4 A,1,Transit,2016,2.989593,0.04317,19.044,286.683,1823,0,6206,1.603,1.201,F,218.05,157.06262,25.57314,
KELT-6 b,KELT-6,2,Transit,2014,7.8457,0.07939,14.572,165.272,1313,0.22,6102,1.73,1.42,F8,240.726,195.98184,30.64015,
KELT-6 c,KELT-6,2,Radial Velocity,2015,1276,2.39,13,1179.149,241.9,0.21,6272,1.529,1.126,F8,240.726,195.98184,30.64015,
KELT-7 b,KELT-7,1,Transit,2015,2.73477,0.04415,17.934,441.784,2048,0,6768,1.81,1.76,F,136.681,78.29559,33.31795,
KELT-8 b,KELT-8,1,Transit,2015,3.24406,0.0455,18.159,209.768,1675,0.04,5754,1.46,0.81,G2 V,197.572,283.30545,24.12725,
KELT-9 b,KELT-9,1,Transit,2017,1.481124,0.03368,21.701,915.346,3921,0,9270,2.418,2.32,A,204.455,307.8599,39.93892,
KIC 10001893 b,KIC 10001893,3,Orbital Brightness Modulation,2014,0.2197,0.00554,,,,,27500,0.18,0.47,,1672.94,287.38923,46.98445,a
KIC 10001893 c,KIC 10001893,3,Orbital Brightness Modulation,2014,0.32528,0.007197,,,,,27500,0.18,0.47,,1672.94,287.38923,46.98445,a
KIC 10001893 d,KIC 10001893,3,Orbital Brightness Modulation,2014,0.81161,0.013239,,,,,27500,0.18,0.47,,1672.94,287.38923,46.98445,a
KIC 10068024 b,KIC 10068024,1,Orbital Brightness Modulation,2021,2.073549,0.034004,13.4,635.657,,,6118,1.574,1.22,,721.105,288.84704,47.02286,a
KIC 10525077 b,KIC 10525077,1,Transit,2015,854.083,1.767585,5.5,25.9,,,6091,1.01,1.01,,1461.15,287.37812,47.77115,a
KIC 3526061 b,KIC 3526061,1,Radial Velocity,2022,3552,5.14,12.1,5768.586,248.6,0.85,4829,5.86,1.42,,401.229,285.1864,38.61111,
KIC 3558849 b,KIC 3558849,1,Transit,2015,1322.3,2.341901,6.9,38.1,,,6175,1.01,0.98,,1215.7,294.94984,38.60519,a
Kepler-460 c,KIC 5437945,2,Transit,2016,220.130336,0.75318,5.52,26.1,389,0,6146,1.26,1.17,,1274.01,288.4749,40.65128,
KIC 5437945 b,KIC 5437945,2,Transit,2015,440.7813,1.19671,6.4,33.6,308,0,6340,1.24,1.07,,1274.01,288.4749,40.65128,
KIC 5479689 b,KIC 5479689,1,Orbital Brightness Modulation,2021,1.701531,0.027574,14.2,158.914,,,5459,0.894,0.966,,454.95,299.3255,40.63812,a
KIC 7917485 b,KIC 7917485,1,Pulsation Timing Variations,2016,840,2.050479,12.4,3750.394,,0.15,7067,2.0099,1.63,A,1382.89,299.43461,43.63261,a
KIC 8121913 b,KIC 8121913,1,Orbital Brightness Modulation,2021,3.294601,0.049113,13.4,667.44,,,5975,2.233,1.456,,707.303,298.9678,43.90938,a
Kepler-458 c,KIC 9663113,2,Transit,2016,20.740284,0.17012,4.2,16.4,798,0,6117,2.2156,1.15,,1594.74,297.0454,46.32867,
KIC 9663113 b,KIC 9663113,2,Transit,2015,572.3847,1.55346,4.6,19.2,264,0,6065,1.03,0.98,,1594.74,297.0454,46.32867,
KMT-2016-BLG-0212L b,KMT-2016-BLG-0212L,1,Microlensing,2018,1720.297773,2.2,12.2,5700,,,,,0.48,,6300,268.43925,-29.08689,p
KMT-2016-BLG-1105L b,KMT-2016-BLG-1105L,1,Microlensing,2023,2174.11762,2.44,1.33,2.32,,,,,0.41,,5080,266.44725,-26.26637,p
KMT-2016-BLG-1107L b,KMT-2016-BLG-1107L,1,Microlensing,2019,247.66792,0.342,13.1,1043,,,,,0.087,,6651,266.41775,-26.0318,p
KMT-2016-BLG-1337L b,KMT-2016-BLG-1337L,1,Microlensing,2026,3931.688524,3.97,11.4,88.992,,,,,0.54,M,6920,269.13004,-33.03419,p
KMT-2016-BLG-1397L b,KMT-2016-BLG-1397L,1,Microlensing,2018,6271.035104,5.1,12.7,2200,,,,,0.45,,6600,272.66461,-24.85774,p
KMT-2016-BLG-1820L b,KMT-2016-BLG-1820L,1,Microlensing,2018,2075.838461,1.08,12.9,1450,,,,,0.039,,6260,268.76474,-29.51692,p
KMT-2016-BLG-1836L b,KMT-2016-BLG-1836L,1,Microlensing,2019,3416.600901,3.5,13.3,700,,,,,0.49,,7100,268.25033,-30.04075,p
KMT-2016-BLG-2142L b,KMT-2016-BLG-2142L,1,Microlensing,2018,1022.22367,0.83,12.2,4923,,,,,0.073,,7010,268.112,-29.38456,p
KMT-2016-BLG-2321L b,KMT-2016-BLG-2321L,1,Microlensing,2024,2895.698456,3.58,13.8,301.937,,,,,0.73,,3580,264.05792,-25.52488,p
KMT-2016-BLG-2364L b,KMT-2016-BLG-2364L,1,Microlensing,2020,2203.123511,2.63,13,1250,,,,,0.5,,6440,265.71567,-27.43556,p
KMT-2016-BLG-2397L b,KMT-2016-BLG-2397L,1,Microlensing,2020,3170.679269,3.64,13.2,836,,,,,0.64,,4880,266.21254,-23.20138,p
KMT-2016-BLG-2605L b,KMT-2016-BLG-2605L,1,Microlensing,2021,811.373661,0.681,14,245.046,,,,,0.064,,6421,269.82308,-26.982,p
KMT-2017-BLG-0165L b,KMT-2017-BLG-0165L,1,Microlensing,2018,2684.800816,3.45,6.45,34,,,,,0.76,,4530,269.64967,-28.13367,p
KMT-2017-BLG-0428L b,KMT-2017-BLG-0428L,1,Microlensing,2023,1525.346916,1.81,2.23,5.59,,,,,0.34,,5400,271.38525,-28.49028,p
KMT-2017-BLG-0673L b,KMT-2017-BLG-0673L,1,Microlensing,2022,1647.190148,2.34,13,1166.43,,,,,0.63,,5080,264.75704,-33.80803,p
KMT-2017-BLG-0849L b,KMT-2017-BLG-0849L,1,Microlensing,2024,3779.700557,2.73,2.41,6.39,,,,,0.19,,7220,265.35946,-25.28122,p
KMT-2017-BLG-1003L b,KMT-2017-BLG-1003L,1,Microlensing,2023,1046.728056,1.38,2.13,5.19,,,,,0.32,,7090,265.4115,-24.37394,p
KMT-2017-BLG-1038L b,KMT-2017-BLG-1038L,1,Microlensing,2019,1450.10056,1.8,13.4,640,,,,,0.37,,6000,266.17092,-25.14303,p
KMT-2017-BLG-1057L b,KMT-2017-BLG-1057L,1,Microlensing,2024,1753.964509,2.36,5.19,23.5,,,,,0.57,,6500,265.486,-22.33511,p
KMT-2017-BLG-1146L b,KMT-2017-BLG-1146L,1,Microlensing,2019,1286.806449,1.6,14,230,,,,,0.33,,6500,269.10583,-33.14247,p
KMT-2017-BLG-1194L b,KMT-2017-BLG-1194L,1,Microlensing,2023,1354.653738,1.78,1.7,3.54,,,,,0.41,,4240,274.32213,-25.32394,p
KMT-2017-BLG-2197L b,KMT-2017-BLG-2197L,1,Microlensing,2025,38631.737704,15.91,12.5,2809.603,,,,,0.36,,7800,262.61133,-30.15931,p
KMT-2017-BLG-2331L b,KMT-2017-BLG-2331L,1,Microlensing,2024,1807.926993,2.14,14.2,171,,,,,0.4,,8030,264.40721,-29.46121,p
KMT-2017-BLG-2509L b,KMT-2017-BLG-2509L,1,Microlensing,2021,1685.900614,2.14,13.4,664.261,,,,,0.46,,7040,265.58988,-26.31715,p
KMT-2018-BLG-0029L b,KMT-2018-BLG-0029L,1,Microlensing,2020,3018.419594,4.27,2.67,7.59,,,,,1.14,,3380,264.46946,-27.9847,p
KMT-2018-BLG-0030L b,KMT-2018-BLG-0030L,1,Microlensing,2022,4704.374822,4.39,13.6,460.851,,,,,0.51,,6480,264.51667,-28.04162,p
KMT-2018-BLG-0087L b,KMT-2018-BLG-0087L,1,Microlensing,2022,937.279468,0.87,10.1,73.101,,,,,0.1,,7020,264.327,-27.83206,p
KMT-2018-BLG-0247L b,KMT-2018-BLG-0247L,1,Microlensing,2022,2616.940728,2.46,13.4,670.618,,,,,0.29,,6760,264.56004,-27.15041,p
KMT-2018-BLG-0748L b,KMT-2018-BLG-0748L,1,Microlensing,2020,604.530383,0.62,9.01,60,,,,,0.087,,7300,267.8745,-30.64639,p
KMT-2018-BLG-0885L b,KMT-2018-BLG-0885L,1,Microlensing,2023,750.700823,1.07,11.9,9217.024,,,,,0.29,,6890,268.96633,-28.51336,p
KMT-2018-BLG-1025L b,KMT-2018-BLG-1025L,1,Microlensing,2021,1163.547011,1.305,2.34,6.059,,,,,0.219,,6705,269.86642,-27.87806,p
KMT-2018-BLG-1292L b,KMT-2018-BLG-1292L,1,Microlensing,2020,5180.276533,6.03,12.9,1400,,,,,1.09,,3460,263.42758,-33.52067,p
KMT-2018-BLG-1743L b,KMT-2018-BLG-1743L,1,Microlensing,2021,1450.154078,1.449,10.5,77.868,,,,,0.193,,6483,274.28337,-26.35964,p
KMT-2018-BLG-1976L b,KMT-2018-BLG-1976L,1,Microlensing,2021,3017.438584,3.54,13.3,705.579,,,,,0.65,,5840,266.35467,-35.70033,p
KMT-2018-BLG-1988L b,KMT-2018-BLG-1988L,1,Microlensing,2022,2893.869981,3.09,2.22,5.56,,,,,0.47,,4150,265.28254,-35.5947,p
KMT-2018-BLG-1990L b,KMT-2018-BLG-1990L,1,Microlensing,2019,793.986475,0.763,12.9,111,,,,,0.094,M,967,268.43538,-22.15254,p
KMT-2018-BLG-1996L b,KMT-2018-BLG-1996L,1,Microlensing,2021,3879.7835,4.27,13.7,346.433,,,,,0.69,,5910,268.6785,-22.82041,p
KMT-2018-BLG-2602L b,KMT-2018-BLG-2602L,1,Microlensing,2022,3343.533819,3.81,13.7,365.503,,,,,0.66,,4310,267.39704,-21.9762,p
KMT-2019-BLG-0253L b,KMT-2019-BLG-0253L,1,Microlensing,2022,2382.778898,3.1,2.99,9.2,,,,,0.7,,4900,267.88258,-29.56547,p
KMT-2019-BLG-0297L b,KMT-2019-BLG-0297L,1,Microlensing,2023,749.699855,0.96,12.1,6038.74,,,,,0.21,,3090,270.06329,-28.96528,p
KMT-2019-BLG-0298L b,KMT-2019-BLG-0298L,1,Microlensing,2023,5894.076834,5.67,13.4,575.269,,,,,0.7,,6710,264.878,-27.63814,p
KMT-2019-BLG-0335L b,KMT-2019-BLG-0335L,1,Microlensing,2023,1356.066563,1.64,12.1,6674.397,,,,,0.32,,7710,262.84013,-29.59069,p
KMT-2019-BLG-0371L b,KMT-2019-BLG-0371L,1,Microlensing,2021,854.88876,0.79,12.6,2447.279,,,,,0.09,,7010,268.38392,-31.55502,p
KMT-2019-BLG-0414L b,KMT-2019-BLG-0414L,1,Microlensing,2022,530.470636,1.16,12.9,1452.476,,,,,0.74,,4410,268.85292,-21.89554,p
KMT-2019-BLG-0578L b,KMT-2019-BLG-0578L,1,Microlensing,2025,1952.343372,2,13.7,381.394,,,,,0.28,,7300,269.48467,-27.79486,p
KMT-2019-BLG-0842L b,KMT-2019-BLG-0842L,1,Microlensing,2020,2523.047455,3.31,3.19,10.28,,,,,0.76,,3320,268.45846,-29.87744,p
KMT-2019-BLG-0953L b,KMT-2019-BLG-0953L,1,Microlensing,2022,796.343128,1.1,4.06,15.5,,,,,0.28,,7200,269.33858,-28.67464,p
KMT-2019-BLG-1042L b,KMT-2019-BLG-1042L,1,Microlensing,2022,1478.097149,1.7,9.05,60.387,,,,,0.3,,6600,270.54404,-27.58067,p
KMT-2019-BLG-1216L b,KMT-2019-BLG-1216L,1,Microlensing,2023,2229.167284,2.44,5.98,29.876,,,,,0.39,,2740,268.48062,-35.13664,p
KMT-2019-BLG-1339L b,KMT-2019-BLG-1339L,1,Microlensing,2020,1661.98575,2.15,13.7,397,,,,,0.48,,6120,265.74342,-25.57392,p
KMT-2019-BLG-1367L b,KMT-2019-BLG-1367L,1,Microlensing,2023,1619.174301,1.7,1.85,4.08,,,,,0.25,,4670,272.47133,-29.76221,p
KMT-2019-BLG-1552L b,KMT-2019-BLG-1552L,1,Microlensing,2022,1722.80729,2.6,13,1287.205,,,,,0.79,,4600,269.59579,-27.56694,p
KMT-2019-BLG-1715L b,KMT-2019-BLG-1715L,1,Microlensing,2021,2828.996647,3.32,13.2,813.641,,,,,0.61,,3860,270.37171,-28.77714,p
KMT-2019-BLG-1806L b,KMT-2019-BLG-1806L,1,Microlensing,2023,2228.35705,3.02,2,4.67,,,,,0.74,,6640,270.53754,-29.41489,p
KMT-2019-BLG-2783L b,KMT-2019-BLG-2783L,1,Microlensing,2023,1576.189241,1.85,13.7,368.681,,,,,0.34,,5910,269.29192,-33.78852,p
KMT-2019-BLG-2974L b,KMT-2019-BLG-2974L,1,Microlensing,2022,1506.906441,2,11.4,88.992,,,,,0.47,,6100,267.85208,-29.42316,p
KMT-2020-BLG-0202L b,KMT-2020-BLG-0202L,1,Microlensing,2026,3455.825442,4.17,12.4,3902.933,,,,,0.81,,3840,267.04046,-24.47445,p
KMT-2020-BLG-0414L b,KMT-2020-BLG-0414L,2,Microlensing,2021,1553.98815,2.07,1.2,1.87,,,,,0.49,WD,1220,271.915,-28.48522,p
KMT-2020-BLG-0414L c,KMT-2020-BLG-0414L,2,Microlensing,2021,54947.69503,22.3,11.9,8581.367,,,,,0.49,WD,1220,271.915,-28.48522,p
KMT-2021-BLG-0119L b,KMT-2021-BLG-0119L,1,Microlensing,2022,2435.401046,2.92,12.8,1754.413,,,,,0.56,,3130,274.00054,-29.74389,p
KMT-2021-BLG-0171L b,KMT-2021-BLG-0171L,1,Microlensing,2022,2707.977115,3.5,3.35,11.2,,,5200,,0.78,,4600,269.24167,-30.09306,p
KMT-2021-BLG-0192L b,KMT-2021-BLG-0192L,1,Microlensing,2022,1449.375328,1.62,6.56,34.961,,,,,0.27,,5120,268.10496,-30.00869,p
KMT-2021-BLG-0240L b,KMT-2021-BLG-0240L,1,Microlensing,2022,2286.826721,2.8,9.6,66.744,,,,,0.56,,6600,267.57729,-30.00497,p
KMT-2021-BLG-0320L b,KMT-2021-BLG-0320L,1,Microlensing,2022,1233.946461,1.54,6.2,31.783,,,,,0.32,,6950,269.38813,-30.50394,p
KMT-2021-BLG-0712L b,KMT-2021-BLG-0712L,1,Microlensing,2023,2575.777504,2.22,6.91,38.19,,,,,0.22,,3090,269.28567,-31.18447,p
KMT-2021-BLG-0736L b,KMT-2021-BLG-0736L,1,Microlensing,2025,3772.285779,4,4.86,21,,,,,0.6,,7000,268.32258,-29.71242,p
KMT-2021-BLG-0748L b,KMT-2021-BLG-0748L,1,Microlensing,2022,2305.942027,2.43,14.3,143.023,,,,,0.36,,6090,272.42133,-25.74658,p
KMT-2021-BLG-0852L b,KMT-2021-BLG-0852L,1,Microlensing,2026,9152.273471,7.78,14.2,155.736,,,,,0.75,,7230,265.83117,-33.89184,p
KMT-2021-BLG-0909L b,KMT-2021-BLG-0909L,1,Microlensing,2023,1371.688505,1.75,13.7,400.464,,,,,0.38,,6480,265.62021,-27.63914,p
KMT-2021-BLG-0912L b,KMT-2021-BLG-0912L,1,Microlensing,2022,2272.16415,3.14,1.49,2.81,,,,,0.8,K,5560,269.82117,-31.99764,p
KMT-2021-BLG-1077L c,KMT-2021-BLG-1077L,2,Microlensing,2022,875.488871,0.93,10.6,79.457,,,,,0.14,M V,8240,266.48913,-33.84281,p
KMT-2021-BLG-1077L b,KMT-2021-BLG-1077L,2,Microlensing,2022,1380.645,1.26,9.86,69.922,,,,,0.14,M V,8240,266.48913,-33.84281,p
KMT-2021-BLG-1105L b,KMT-2021-BLG-1105L,1,Microlensing,2023,3064.960225,3.54,13.6,413.177,,,,,0.63,,4540,265.73225,-25.50891,p
KMT-2021-BLG-1150L b,KMT-2021-BLG-1150L,1,Microlensing,2023,4080.821186,4.5,13.9,279.689,,,,,0.73,,3800,268.79012,-31.31333,p
KMT-2021-BLG-1253L b,KMT-2021-BLG-1253L,1,Microlensing,2022,1397.172361,1.52,4.59,19.05,,,,,0.24,,6640,267.61721,-29.27928,p
KMT-2021-BLG-1303L b,KMT-2021-BLG-1303L,1,Microlensing,2022,2376.837884,2.89,13.6,120.775,,,,,0.57,,6280,271.86388,-29.28158,p
KMT-2021-BLG-1372L b,KMT-2021-BLG-1372L,1,Microlensing,2022,2056.307684,2.37,9.12,61.27,,,,,0.42,,5970,264.48854,-28.14839,p
KMT-2021-BLG-1391L b,KMT-2021-BLG-1391L,1,Microlensing,2022,2080.858678,2.29,1.97,4.55,,,,,0.37,,5720,270.68358,-28.0605,p
KMT-2021-BLG-1547L b,KMT-2021-BLG-1547L,1,Microlensing,2023,4109.0625,4.5,13.6,467.208,,,,,0.72,,5070,272.39958,-29.08394,p
KMT-2021-BLG-1554L b,KMT-2021-BLG-1554L,1,Microlensing,2022,788.94,0.72,6.9,38.139,,,,,0.08,,7680,267.80342,-31.86436,p
KMT-2021-BLG-1689L b,KMT-2021-BLG-1689L,1,Microlensing,2022,1895.772595,2.5,7.71,46,,,4570,,0.58,,7200,269.57917,-30.14528,p
KMT-2021-BLG-1770L b,KMT-2021-BLG-1770L,1,Microlensing,2023,864.932692,0.9,12.1,6674.397,,,,,0.13,,6920,270.43996,-27.41867,p
KMT-2021-BLG-1898L b,KMT-2021-BLG-1898L,1,Microlensing,2022,1380.70217,1.9,14,232.015,,,,,0.48,,6900,265.69187,-27.37584,p
KMT-2021-BLG-2010L b,KMT-2021-BLG-2010L,1,Microlensing,2023,1438.033188,1.79,13.8,340.076,,,,,0.37,,7090,268.0085,-32.26975,p
KMT-2021-BLG-2294L b,KMT-2021-BLG-2294L,1,Microlensing,2022,1203.851636,1.15,5.02,22.248,,,,,0.14,,6800,270.06242,-28.61244,p
KMT-2021-BLG-2478L b,KMT-2021-BLG-2478L,1,Microlensing,2023,2055.099338,1.85,13.9,286.046,,,,,0.2,,2970,269.30921,-29.10197,p
KMT-2021-BLG-2609L b,KMT-2021-BLG-2609L,1,Microlensing,2024,2848.83293,2.3,3.17,10.171,,,,,0.2,,7480,263.51887,-27.59694,p
KMT-2022-BLG-0303L b,KMT-2022-BLG-0303L,1,Microlensing,2024,6351.611551,4.81,14.2,163.046,,,,,0.368,,6570,268.03312,-22.68908,p
KMT-2022-BLG-0371L b,KMT-2022-BLG-0371L,1,Microlensing,2023,2415.073565,3.02,10.9,82.635,,,,,0.63,,7140,265.36192,-34.69867,p
KMT-2022-BLG-0440L b,KMT-2022-BLG-0440L,1,Microlensing,2023,1313.961654,1.9,4.05,15.4,,,,,0.53,,3500,269.58358,-32.29531,p
KMT-2022-BLG-1013L b,KMT-2022-BLG-1013L,1,Microlensing,2023,1395.637408,1.38,12.1,98.527,,,,,0.18,,7710,264.70925,-28.35567,p
KMT-2022-BLG-1551L b,KMT-2022-BLG-1551L,1,Microlensing,2026,1722.449779,2.29,13.2,940.772,,,,,0.54,,6900,265.25375,-27.55188,p
KMT-2022-BLG-1790L b,KMT-2022-BLG-1790L,1,Microlensing,2025,5769.194528,5.25,13.5,549.843,,,,,0.58,,6480,271.05625,-27.03475,p
KMT-2022-BLG-1818L b,KMT-2022-BLG-1818L,2,Microlensing,2026,1722.80729,2.6,13,1271.314,,,,,0.79,,5300,270.79863,-27.48111,p
KMT-2022-BLG-1818L c,KMT-2022-BLG-1818L,2,Microlensing,2026,18379.449388,12.6,13.2,114.418,,,,,0.79,,5300,270.79863,-27.48111,p
KMT-2022-BLG-2076L b,KMT-2022-BLG-2076L,1,Microlensing,2025,6024.588821,5.67,13.9,279.689,,,,,0.67,,5570,268.05113,-29.02793,p
KMT-2022-BLG-2286L b,KMT-2022-BLG-2286L,1,Microlensing,2024,2344.780971,2.02,12.1,6038.74,,,,,0.2,,7320,269.16525,-28.85492,p
KMT-2023-BLG-0119L b,KMT-2023-BLG-0119L,1,Microlensing,2025,2411.879034,3.14,11,83.7,,,,,0.71,K2.5 V,5410,266.81504,-34.57219,p
KMT-2023-BLG-0332L b,KMT-2023-BLG-0332L,1,Microlensing,2026,2845.236112,3.2,12,6992.225,,,,,0.54,,6500,270.89013,-27.22239,p
KMT-2023-BLG-0416L b,KMT-2023-BLG-0416L,1,Microlensing,2024,2343.459846,2.96,3.67,13.031,,,,,0.63,,5900,266.32404,-25.07949,p
KMT-2023-BLG-0466L b,KMT-2023-BLG-0466L,1,Microlensing,2026,2415.828372,2.68,13.1,1032.942,,,,,0.44,,6800,270.61,-33.00297,p
KMT-2023-BLG-0469L b,KMT-2023-BLG-0469L,1,Microlensing,2024,1870.506689,2.31,7.04,39.411,,,,,0.47,,7070,269.40679,-28.71506,p
KMT-2023-BLG-0548L b,KMT-2023-BLG-0548L,1,Microlensing,2025,7717.201386,6.85,13.1,1086.973,,,,,0.72,,6830,270.34762,-27.10675,p
KMT-2023-BLG-0735L b,KMT-2023-BLG-0735L,1,Microlensing,2024,2381.567383,2.96,6.97,38.775,,,,,0.61,,6390,267.57596,-29.20292,p
KMT-2023-BLG-0830L b,KMT-2023-BLG-0830L,1,Microlensing,2025,1726.045605,1.7,4.41,17.798,,,,,0.22,,7250,271.65796,-28.33231,p
KMT-2023-BLG-0949L b,KMT-2023-BLG-0949L,1,Microlensing,2025,1524.802737,2.03,12.8,1900.614,,,,,0.48,,6060,263.41942,-28.09146,p
KMT-2023-BLG-1431L b,KMT-2023-BLG-1431L,1,Microlensing,2024,2769.349473,3.2,3.76,13.6,,,,,0.57,,6800,271.18354,-29.74392,p
KMT-2023-BLG-1454L b,KMT-2023-BLG-1454L,1,Microlensing,2024,1135.504278,1.18,14.1,200.232,,,,,0.17,,7220,267.62008,-29.62275,p
KMT-2023-BLG-1592L b,KMT-2023-BLG-1592L,1,Microlensing,2026,3793.200424,3.9,14.1,184.34,,,,,0.55,,7200,268.67867,-29.00842,p
KMT-2023-BLG-1642L b,KMT-2023-BLG-1642L,1,Microlensing,2024,1483.181955,1.41,13.8,343.255,,,,,0.17,,6980,261.366,-29.05847,p
KMT-2023-BLG-1743L b,KMT-2023-BLG-1743L,1,Microlensing,2024,1375.880976,1.16,12.1,6356.568,,,,,0.11,,7130,269.16525,-28.85492,p
KMT-2023-BLG-1866L b,KMT-2023-BLG-1866L,1,Microlensing,2024,2181.417331,2.63,1.43,2.63,,,,,0.51,,6210,273.48225,-28.44739,p
KMT-2023-BLG-1896L b,KMT-2023-BLG-1896L,1,Microlensing,2025,2081.963091,2.86,4.19,16.35,,,,,0.72,K6 V,5490,271.03175,-26.95892,p
KMT-2023-BLG-2209L b,KMT-2023-BLG-2209L,1,Microlensing,2025,2811.185275,3.51,13.9,254.263,,,,,0.73,,5570,268.99421,-29.30567,p
KMT-2024-BLG-0176L b,KMT-2024-BLG-0176L,1,Microlensing,2026,1725.967084,1.32,14,241.55,,,,,0.103,,8340,266.53246,-34.21058,p
KMT-2024-BLG-0349L b,KMT-2024-BLG-0349L,1,Microlensing,2026,7272.513653,6.46,12.4,3769.445,,,,,0.68,,5750,261.37154,-30.24702,p
KMT-2024-BLG-0404L b,KMT-2024-BLG-0404L,2,Microlensing,2025,954.107607,0.85,11.9,8657.646,,,,,0.09,M,7210,271.14708,-27.9535,p
KMT-2024-BLG-1005L b,KMT-2024-BLG-1005L,1,Microlensing,2025,1072.879097,0.78,12.1,6674.397,,,,,0.055,,6950,269.80558,-28.75578,p
KMT-2024-BLG-1209L b,KMT-2024-BLG-1209L,1,Microlensing,2025,1655.218929,2.51,13.2,839.067,,,,,0.77,K3 V,3930,261.61296,-28.12056,p
KMT-2024-BLG-1281L b,KMT-2024-BLG-1281L,1,Microlensing,2025,1771.737358,1.96,4.59,19.07,,,,,0.32,,7180,270.16938,-32.71425,p
KMT-2024-BLG-1870L b,KMT-2024-BLG-1870L,1,Microlensing,2026,2494.701878,3.15,13.8,336.898,,,,,0.67,,5480,272.46533,-26.88289,p
KMT-2024-BLG-2005L b,KMT-2024-BLG-2005L,1,Microlensing,2026,1249.760044,1.12,8.18,50.853,,,,,0.12,,7720,268.40808,-28.90098,p
KMT-2024-BLG-2059L b,KMT-2024-BLG-2059L,1,Microlensing,2025,2082.645763,2.55,2.54,6.992,,,,,0.51,,6070,270.92975,-28.56819,p
KMT-2024-BLG-2087L b,KMT-2024-BLG-2087L,1,Microlensing,2026,2780.568181,3.03,12.9,1395.267,,,,,0.48,,7190,268.45004,-29.26319,p
KMT-2024-BLG-2242L b,KMT-2024-BLG-2242L,1,Microlensing,2025,1167.483333,0.89,3.82,13.984,,,,,0.069,,7620,268.415,-29.56031,p
KMT-2025-BLG-0121L b,KMT-2025-BLG-0121L,1,Microlensing,2026,2491.007678,3.05,12.6,2469.527,,,,,0.61,,6200,267.15837,-23.9988,p
KMT-2025-BLG-0481L b,KMT-2025-BLG-0481L,1,Microlensing,2026,2506.476428,2.18,14.1,187.519,,,,,0.22,,7980,265.356,-34.37175,p
KMT-2025-BLG-1616L b,KMT-2025-BLG-1616L,1,Microlensing,2026,1449.717978,1.6,7.34,42.32,,,,,0.26,M V,7500,267.77888,-30.13911,p
KOBE-1 b,KOBE-1,2,Radial Velocity,2025,8.5399,0.07006,2.91,8.8,594.4,0,4135,0.619,0.629,K7 V,23.9718,19.16604,25.33104,
KOBE-1 c,KOBE-1,2,Radial Velocity,2025,29.671,0.16071,3.56,12.4,392.5,0,4135,0.619,0.629,K7 V,23.9718,19.16604,25.33104,
KOI-12 b,KOI-12,2,Transit,2015,17.855182,0.154,13.787,349.613,911,0.34,6635,1.4,1.5,,399.398,297.45374,41.01102,
Kepler-448 c,KOI-12,2,Transit Timing Variations,2017,2500,4.2,12,6992.26,184.7,0.65,6635,1.4,1.5,,399.398,297.45374,41.01102,
KOI-1257 b,KOI-1257,1,Transit,2014,86.647661,0.382,10.54,460.83,511,0.772,5520,1.13,0.99,G5 V,656,291.22509,44.92729,
KOI-13 b,KOI-13,1,Transit,2011,1.763588,0.03641,16.948,2949.462,2550,0.0006,7650,1.74,1.72,,519.096,286.97139,46.86825,
KOI-134 c,KOI-134,2,Transit Timing Variations,2025,33.95,0.2305,9.86,69.922,798.8,0.24,6160,1.667,1.407,F9V,1159.21,295.5866,45.36494,
KOI-134 b,KOI-134,2,Transit,2025,67.1277,0.363,12.038,346.433,659,0.16,6160,1.667,1.407,F9V,1159.21,295.5866,45.36494,
KOI-142 b,KOI-142,3,Transit,2013,10.91647,0.09586,3.438,9.5,758,0.0556,5466,0.897,0.99,G6 V,376.863,291.1481,40.66941,
KOI-142 c,KOI-142,3,Transit Timing Variations,2013,22.26492,0.154121,14,214.1,635.9,0.0572,5466,0.897,0.99,G6 V,376.863,291.1481,40.66941,
Kepler-88 d,KOI-142,3,Radial Velocity,2020,1403,2.46633,13.1,965.147,158.9,0.41,5466,0.897,0.99,G6 V,376.863,291.1481,40.66941,
KOI-1599.02,KOI-1599,2,Transit,2019,13.6088,0.112293,1.9,9,755,0.0114,5833,0.972,1.02,,1131.64,298.37384,40.61845,
KOI-1599.01,KOI-1599,2,Transit,2019,20.4415,0.14728,1.9,4.6,660,0.014,5833,0.972,1.02,,1131.64,298.37384,40.61845,
KOI-1783.01,KOI-1783,2,Transit,2020,134.4628,0.52661,8.86,71,412,0,5922,1.143,1.076,,865.73,289.34146,46.98815,
KOI-1783.02,KOI-1783,2,Transit,2020,284.215,0.86695,5.44,15,321,0,5922,1.143,1.076,,865.73,289.34146,46.98815,
KOI-217 b,KOI-217,1,Transit,2010,3.90512,0.0477,12.442,,1046,0,5545,0.86,0.95,,914.699,294.86547,46.28581,
KOI-2513.01,KOI-2513,1,Transit,2023,19.00547,0.5,2.802,7310.053,758,0.36,5900,1.2,0.91,,1369.87,293.66888,46.37923,
KOI-3503 b,KOI-3503,2,Transit,2021,21.185,0.14247,1.19,9.2,785,0,6001,1.255,0.858,,887.064,293.15077,41.72915,
KOI-3503 c,KOI-3503,2,Transit,2021,31.828,0.18688,1.21,10.36,686,0,6001,1.255,0.858,,887.064,293.15077,41.72915,
KOI-351 b,KOI-351,8,Transit,2013,7.008151,0.074,1.31,2.27,1062,0,6080,1.2,1.2,,848.254,284.43346,49.30512,
KOI-351 c,KOI-351,8,Transit,2013,8.719375,0.089,1.19,1.81,987,0,6080,1.2,1.2,,848.254,284.43346,49.30512,
Kepler-90 i,KOI-351,8,Transit,2017,14.44912,0.120138,1.32,2.3,709,0,6015,1.29,1.12,,848.254,284.43346,49.30512,
KOI-351 d,KOI-351,8,Transit,2013,59.73667,0.32,2.87,8.6,520,0,6080,1.2,1.2,,848.254,284.43346,49.30512,
KOI-351 e,KOI-351,8,Transit,2013,91.93913,0.42,2.66,7.56,450,0,6080,1.2,1.2,,848.254,284.43346,49.30512,
KOI-351 f,KOI-351,8,Transit,2013,124.9144,0.48,2.88,8.65,407,0,6080,1.2,1.2,,848.254,284.43346,49.30512,
KOI-351 g,KOI-351,8,Transit,2013,210.73514,0.71704,7.718,15,342,0.0292,6031,1.185,1.242,,848.254,284.43346,49.30512,
KOI-351 h,KOI-351,8,Transit,2013,331.60296,0.97062,11.252,203,294,0.0276,6031,1.185,1.242,,848.254,284.43346,49.30512,
KOI-3680 b,KOI-3680,1,Transit,2018,141.241671,0.534,11.097,613.412,347,0.496,5830,0.96,1.01,,921.986,293.28153,45.30966,
KOI-4777.01,KOI-4777,1,Transit,2022,0.412,0.008,0.51,99.2,1180,0,3515,0.4,0.41,,172.245,287.26215,42.03223,
KOI-4978 b,KOI-4978,1,Transit,2024,0.941967,0.017877,0.7,0.271,,,5050,0.966,0.859,G,936.341,286.59076,38.5583,a
KOI-55 b,KOI-55,2,Orbital Brightness Modulation,2011,0.240104,0.006,0.759,0.44,7777.8,,27730,0.203,0.496,B,1231.02,296.35619,41.09273,
KOI-55 c,KOI-55,2,Orbital Brightness Modulation,2011,0.342887,0.0076,0.867,0.655,6910.7,,27730,0.203,0.496,B,1231.02,296.35619,41.09273,
KOI-7368 b,KOI-7368,1,Transit,2022,6.843034,0.0678,2.22,5.56,805,0,5241,0.874,0.879,,264.995,293.94764,48.06526,
Kepler-457 d,KOI-7892,3,Transit,2021,10.6906,0.0996,2.985,9.19,1008,0,6474,1.242,1.148,,1072.3,282.37754,44.69457,
KIC 8540376 b,KOI-7892,3,Transit,2015,31.8099,0.199064,4.1,15.8,,,6474,1.26,1.04,,1072.3,282.37754,44.69457,a
KIC 8540376 c,KOI-7892,3,Transit,2015,75.2,0.353261,2.4,6.35,,,6474,1.26,1.04,,1072.3,282.37754,44.69457,a
KOI-7913 b,KOI-7913 A,1,Transit,2022,24.278553,0.1456,2.34,6.08,432,0,4324,0.788,0.76,K6 V,271.277,286.74853,45.15872,
KOI-94 b,KOI-94,4,Transit,2013,3.743208,0.05119,1.71,10.5,1486,0.25,6182,1.52,1.277,,477.052,297.33307,41.89112,
KOI-94 c,KOI-94,4,Transit,2013,10.423648,0.1013,4.32,15.6,1012,0.43,6182,1.52,1.277,,477.052,297.33307,41.89112,
KOI-94 d,KOI-94,4,Transit,2013,22.342989,0.1684,11.27,106,806,0.022,6182,1.52,1.277,,477.052,297.33307,41.89112,
KOI-94 e,KOI-94,4,Transit,2013,54.32031,0.3046,6.56,35,584,0.019,6182,1.52,1.277,,477.052,297.33307,41.89112,
KOI-984 b,KOI-984,2,Transit,2022,4.288178,0.0504,4.3,17.1,1022,0.12,5295,0.818,0.928,,252.667,291.04894,36.84008,
KOI-984 c,KOI-984,2,Transit Timing Variations,2022,21.512,0.1467,14.1,209.8,597,0.38,5295,0.818,0.928,,252.667,291.04894,36.84008,
KPS-1 b,KPS-1,1,Transit,2018,1.706291,0.0269,11.545,346.435,1459,0,5165,0.907,0.892,K1 V,262.706,165.1672,64.96385,
Kapteyn c,Kapteyn,1,Radial Velocity,2014,121.54,0.311,2.54,7,165.6,0.23,3550,0.291,0.281,M2.0V,3.9331,77.95866,-45.04302,
Kepler-10 b,Kepler-10,3,Transit,2011,0.837491,0.01685,1.47,3.24,2188,0,5708,1.065,0.91,,185.506,285.6793,50.24148,
Kepler-10 c,Kepler-10,3,Transit,2011,45.294301,0.241,2.355,11.29,579,0.136,5708,1.065,0.91,,185.506,285.6793,50.24148,
Kepler-10 d,Kepler-10,3,Radial Velocity,2023,151.06,0.5379,3.49,12,387,0.19,5708,1.065,0.91,,185.506,285.6793,50.24148,
Kepler-100 b,Kepler-100,4,Transit,2014,6.88734,0.07309,1.34,4.01,1155,0.13,5837,1.51,1.13,,304.645,291.38613,41.99014,
Kepler-100 c,Kepler-100,4,Transit,2014,12.8159,0.11061,2.2,7.05,939,0.02,5825,1.49,1.08,,304.645,291.38613,41.99014,
Kepler-100 d,Kepler-100,4,Transit,2014,35.3331,0.21747,1.61,3,670,0.38,5825,1.49,1.08,,304.645,291.38613,41.99014,
Kepler-100 e,Kepler-100,4,Radial Velocity,2023,60.888588,0.312392,5.27,24.143,621.7,0.0264,5884,1.5,1.097,,304.645,291.38613,41.99014,
Kepler-1000 b,Kepler-1000,1,Transit,2016,120.018127,0.5326,4.76,20.3,473,0,6453,1.51,1.4,,1115.62,286.68547,47.09819,
Kepler-1001 c,Kepler-1001,2,Transit,2020,9.18186,0.08296,1.578,3.11,804,0,5376,0.8365,0.93,,928.978,286.27392,48.6187,
Kepler-1001 b,Kepler-1001,2,Transit,2016,14.30512,0.11147,3.15,10.1,693,0,5491,0.88,0.9,,928.978,286.27392,48.6187,
Kepler-1002 b,Kepler-1002,1,Transit,2016,4.336429,0.0564,1.71,3.57,1453,0,6144,1.57,1.22,,408.303,293.07946,43.07368,
Kepler-1003 b,Kepler-1003,1,Transit,2016,3.554857,0.04333,1.78,3.82,1157,0,6109,1.17,1.11,,941.902,292.02043,44.87624,
Kepler-1004 b,Kepler-1004,1,Transit,2016,5.287898,0.06791,6.28,32.5,1661,0,4972,3.39,1.11,,1152.68,297.35934,49.79755,
Kepler-1005 b,Kepler-1005,1,Transit,2016,6.498015,0.06717,1.5,2.86,1026,0,5782,1.06,1,,567.806,286.2859,43.32051,
Kepler-1006 b,Kepler-1006,1,Transit,2016,19.76172,0.1464,1.54,2.99,791,0,5328,0.74,0.78,,1081.738,295.75421,42.53731,
Kepler-1007 b,Kepler-1007,1,Transit,2016,5.185002,0.048,1.44,2.67,652,0,4587,0.7,0.73,,365,295.90653,45.80909,
Kepler-1008 b,Kepler-1008,1,Transit,2016,12.439312,0.09755,1.28,2.18,627,0,5066,0.78,0.81,,282.565,296.54764,44.94183,
Kepler-1009 b,Kepler-1009,1,Transit,2016,11.350119,0.0796,2.17,5.35,403,0,4027,0.57,0.59,,355.019,282.85986,42.66583,
Kepler-101 b,Kepler-101,2,Transit,2014,3.487681,0.0474,5.77,51.1,1513,0.086,5667,1.56,1.17,G3 IV,927.981,283.25551,48.35525,
Kepler-101 c,Kepler-101,2,Transit,2014,6.02976,0.0684,1.25,3.78,1413,0,5667,1.56,1.17,G3 IV,927.981,283.25551,48.35525,
Kepler-1010 b,Kepler-1010,1,Transit,2016,34.268571,0.193,2.32,5.99,477,0,5253,0.82,0.86,,579.273,289.1926,44.14932,
Kepler-1011 b,Kepler-1011,1,Transit,2016,5.753222,0.0633,2.87,8.6,920,0,5416,0.88,0.91,,736.779,297.40155,46.824,
Kepler-1012 b,Kepler-1012,1,Transit,2016,5.508604,0.06066,1.29,2.21,934,0,5556,0.91,0.95,,411.077,289.29623,46.45799,
Kepler-1013 b,Kepler-1013,1,Transit,2016,18.93055,0.137,2.15,5.27,766,0,4954,0.76,0.81,,422.246,290.2481,44.43529,
Kepler-1014 b,Kepler-1014,1,Transit,2016,16.571104,0.121,2.39,6.3,614,0,5388,0.84,0.88,,624.8,285.12199,44.11053,
Kepler-1015 b,Kepler-1015,1,Transit,2016,16.004942,0.1345,3.55,12.3,1040,0,6769,1.81,1.49,,739.357,292.75731,43.42684,
Kepler-1016 b,Kepler-1016,2,Transit,2016,1.954524,0.03044,2.18,5.39,1540,0,5821,1,0.99,,1402.82,294.61369,45.98463,
Kepler-1016 c,Kepler-1016,2,Transit,2016,105.655137,0.43519,3.68,13.1,407,0,5821,1,0.99,,1402.82,294.61369,45.98463,
Kepler-1017 b,Kepler-1017,1,Transit,2016,7.234005,0.07196,1.99,4.62,831,0,5473,0.87,0.93,,552.058,283.4693,40.13252,
Kepler-1018 b,Kepler-1018,1,Transit,2016,49.101351,0.253,2.58,7.18,498,0,5518,0.88,0.91,,1010.01,283.59673,45.40787,
Kepler-1019 b,Kepler-1019,1,Transit,2016,1.41123,0.0221,1.46,2.73,1164,0,4433,0.67,0.7,,194.182,283.71759,47.20438,
Kepler-102 b,Kepler-102,5,Transit,2014,5.286965,0.05521,0.46,1.1,857,0.1,4909,0.724,0.803,,107.796,281.48247,47.20783,
Kepler-102 c,Kepler-102,5,Transit,2014,7.071392,0.06702,0.567,1.7,777,0.094,4909,0.724,0.803,,107.796,281.48247,47.20783,
Kepler-102 d,Kepler-102,5,Transit,2014,10.311767,0.08618,1.154,3,686,0.092,4909,0.724,0.803,,107.796,281.48247,47.20783,
Kepler-102 e,Kepler-102,5,Transit,2013,16.145699,0.1162,2.17,4.7,590,0.089,4909,0.724,0.803,,107.796,281.48247,47.20783,
Kepler-102 f,Kepler-102,5,Transit,2014,27.453592,0.1656,0.861,4.3,495,0.1,4909,0.724,0.803,,107.796,281.48247,47.20783,
Kepler-1020 b,Kepler-1020,1,Transit,2016,96.91515,0.37594,2.28,5.82,325,0,5227,0.8,0.87,,415.358,292.67247,46.37728,
Kepler-1021 b,Kepler-1021,1,Transit,2016,13.474696,0.1034,2.33,6.04,634,0,5431,0.86,0.89,,810.082,295.2049,42.55967,
Kepler-1022 b,Kepler-1022,1,Transit,2016,10.994699,0.0805,2.36,6.17,512,0,4445,0.68,0.71,,420.042,289.35206,46.97363,
Kepler-1023 b,Kepler-1023,1,Transit,2016,62.138771,0.30284,2.63,7.41,524,0,5494,0.89,0.93,,694.175,289.02972,49.7697,
Kepler-1024 b,Kepler-1024,1,Transit,2016,66.416213,0.3033,3.91,14.5,376,0,5143,0.78,0.81,,1087.4,291.95103,38.25164,
Kepler-1025 b,Kepler-1025,1,Transit,2016,37.322949,0.21607,1.98,4.58,1654,0,6089,1.13,1.09,,803.776,284.51021,43.96156,
Kepler-1026 b,Kepler-1026,1,Transit,2016,36.515605,0.1977,2.21,5.52,425,0,4948,0.75,0.79,,351.239,283.6053,39.99793,
Kepler-1027 b,Kepler-1027,1,Transit,2016,1.907805,0.02911,0.89,0.64,1268,0,5436,0.82,0.91,,405.104,287.57117,42.81382,
Kepler-1028 b,Kepler-1028,1,Transit,2016,2.514624,0.0354,1.33,2.33,1217,0,5522,0.87,0.9,,607.916,289.5931,49.78124,
Kepler-1029 b,Kepler-1029,1,Transit,2016,4.417696,0.047,1.26,2.13,790,0,5030,0.77,0.82,,366.656,292.13287,41.54748,
Kepler-103 b,Kepler-103,2,Transit,2014,15.965329,0.133,3.486,11.67,973,0.171,6047,1.492,1.212,G2,494.832,288.98455,40.06449,
Kepler-103 c,Kepler-103,2,Transit,2014,179.60978,0.6679,5.454,58.47,434,0.103,6047,1.492,1.212,G2,494.832,288.98455,40.06449,
Kepler-1030 b,Kepler-1030,1,Transit,2016,19.329524,0.1338,2.48,6.71,529,0,4983,0.76,0.8,,758.702,293.68191,45.81752,
Kepler-1031 b,Kepler-1031,1,Transit,2016,1.226217,0.0218,0.87,0.59,2024,0,6011,1.12,1.09,,682.882,296.08988,48.95541,
Kepler-1032 b,Kepler-1032,1,Transit,2016,3.290118,0.0361,1.87,4.16,802,0,4647,0.71,0.77,,673.01,289.93088,40.09771,
Kepler-1033 b,Kepler-1033,1,Transit,2016,7.560528,0.0761,2.51,6.85,914,0,5547,0.92,0.94,,1455.5,283.8451,44.60903,
Kepler-1034 b,Kepler-1034,1,Transit,2016,12.124009,0.0965,2.26,5.73,675,0,5198,0.8,0.83,,654.549,286.11541,37.96695,
Kepler-1035 b,Kepler-1035,1,Transit,2016,2.714078,0.03883,1.17,1.71,1301,0,5763,0.97,0.98,,562.116,289.04224,42.8825,
Kepler-1036 b,Kepler-1036,1,Transit,2016,122.880806,0.47726,3.01,9.32,326,0,5533,0.89,0.95,,489.435,295.18171,49.94582,
Kepler-1037 b,Kepler-1037,1,Transit,2016,1.063789,0.0198,1.28,2.18,1650,0,5105,0.78,0.82,,446.914,296.34103,47.17093,
Kepler-1038 c,Kepler-1038,2,Transit,2021,7.12766,0.0692,1.416,2.59,784,0,5159,0.821,0.868,,584.136,298.97215,44.13235,
Kepler-1038 b,Kepler-1038,2,Transit,2016,148.460338,0.5238,3.53,12.2,285,0,5335,0.83,0.87,,584.136,298.97215,44.13235,
Kepler-1039 b,Kepler-1039,1,Transit,2016,0.934884,0.01714,1.46,2.73,2080,0,4870,0.74,0.79,,306.91,298.32662,45.31542,
Kepler-104 b,Kepler-104,3,Transit,2014,11.427548,0.094,3.1,19.6,852,0,5711,1.349,0.818,,400.785,287.60466,42.16651,
Kepler-104 c,Kepler-104,3,Transit,2014,23.668205,0.153,3.13,7.144,668,0,5711,1.349,0.818,,400.785,287.60466,42.16651,
Kepler-104 d,Kepler-104,3,Transit,2014,51.755394,0.257,3.58,5.54,515,0,5711,1.349,0.818,,400.785,287.60466,42.16651,
Kepler-1040 b,Kepler-1040,1,Transit,2016,201.1214,0.67249,2.08,4.98,300,0,5694,0.96,0.98,,482.119,283.11377,48.13128,
Kepler-1041 b,Kepler-1041,1,Transit,2016,24.757642,0.1688,2.94,8.96,644,0,5957,1.08,1.06,,1485.82,293.88174,49.68314,
Kepler-1042 b,Kepler-1042,1,Transit,2016,10.132026,0.0756,2.19,5.43,574,0,4815,0.72,0.75,,659,288.66894,39.82399,
Kepler-1043 b,Kepler-1043,1,Transit,2016,38.50534,0.2159,2.55,7.04,532,0,5629,0.9,0.92,,903.332,281.66296,47.56859,
Kepler-1044 b,Kepler-1044,1,Transit,2016,6.774089,0.0741,2.67,7.61,1058,0,5985,1.11,1.08,,1278.96,293.1444,46.66622,
Kepler-1045 b,Kepler-1045,1,Transit,2016,26.410455,0.1616,2.69,7.7,512,0,5301,0.82,0.86,,942.485,284.18327,45.07409,
Kepler-1046 b,Kepler-1046,1,Transit,2016,14.37508,0.11858,1.71,3.57,786,0,5913,1.04,1.04,,721.534,296.75581,46.99828,
Kepler-1047 c,Kepler-1047,2,Transit,2016,3.188976,0.04413,0.99,0.937,1309,0,5754,1.13,1.08,,817.647,288.64626,50.78896,
Kepler-1047 b,Kepler-1047,2,Transit,2016,56.188689,0.29871,2.09,5.02,503,0,5754,1.13,1.08,,817.647,288.64626,50.78896,
Kepler-1048 b,Kepler-1048,1,Transit,2016,6.92101,0.059,1.61,3.22,619,0,4651,0.7,0.75,,556.006,281.8983,42.16571,
Kepler-1049 b,Kepler-1049,1,Transit,2016,3.273461,0.0349,0.95,0.809,625,0,3864,0.49,0.51,,162.006,287.34696,47.77291,
Kepler-105 b,Kepler-105,2,Transit,2013,5.412203,0.06016,2.53,10.8,1418,0.02,5933,1.026,0.991,,459.223,287.88724,46.27612,
Kepler-105 c,Kepler-105,2,Transit,2014,7.12592,0.07229,1.44,5.6,997,0.02,5933,1.026,0.991,,459.223,287.88724,46.27612,
Kepler-1050 b,Kepler-1050,2,Transit,2016,15.378755,0.12353,1.6,3.19,1039,0,6010,1.13,1.09,,490.488,282.92498,48.6264,
Kepler-1050 c,Kepler-1050,2,Transit,2016,21.128457,0.15264,1.48,2.79,935,0,6010,1.13,1.09,,490.488,282.92498,48.6264,
Kepler-1051 b,Kepler-1051,1,Transit,2016,25.962002,0.18395,3.4,11.5,850,0,6675,1.73,1.43,,829.343,295.15811,40.89882,
Kepler-1052 b,Kepler-1052,2,Transit,2016,34.853828,0.20988,2.93,8.91,522,0,5888,1.03,1.03,,943.444,295.34273,46.60221,
Kepler-1052 c,Kepler-1052,2,Transit,2023,180.921729,0.6135,2.3,5.9,302,0,5818,0.848,0.937,,943.444,295.34273,46.60221,
Kepler-1053 b,Kepler-1053,1,Transit,2016,2.414352,0.0315,0.98,0.904,953,0,4529,0.69,0.74,,151.129,291.41863,39.12737,
Kepler-1054 b,Kepler-1054,1,Transit,2016,4.306557,0.05542,2.63,7.41,1177,0,6209,1.34,1.22,,1090.51,290.60111,44.55636,
Kepler-1055 b,Kepler-1055,1,Transit,2016,2.295036,0.0335,1.23,2.04,1304,0,5723,0.94,0.98,,389.397,290.48678,44.93254,
Kepler-1056 b,Kepler-1056,1,Transit,2016,27.495606,0.1629,3.01,9.32,590,0,6127,1.2,1.12,,982.51,299.52598,46.89926,
Kepler-1057 b,Kepler-1057,1,Transit,2016,14.088274,0.1138,3.36,11.2,724,0,5987,1.1,1.07,,1201.82,297.45213,41.55808,
Kepler-1058 b,Kepler-1058,1,Transit,2016,110.96546,0.3679,2.72,7.85,239,0,4644,0.69,0.73,,491.997,294.59563,45.87506,
Kepler-1059 b,Kepler-1059,1,Transit,2016,3.764191,0.044,1.73,3.64,908,0,4906,0.72,0.75,,713.167,289.22021,41.70644,
Kepler-106 b,Kepler-106,4,Transit,2014,6.16486,0.06491,0.82,5.3,1021,0,5858,1.04,1,,444.322,300.86401,44.33755,
Kepler-106 c,Kepler-106,4,Transit,2014,13.5708,0.10987,2.5,10.44,785,0,5858,1.04,1,,444.322,300.86401,44.33755,
Kepler-106 d,Kepler-106,4,Transit,2014,23.9802,0.16063,0.95,8.1,649,0,5858,1.04,1,,444.322,300.86401,44.33755,
Kepler-106 e,Kepler-106,4,Transit,2014,43.8445,0.24006,2.56,11.17,531,0,5858,1.04,1,,444.322,300.86401,44.33755,
Kepler-1060 b,Kepler-1060,1,Transit,2016,46.877937,0.2495,2.38,6.26,484,0,5797,0.99,0.99,,946.565,286.02523,39.63092,
Kepler-1061 b,Kepler-1061,1,Transit,2016,2.757983,0.0388,1.98,4.58,1332,0,6067,1.07,1.09,,543.375,296.23003,50.27521,
Kepler-1062 b,Kepler-1062,1,Transit,2016,9.304121,0.0748,1.76,3.75,583,0,4597,0.7,0.75,,397.455,283.89942,41.22159,
Kepler-1063 b,Kepler-1063,1,Transit,2016,14.079715,0.1176,1.49,2.83,931,0,5945,1.14,1.09,,343.226,290.5268,38.14283,
Kepler-1064 b,Kepler-1064,1,Transit,2016,16.540803,0.1183,1.55,3.02,570,0,5153,0.79,0.85,,374,291.74158,37.68881,
Kepler-1065 c,Kepler-1065,2,Transit,2016,2.370307,0.0344,1.6,3.19,1256,0,5635,0.93,0.94,,1122.48,294.51132,38.79046,
Kepler-1065 b,Kepler-1065,2,Transit,2016,3.609309,0.0455,3.73,13.4,1092,0,5635,0.93,0.94,,1122.48,294.51132,38.79046,
Kepler-1066 b,Kepler-1066,1,Transit,2016,1.93156,0.0298,2.36,6.17,1290,0,5762,0.98,0.98,,344.251,298.86662,46.50223,
Kepler-1067 b,Kepler-1067,2,Transit,2016,0.762129,0.0164,0.8,0.437,1872,0,5592,0.93,0.95,,667.693,285.38737,45.04903,
Kepler-1067 c,Kepler-1067,2,Transit,2021,5.42584,0.06069,1.747,3.7,973,0,5594,0.934,0.981,,667.693,285.38737,45.04903,
Kepler-1068 b,Kepler-1068,1,Transit,2016,16.923441,0.13038,3.63,12.8,702,0,5806,1.01,1.01,,1473.61,294.64817,46.39232,
Kepler-1069 b,Kepler-1069,1,Transit,2016,23.89903,0.16587,1.6,3.19,823,0,5722,0.98,0.99,,695.967,290.97924,47.98891,
Kepler-107 b,Kepler-107,4,Transit,2014,3.180022,0.04544,1.536,3.8,1592,0.1,5854,1.447,1.238,,525.997,297.02816,48.2086,
Kepler-107 c,Kepler-107,4,Transit,2014,4.901452,0.06064,1.597,10,1378,0.08,5854,1.447,1.238,,525.997,297.02816,48.2086,
Kepler-107 d,Kepler-107,4,Transit,2014,7.95839,0.08377,0.86,7.7,1173,0.11,5854,1.447,1.238,,525.997,297.02816,48.2086,
Kepler-107 e,Kepler-107,4,Transit,2014,14.749143,0.12638,2.903,14.1,955,0.1,5854,1.447,1.238,,525.997,297.02816,48.2086,
Kepler-1070 b,Kepler-1070,1,Transit,2016,6.221615,0.06753,1.73,3.64,1101,0,6261,1.32,1.21,,939.001,293.19539,49.31654,
Kepler-1071 b,Kepler-1071,1,Transit,2016,6.179984,0.0629,2.38,6.26,814,0,5215,0.81,0.86,,1042.27,293.05798,45.24875,
Kepler-1072 b,Kepler-1072,1,Transit,2016,1.569067,0.02742,1.58,3.12,1849,0,6199,1.32,1.2,,982.716,292.04439,46.32897,
Kepler-1073 d,Kepler-1073,3,Transit,2021,2.50476,0.0352,1.488,2.82,1369,0,5509,1.116,0.924,,809.897,294.15273,38.23309,
Kepler-1073 c,Kepler-1073,3,Transit,2016,4.025823,0.0483,1.64,3.33,1169,0,5792,1,1,,809.897,294.15273,38.23309,
Kepler-1073 b,Kepler-1073,3,Transit,2016,8.678886,0.0805,2.3,5.9,905,0,5792,1,1,,809.897,294.15273,38.23309,
Kepler-1074 b,Kepler-1074,1,Transit,2016,5.945665,0.0536,1.25,2.1,568,0,4002,0.57,0.6,,250.817,284.47669,46.25268,
Kepler-1075 b,Kepler-1075,1,Transit,2016,1.523728,0.0208,1.42,2.6,818,0,3959,0.54,0.56,,291.275,287.50114,47.46912,
Kepler-1076 b,Kepler-1076,1,Transit,2016,6.147279,0.0611,0.8,0.437,770,0,4868,0.74,0.79,,199,287.59026,51.0606,
Kepler-1077 b,Kepler-1077,1,Transit,2016,34.351187,0.2101,2.77,8.1,576,0,5816,1.02,1.02,,1101.42,291.03363,42.26784,
Kepler-1078 b,Kepler-1078,1,Transit,2016,3.007252,0.0388,1.9,4.27,1122,0,5612,0.92,0.94,,2481.71,293.20057,43.05004,
Kepler-1079 b,Kepler-1079,1,Transit,2016,13.245032,0.1092,1.63,3.29,887,0,5758,1.36,1.08,,591.098,299.54958,45.76968,
Kepler-108 b,Kepler-108,2,Transit,2014,49.183921,0.292,8.65,56,669,0.22,5854,2.192,1.247,,338.732,294.55899,46.0624,
Kepler-108 c,Kepler-108,2,Transit,2014,190.323494,0.721,8.18,50.9,426,0.04,5854,2.192,1.247,,338.732,294.55899,46.0624,
Kepler-1080 b,Kepler-1080,1,Transit,2016,77.25484,0.3781,3.28,10.8,548,0,5956,1.16,1.1,,1382.82,296.46449,49.1829,
Kepler-1081 b,Kepler-1081,1,Transit,2016,3.856919,0.04662,1.01,1.01,972,0,5345,0.84,0.88,,420.215,289.44475,41.31797,
Kepler-1082 b,Kepler-1082,1,Transit,2016,1.543207,0.02571,1.12,1.46,1827,0,5923,1.14,1.03,,739.557,289.35867,50.59845,
Kepler-1083 b,Kepler-1083,1,Transit,2016,33.417799,0.1899,3.36,11.2,448,0,5049,0.77,0.81,,902.633,283.16188,45.19834,
Kepler-1084 b,Kepler-1084,1,Transit,2016,2.053337,0.0324,1.11,1.41,1737,0,6113,1.28,1.12,,405.533,290.10198,48.25115,
Kepler-1085 c,Kepler-1085,2,Transit,2020,56.7771,0.29798,3.268,10.7,491,0,5816,1.0783,1.05,,1364.53,287.47764,46.14117,
Kepler-1085 b,Kepler-1085,2,Transit,2016,219.321753,0.73361,7.22,41.2,313,0,6000,1.14,1.11,,1364.53,287.47764,46.14117,
Kepler-1086 b,Kepler-1086,2,Transit,2016,18.784257,0.1198,2.44,6.53,433,0,4350,0.66,0.7,,466.084,295.25119,45.84295,
Kepler-1086 c,Kepler-1086,2,Transit,2016,161.516334,0.503,2.94,8.96,211,0,4350,0.66,0.7,,466.084,295.25119,45.84295,
Kepler-1087 b,Kepler-1087,1,Transit,2016,0.693843,0.01554,0.61,0.165,2161,0,5589,0.94,0.96,,362.623,294.97893,46.00567,
Kepler-1088 b,Kepler-1088,1,Transit,2016,23.127486,0.16163,1.42,2.6,667,0,5975,1.08,1.08,,280.629,281.56146,42.45041,
Kepler-1089 b,Kepler-1089,1,Transit,2016,5.132486,0.0497,1.83,4.01,584,0,3753,0.49,0.52,,259.328,291.09265,49.19017,
Kepler-109 b,Kepler-109,2,Transit,2014,6.481631,0.0701,2.49,4.9,1276,0.11,5950,1.387,1.094,,474.861,290.39268,40.28491,
Kepler-109 c,Kepler-109,2,Transit,2014,21.22265,0.1546,2.65,8.2,859,0.098,5950,1.387,1.094,,474.861,290.39268,40.28491,
Kepler-1090 c,Kepler-1090,2,Transit,2021,42.4272,0.22622,3.293,10.9,496,0,5330,1.013,0.869,,858.77,295.6629,44.52582,
Kepler-1090 b,Kepler-1090,2,Transit,2016,198.680179,0.63323,2.25,5.69,297,0,5321,0.82,0.86,,858.77,295.6629,44.52582,
Kepler-1091 b,Kepler-1091,1,Transit,2016,1.434742,0.0252,1.46,2.73,1664,0,5851,1.03,1.01,,914.299,299.78544,43.67072,
Kepler-1092 b,Kepler-1092,1,Transit,2016,58.601793,0.2996,2.07,4.94,508,0,5862,1,0.99,,981.233,297.7232,47.11268,
Kepler-1093 b,Kepler-1093,2,Transit,2016,25.082463,0.17543,1.95,4.46,776,0,6166,1.2,1.13,,1072.88,284.97803,41.42021,
Kepler-1093 c,Kepler-1093,2,Transit,2016,89.722292,0.41037,1.96,4.5,508,0,6166,1.2,1.13,,1072.88,284.97803,41.42021,
Kepler-1094 b,Kepler-1094,1,Transit,2016,78.100023,0.3625,3.18,10.2,480,0,6112,1.21,1.14,,1291.01,292.30121,38.267,
Kepler-1095 b,Kepler-1095,1,Transit,2016,4.271031,0.0514,1.21,1.92,1108,0,5658,0.92,0.94,,792.522,293.26242,41.36502,
Kepler-1096 b,Kepler-1096,1,Transit,2016,2.892218,0.034,1.24,2.07,794,0,4306,0.63,0.66,,377.976,294.70947,45.96955,
Kepler-1097 b,Kepler-1097,1,Transit,2016,187.747029,0.5791,3.26,10.7,267,0,5211,0.79,0.82,,719.802,281.59413,42.59639,
Kepler-1098 b,Kepler-1098,1,Transit,2016,2.543073,0.0358,1.3,2.24,1319,0,5794,0.99,0.99,,1049.19,295.50267,43.2327,
Kepler-1099 b,Kepler-1099,1,Transit,2016,2.168453,0.0337,2.83,8.4,1558,0,5837,1,1.01,,1022.8,288.74999,48.27712,
Kepler-11 b,Kepler-11,6,Transit,2010,10.3039,0.091,1.8,1.9,849,0.045,5663,1.065,0.961,,646.346,297.11509,41.90911,
Kepler-11 c,Kepler-11,6,Transit,2010,13.0241,0.107,2.87,2.9,786,0.026,5663,1.065,0.961,,646.346,297.11509,41.90911,
Kepler-11 d,Kepler-11,6,Transit,2010,22.6845,0.155,3.12,7.3,653,0.004,5663,1.065,0.961,,646.346,297.11509,41.90911,
Kepler-11 e,Kepler-11,6,Transit,2010,31.9996,0.195,4.19,8,582,0.012,5663,1.065,0.961,,646.346,297.11509,41.90911,
Kepler-11 f,Kepler-11,6,Transit,2010,46.6888,0.25,2.49,2,513,0.013,5663,1.065,0.961,,646.346,297.11509,41.90911,
Kepler-11 g,Kepler-11,6,Transit,2010,118.3807,0.466,3.33,25,376,0.15,5663,1.065,0.961,,646.346,297.11509,41.90911,
Kepler-110 b,Kepler-110,2,Transit,2014,12.691112,0.107,1.83,4.01,1008,0,5960,1.149,0.989,,586.531,292.92917,48.60283,
Kepler-110 c,Kepler-110,2,Transit,2014,31.719775,0.198,2.21,5.52,743,0,5960,1.149,0.989,,586.531,292.92917,48.60283,
Kepler-1100 b,Kepler-1100,1,Transit,2016,6.422001,0.06745,1.75,3.71,1000,0,6247,1.34,1.21,,693.618,291.87135,44.08739,
Kepler-1101 b,Kepler-1101,1,Transit,2016,81.315106,0.3483,2.47,6.66,393,0,5614,0.91,0.94,,742.473,294.56935,45.67116,
Kepler-1102 b,Kepler-1102,1,Transit,2016,51.328562,0.2731,2.66,7.56,546,0,5724,0.94,0.96,,1246.05,281.32259,48.0665,
Kepler-1103 b,Kepler-1103,1,Transit,2016,19.79192,0.15336,2.27,5.77,736,0,6092,1.15,1.11,,1331.92,287.38213,49.45242,
Kepler-1104 b,Kepler-1104,1,Transit,2016,5.03728,0.06321,1.23,2.04,1321,0,6417,1.41,1.3,,530.658,294.46852,49.33098,
Kepler-1105 b,Kepler-1105,1,Transit,2016,4.421572,0.0471,2.01,4.7,729,0,4299,0.68,0.71,,318.004,281.11176,42.45497,
Kepler-1106 b,Kepler-1106,1,Transit,2016,1.252752,0.0239,1.65,3.36,2199,0,6104,1.17,1.11,,1090.7,291.14516,44.06247,
Kepler-1107 b,Kepler-1107,1,Transit,2016,0.571039,0.01285,1.34,2.36,1897,0,5268,0.82,0.86,,428.798,291.04993,39.14167,
Kepler-1108 b,Kepler-1108,1,Transit,2016,4.510057,0.0511,1.46,2.73,1063,0,5406,0.84,0.88,,767.701,296.0423,45.98514,
Kepler-1109 b,Kepler-1109,1,Transit,2016,37.646738,0.2466,2.19,5.43,787,0,5893,1.06,1.05,,685.087,291.64627,39.39661,
Kepler-111 b,Kepler-111,2,Transit,2014,3.341815,0.046,1.58,3.12,1356,0,5952,1.157,1.171,,657.223,291.65316,44.68826,
Kepler-111 c,Kepler-111,2,Transit,2014,224.77833,0.751,7.084,222.48,352.2,0.176,5914,1.145,1.118,,657.223,291.65316,44.68826,
Kepler-1110 b,Kepler-1110,1,Transit,2016,9.69312,0.0754,2.66,7.56,609,0,4781,0.7,0.73,,726.828,291.80806,38.62266,
Kepler-1111 b,Kepler-1111,1,Transit,2016,8.796179,0.0872,2,4.66,938,0,6077,1.15,1.1,,841.536,295.4634,45.81277,
Kepler-1112 b,Kepler-1112,1,Transit,2016,14.362679,0.1239,3.02,9.38,918,0,6496,1.54,1.34,,1671.28,296.96879,47.75148,
Kepler-1113 b,Kepler-1113,1,Transit,2016,42.300495,0.2415,2.81,8.3,558,0,5931,1.17,1.12,,1073.88,289.4067,39.33881,
Kepler-1114 b,Kepler-1114,1,Transit,2016,14.974357,0.11056,1.35,2.39,631,0,5374,0.83,0.87,,418.417,299.23705,45.83478,
Kepler-1115 b,Kepler-1115,1,Transit,2016,23.554073,0.2134,1.7,3.53,1381,0,8480,1.73,1.6,,983.245,294.99177,40.1444,
Kepler-1116 b,Kepler-1116,1,Transit,2016,41.697783,0.233,2.54,6.99,488,0,5641,0.93,0.95,,1008.57,291.93366,44.1155,
Kepler-1117 b,Kepler-1117,1,Transit,2016,4.790285,0.05485,1.11,1.41,938,0,5612,0.93,0.95,,568.487,292.08479,49.23742,
Kepler-1118 b,Kepler-1118,1,Transit,2016,38.671507,0.2079,2.74,7.95,502,0,5688,0.97,0.96,,888.325,299.96566,44.16088,
Kepler-1119 b,Kepler-1119,1,Transit,2016,8.326515,0.0812,1.92,4.35,938,0,6083,1.17,1.11,,1757.23,297.0191,44.32749,
Kepler-112 b,Kepler-112,2,Transit,2014,8.408878,0.076,2.36,6.17,809,0,5544,0.841,0.782,,513.206,296.98114,43.2097,
Kepler-112 c,Kepler-112,2,Transit,2014,28.574263,0.172,2.4,6.35,538,0,5544,0.841,0.782,,513.206,296.98114,43.2097,
Kepler-1120 b,Kepler-1120,1,Transit,2016,2.949029,0.0369,1.38,2.48,1027,0,4904,0.74,0.78,,615.231,290.91445,42.28655,
Kepler-1121 b,Kepler-1121,1,Transit,2016,13.151411,0.11818,1.91,4.31,1008,0,6231,1.59,1.29,,482.047,297.78655,47.88615,
Kepler-1122 b,Kepler-1122,1,Transit,2016,42.191736,0.2315,2.04,4.82,526,0,5544,0.89,0.92,,1230.42,288.28058,46.34087,
Kepler-1123 b,Kepler-1123,1,Transit,2016,4.339465,0.0497,1.67,3.43,1061,0,5500,0.9,0.93,,704.323,294.51773,50.67039,
Kepler-1124 b,Kepler-1124,1,Transit,2016,2.852349,0.0305,1.28,2.18,621,0,3658,0.34,0.35,,289.899,286.59425,37.89128,
Kepler-1125 b,Kepler-1125,1,Transit,2016,17.670064,0.1348,1.84,4.04,778,0,5683,0.94,0.95,,2011.41,295.4812,40.73193,
Kepler-1126 b,Kepler-1126,2,Transit,2016,108.593329,0.41251,1.73,3.64,374,0,5798,0.93,0.92,,635.736,285.69196,45.6894,
Kepler-1126 c,Kepler-1126,2,Transit,2023,199.66876,0.6193,1.45,2.7,305,0,5678,0.921,0.794,,635.736,285.69196,45.6894,
Kepler-1127 b,Kepler-1127,1,Transit,2016,5.123303,0.0556,1.96,4.5,994,0,5664,0.95,0.97,,842.459,293.21736,42.72058,
Kepler-1128 b,Kepler-1128,1,Transit,2016,61.617817,0.302,3.65,12.9,424,0,5543,0.91,0.94,,1083.41,293.06331,39.40341,
Kepler-1129 b,Kepler-1129,2,Transit,2016,24.33978,0.16481,2.96,9.06,737,0,5831,1,1,,1183.88,291.6045,41.30933,
Kepler-1129 c,Kepler-1129,2,Transit,2016,76.536959,0.35367,2.73,7.9,503,0,5831,1,1,,1183.88,291.6045,41.30933,
Kepler-113 b,Kepler-113,2,Transit,2014,4.754,0.05123,1.82,11.7,775,0,4725,0.69,0.75,,262.351,287.99787,50.94418,
Kepler-113 c,Kepler-113,2,Transit,2014,8.92507,0.07796,2.18,8.7,628,0,4725,0.69,0.75,,262.351,287.99787,50.94418,
Kepler-1130 c,Kepler-1130,3,Transit,2021,3.26664,0.04238,0.792,0.422,1072,0,5450,0.842,0.944,,249.343,285.20742,45.38433,
Kepler-1130 d,Kepler-1130,3,Transit,2021,4.27225,0.05068,0.645,0.202,981,0,5450,0.842,0.944,,249.343,285.20742,45.38433,
Kepler-1130 b,Kepler-1130,3,Transit,2016,5.452982,0.05963,0.8,0.437,904,0,5403,0.81,0.9,,249.343,285.20742,45.38433,
Kepler-1131 b,Kepler-1131,1,Transit,2016,3.532324,0.0459,1.59,3.15,1159,0,5851,1.04,1.03,,1030.7,295.65145,49.2613,
Kepler-1132 b,Kepler-1132,1,Transit,2016,62.891623,0.2881,2.35,6.12,384,0,5298,0.83,0.87,,867.931,286.36752,48.42389,
Kepler-1133 b,Kepler-1133,1,Transit,2016,11.555623,0.0983,1.97,4.54,703,0,5569,0.9,0.93,,753.135,293.32241,42.86749,
Kepler-1134 b,Kepler-1134,1,Transit,2016,17.13264,0.1242,2.64,7.46,611,0,5281,0.81,0.84,,944.445,295.56786,42.47811,
Kepler-1135 b,Kepler-1135,1,Transit,2016,76.957857,0.3436,1.85,4.08,451,0,5656,0.94,0.96,,1314.64,286.00299,44.75656,
Kepler-1136 b,Kepler-1136,1,Transit,2016,2.361724,0.0299,1.64,3.33,922,0,4512,0.68,0.72,,491.406,284.10784,44.2458,
Kepler-1137 b,Kepler-1137,1,Transit,2016,23.921079,0.1871,2.2,5.48,1020,0,6807,1.84,1.5,,921.778,287.13024,48.66535,
Kepler-1138 b,Kepler-1138,1,Transit,2016,3.1706,0.0415,1.7,3.53,1080,0,5582,0.92,0.95,,872.328,285.89932,48.30729,
Kepler-1139 b,Kepler-1139,1,Transit,2016,0.813167,0.01664,1.19,1.81,1693,0,5550,0.91,0.94,,495.156,287.9456,39.23053,
Kepler-114 b,Kepler-114,3,Transit,2014,5.188549,0.053,1.26,1.09,586,0,4605,0.667,0.77,M0 V,259.533,294.12148,48.3498,
Kepler-114 c,Kepler-114,3,Transit,2013,8.041,0.06482,1.6,2.8,507,0,4660,0.54,0.56,M0 V,259.533,294.12148,48.3498,
Kepler-114 d,Kepler-114,3,Transit,2013,11.776,0.08358,2.53,3.9,446,0,4660,0.54,0.56,M0 V,259.533,294.12148,48.3498,
Kepler-1140 b,Kepler-1140,1,Transit,2016,24.086271,0.1478,2.77,8.1,500,0,4850,0.73,0.76,,656.48,281.69405,46.94652,
Kepler-1141 b,Kepler-1141,1,Transit,2016,2.344512,0.03496,0.82,0.477,1471,0,5791,1.07,1.01,,393.642,290.54368,47.72591,
Kepler-1142 b,Kepler-1142,1,Transit,2016,18.302725,0.1343,1.47,2.76,902,0,5685,0.96,0.97,,1273.51,292.71448,44.08228,
Kepler-1143 b,Kepler-1143,2,Transit,2016,2.888905,0.0371,1.67,3.43,976,0,5053,0.77,0.81,,555.189,287.30277,39.28964,
Kepler-1143 c,Kepler-1143,2,Transit,2016,210.630591,0.6477,3.6,12.6,234,0,5053,0.77,0.81,,555.189,287.30277,39.28964,
Kepler-1144 b,Kepler-1144,1,Transit,2016,17.146473,0.1291,1.99,4.62,811,0,5753,0.96,0.98,,1140.57,290.04329,47.25789,
Kepler-1145 b,Kepler-1145,1,Transit,2016,3.970768,0.0443,1.4,2.54,958,0,5064,0.75,0.79,,691.961,295.30815,43.0444,
Kepler-1146 b,Kepler-1146,1,Transit,2016,2.352266,0.0325,1.23,2.04,1019,0,4692,0.7,0.74,,703.038,286.71671,47.42566,
Kepler-1147 b,Kepler-1147,1,Transit,2016,10.62785,0.0961,2.61,7.32,872,0,5941,1.14,1.09,,1657.36,292.54748,41.64292,
Kepler-1148 b,Kepler-1148,1,Transit,2016,1.104464,0.0188,1.69,3.5,1397,0,5054,0.77,0.81,,625.692,290.95361,45.71955,
Kepler-1149 b,Kepler-1149,1,Transit,2016,3.730899,0.0473,1.44,2.67,1128,0,5833,1.01,1.02,,1217.73,294.18918,45.15153,
Kepler-115 b,Kepler-115,2,Transit,2014,2.403679,0.036,1.09,1.32,1489,0,5979,1.205,1.042,,623.609,297.71193,45.26199,
Kepler-115 c,Kepler-115,2,Transit,2014,8.990889,0.087,2.6,7.27,960,0,5979,1.205,1.042,,623.609,297.71193,45.26199,
Kepler-1150 b,Kepler-1150,1,Transit,2016,2.787868,0.0382,1.02,1.04,1432,0,4754,0.72,0.76,,358.518,296.72446,49.53268,
Kepler-1151 b,Kepler-1151,1,Transit,2016,65.647842,0.3197,2.22,5.56,485,0,5470,0.85,0.88,,682.436,292.24778,47.87843,
Kepler-1152 b,Kepler-1152,1,Transit,2016,1.646802,0.0223,0.87,0.59,806,0,3964,0.53,0.55,,215.233,290.43415,44.10778,
Kepler-1153 b,Kepler-1153,1,Transit,2016,1.755835,0.0277,1.73,3.64,1343,0,5470,0.88,0.91,,1119.49,289.14718,45.86613,
Kepler-1154 b,Kepler-1154,2,Transit,2016,5.185614,0.0631,2.34,6.08,1314,0,6327,1.43,1.26,,1460.1,297.47712,39.87723,
Kepler-1154 c,Kepler-1154,2,Transit,2016,8.458083,0.0875,2.36,6.17,1117,0,6327,1.43,1.26,,1460.1,297.47712,39.87723,
Kepler-1155 b,Kepler-1155,1,Transit,2016,33.469743,0.2006,2.03,4.78,609,0,5842,1.03,1.03,,1128.72,288.82061,39.52287,
Kepler-1156 b,Kepler-1156,1,Transit,2016,11.895205,0.09704,1.32,2.3,787,0,5778,1,1,,691.331,288.92409,46.05759,
Kepler-1157 b,Kepler-1157,1,Transit,2016,4.457432,0.0448,1.09,1.32,732,0,4679,0.71,0.76,,342.144,283.12093,43.52557,
Kepler-1158 b,Kepler-1158,1,Transit,2016,13.539629,0.12643,2.34,6.08,1079,0,6203,1.95,1.41,,1484.25,292.2339,41.57518,
Kepler-1159 b,Kepler-1159,1,Transit,2016,22.708168,0.1603,2.37,6.21,677,0,6217,1.28,1.19,,1213.71,294.26632,45.20423,
Kepler-116 b,Kepler-116,2,Transit,2014,5.968734,0.069,3.42,11.6,1251,0,6142,1.454,1.198,,955.168,294.74206,43.53678,
Kepler-116 c,Kepler-116,2,Transit,2014,13.07163,0.116,2.3,5.9,964,0,6142,1.454,1.198,,955.168,294.74206,43.53678,
Kepler-1160 b,Kepler-1160,1,Transit,2016,7.97035,0.0755,2.14,5.22,839,0,5519,0.89,0.92,,1077.63,287.87939,43.36408,
Kepler-1161 b,Kepler-1161,1,Transit,2016,10.712525,0.0784,2.13,5.18,485,0,4253,0.57,0.59,,547.726,299.07706,45.44056,
Kepler-1162 b,Kepler-1162,2,Transit,2016,32.563707,0.19,2.21,5.52,490,0,5390,0.84,0.89,,940.211,283.29203,45.43398,
Kepler-1162 c,Kepler-1162,2,Transit,2023,59.284064,0.2832,1.81,3.93,401,0,5225,0.859,0.861,,940.211,283.29203,45.43398,
Kepler-1163 b,Kepler-1163,1,Transit,2016,6.117869,0.06868,1.03,1.08,1211,0,6302,1.35,1.22,,478.647,290.23586,50.03007,
Kepler-1164 b,Kepler-1164,1,Transit,2016,3.975998,0.04635,1.12,1.46,936,0,5183,0.79,0.85,,431.622,287.52964,38.89451,
Kepler-1165 b,Kepler-1165,2,Transit,2016,9.478522,0.0914,1.55,3.02,946,0,6080,1.18,1.13,,1575.2,286.97123,44.70827,
Kepler-1165 c,Kepler-1165,2,Transit,2021,29.9687,0.1969,3.361,11.2,644,0,6249,1.076,1.13,,1575.2,286.97123,44.70827,
Kepler-1166 b,Kepler-1166,1,Transit,2016,33.240688,0.1975,1.69,3.5,486,0,5446,0.86,0.9,,634.906,290.3485,50.90284,
Kepler-1167 b,Kepler-1167,1,Transit,2016,1.003934,0.0175,1.71,3.57,1419,0,4971,0.75,0.79,,820.905,298.30266,47.69397,
Kepler-1168 b,Kepler-1168,1,Transit,2016,55.822654,0.2663,2.5,6.8,379,0,5157,0.82,0.87,,752.666,287.29778,47.45549,
Kepler-1169 b,Kepler-1169,1,Transit,2016,6.110091,0.06931,0.94,0.779,1125,0,6191,1.23,1.24,,522.823,294.91159,46.49147,
Kepler-117 b,Kepler-117,2,Transit,2014,18.795923,0.1445,8.059,29.875,984,0.0493,6150,1.606,1.129,F8 V,1455.57,288.79307,48.04018,
Kepler-117 c,Kepler-117,2,Transit,2014,50.790391,0.2804,12.341,584.78,704,0.0323,6150,1.606,1.129,F8 V,1455.57,288.79307,48.04018,
Kepler-1170 b,Kepler-1170,1,Transit,2016,9.989693,0.088,2.41,6.39,705,0,5069,0.76,0.8,,1050.45,292.16854,43.7796,
Kepler-1171 b,Kepler-1171,1,Transit,2016,1.442592,0.0284,2.56,7.08,2700,0,7044,1.95,1.58,,573,294.95893,38.5916,
Kepler-1172 b,Kepler-1172,1,Transit,2016,26.020442,0.168,3.2,10.3,675,0,5558,0.89,0.92,,1306.53,290.47449,37.76655,
Kepler-1173 b,Kepler-1173,1,Transit,2016,0.769854,0.0156,0.89,0.64,1650,0,5252,0.82,0.86,,377.06,293.13118,45.66342,
Kepler-1174 b,Kepler-1174,1,Transit,2016,6.892252,0.0732,1.59,3.15,1156,0,5936,1.04,1.04,,1408.75,281.83143,42.29889,
Kepler-1175 b,Kepler-1175,1,Transit,2016,37.94563,0.2181,2.99,9.22,515,0,5453,0.86,0.9,,1121.89,289.14268,46.81297,
Kepler-1176 b,Kepler-1176,1,Transit,2016,24.173858,0.1589,2.45,6.57,595,0,5844,1.02,1.01,,864.699,297.91972,45.2742,
Kepler-1177 b,Kepler-1177,1,Transit,2016,106.247547,0.4301,1.9,4.27,377,0,5712,0.97,0.98,,1299.97,286.67148,49.4063,
Kepler-1178 b,Kepler-1178,1,Transit,2016,31.80634,0.1596,1.07,1.24,378,0,4990,0.75,0.8,,482.287,288.45612,45.80223,
Kepler-1179 b,Kepler-1179,1,Transit,2016,2.685057,0.03497,1.32,2.3,1137,0,5212,0.81,0.84,,415.205,284.09743,47.81049,
Kepler-118 b,Kepler-118,2,Transit,2014,7.518496,0.073,1.96,4.5,784,0,5274,1.094,0.811,,574.228,299.21319,41.42482,
Kepler-118 c,Kepler-118,2,Transit,2014,20.17202,0.141,7.68,45.7,564,0,5274,1.094,0.811,,574.228,299.21319,41.42482,
Kepler-1180 b,Kepler-1180,1,Transit,2016,16.860129,0.1246,1.99,4.62,765,0,6077,1.14,1.09,,1596.8,295.88748,43.156,
Kepler-1181 b,Kepler-1181,2,Transit,2016,4.893375,0.0621,1.57,3.09,1374,0,6176,1.3,1.17,,938.417,289.74732,39.52341,
Kepler-1181 c,Kepler-1181,2,Transit,2023,8.934849,0.0928,1.83,4.01,1124,0,6688,1.347,1.336,,938.417,289.74732,39.52341,
Kepler-1182 b,Kepler-1182,1,Transit,2016,11.173946,0.0981,2.41,6.39,796,0,5924,1.05,1.04,,1545.39,296.30799,43.82137,
Kepler-1183 b,Kepler-1183,1,Transit,2016,28.505719,0.1793,2.82,8.35,555,0,5765,0.99,1,,1919.19,292.23242,38.89219,
Kepler-1184 b,Kepler-1184,1,Transit,2016,53.599104,0.2863,2.68,7.65,529,0,5983,1.07,1.05,,1157.84,291.28203,46.96595,
Kepler-1185 b,Kepler-1185,1,Transit,2016,104.351898,0.4297,1.33,2.33,355,0,5622,0.87,0.96,,459.273,287.24118,39.3327,
Kepler-1186 b,Kepler-1186,1,Transit,2016,16.076776,0.1281,2.23,5.6,724,0,5635,0.93,0.95,,1337.25,288.47963,47.10174,
Kepler-1187 b,Kepler-1187,1,Transit,2016,18.870641,0.1401,2.61,7.32,701,0,5975,1.09,1.06,,1020.53,286.892,38.3185,
Kepler-1188 b,Kepler-1188,1,Transit,2016,17.136954,0.135,2.08,4.98,775,0,5913,1.06,1.04,,1717.48,283.10384,43.14805,
Kepler-1189 b,Kepler-1189,1,Transit,2016,3.78859,0.0467,1.77,3.78,1158,0,6012,1.16,1.11,,782.852,298.42641,47.94682,
Kepler-119 b,Kepler-119,2,Transit,2014,2.422082,0.035,3.6,12.6,1213,0,5595,0.839,0.918,,701.996,295.94639,42.65883,
Kepler-119 c,Kepler-119,2,Transit,2014,4.125103,0.049,0.92,0.721,1016,0,5595,0.839,0.918,,701.996,295.94639,42.65883,
Kepler-1190 b,Kepler-1190,1,Transit,2016,10.458434,0.0845,1.33,2.33,609,0,4730,0.72,0.76,,342.509,284.99966,49.47995,
Kepler-1191 b,Kepler-1191,1,Transit,2016,5.600149,0.0587,1.51,2.89,952,0,5308,0.81,0.85,,955.536,291.65779,48.00926,
Kepler-1192 b,Kepler-1192,1,Transit,2016,25.203479,0.1693,2.36,6.17,600,0,5438,0.83,0.86,,1304.19,282.14056,43.89649,
Kepler-1193 b,Kepler-1193,1,Transit,2016,2.832652,0.04004,1.32,2.3,1453,0,5908,1.21,1.08,,802.116,288.14473,51.27564,
Kepler-1194 b,Kepler-1194,1,Transit,2016,16.223713,0.1212,1.51,2.89,676,0,5590,0.92,0.94,,757.382,291.69948,38.14521,
Kepler-1195 b,Kepler-1195,1,Transit,2016,8.496422,0.0726,2.08,4.98,702,0,4965,0.71,0.74,,918.566,284.35105,40.85293,
Kepler-1196 b,Kepler-1196,1,Transit,2016,66.184903,0.3179,2.23,5.6,436,0,5756,0.97,0.98,,922.333,292.36958,43.91087,
Kepler-1197 b,Kepler-1197,1,Transit,2016,2.032318,0.02869,1.25,2.1,1011,0,4708,0.72,0.78,,486.94,291.66934,42.59074,
Kepler-1198 b,Kepler-1198,1,Transit,2016,7.684772,0.0732,1.47,2.76,830,0,5517,0.9,0.93,,743.03,288.83397,44.8382,
Kepler-1199 b,Kepler-1199,1,Transit,2016,15.04472,0.11309,1.15,1.6,931,0,5889,1.17,0.94,,563.493,293.72581,47.24692,
Kepler-12 b,Kepler-12,1,Transit,2011,4.437963,0.0553,19.661,137.303,1480,0,5947,1.483,1.166,,881.386,286.24345,50.04037,
Kepler-120 b,Kepler-120,2,Transit,2014,6.312501,0.055,2.15,8.5,575,0,4096,0.534,0.654,M0 V,388.63,287.89157,39.3391,
Kepler-120 c,Kepler-120,2,Transit,2014,12.794585,0.088,1.53,2.96,455,0,4096,0.534,0.654,M0 V,388.63,287.89157,39.3391,
Kepler-1200 b,Kepler-1200,1,Transit,2016,1.11855,0.0188,1.06,1.2,1174,0,4612,0.7,0.74,,588.715,296.60343,44.12925,
Kepler-1201 b,Kepler-1201,1,Transit,2016,15.187259,0.1183,2.29,5.86,789,0,6177,1.24,1.15,,944.241,294.61479,40.83312,
Kepler-1202 b,Kepler-1202,1,Transit,2016,28.685132,0.179,2.94,8.96,547,0,5834,1.04,1.03,,1175.38,292.29061,44.65323,
Kepler-1203 b,Kepler-1203,1,Transit,2016,0.588001,0.0114,1.06,1.2,1188,0,4105,0.61,0.64,,317.022,292.77345,44.17809,
Kepler-1204 b,Kepler-1204,1,Transit,2016,85.735028,0.3877,3.05,9.53,448,0,5825,1.03,1.03,,1175.22,289.44152,42.49815,
Kepler-1205 b,Kepler-1205,1,Transit,2016,1.07839,0.0196,1.41,2.57,1667,0,5226,0.81,0.84,,698.485,290.27967,41.51505,
Kepler-1206 b,Kepler-1206,1,Transit,2016,1.216998,0.0201,1.64,3.33,1314,0,4877,0.75,0.8,,762.019,295.93837,49.79113,
Kepler-1207 b,Kepler-1207,1,Transit,2016,13.682371,0.1156,1.62,3.26,802,0,5909,1.06,1.06,,1754.19,295.0642,49.35896,
Kepler-1208 b,Kepler-1208,1,Transit,2016,11.085076,0.0901,2.32,5.99,665,0,5001,0.76,0.8,,825.176,291.88124,44.55576,
Kepler-1209 b,Kepler-1209,1,Transit,2016,25.369116,0.17515,1.51,2.89,755,0,6210,1.38,1.23,,505.531,287.58494,49.15473,
Kepler-121 b,Kepler-121,2,Transit,2014,3.177422,0.039,2.34,6.08,997,0,5311,0.701,0.859,,510.523,286.16213,39.67802,
Kepler-121 c,Kepler-121,2,Transit,2014,41.008011,0.216,2.27,5.77,425,0,5311,0.701,0.859,,510.523,286.16213,39.67802,
Kepler-1210 b,Kepler-1210,1,Transit,2016,8.071241,0.0753,1.7,3.53,856,0,5568,0.92,0.94,,1176.53,292.83216,48.21934,
Kepler-1211 b,Kepler-1211,1,Transit,2016,11.018168,0.09763,2.55,7.04,840,0,5705,0.94,0.96,,1826.53,285.72076,40.85691,
Kepler-1212 b,Kepler-1212,1,Transit,2016,12.941301,0.1082,2.14,5.22,795,0,6051,1.15,1.1,,1316.57,296.85341,50.03732,
Kepler-1213 b,Kepler-1213,1,Transit,2016,5.349824,0.06026,1.19,1.81,1156,0,6050,1.21,1.14,,807.812,289.48584,50.9442,
Kepler-1214 b,Kepler-1214,1,Transit,2016,18.826343,0.128,2.36,6.17,591,0,5130,0.8,0.85,,729.227,285.14271,49.80066,
Kepler-1215 b,Kepler-1215,1,Transit,2016,4.76704,0.0528,1.22,1.98,1046,0,5616,0.93,0.95,,661.022,297.46365,48.1814,
Kepler-1216 b,Kepler-1216,1,Transit,2016,4.370345,0.0519,1.39,2.51,1191,0,5743,0.98,0.99,,1258.36,287.40527,45.91798,
Kepler-1217 b,Kepler-1217,1,Transit,2016,2.032325,0.0326,1.99,4.62,1542,0,5905,1.08,1.06,,1347.71,289.18668,50.93756,
Kepler-1218 b,Kepler-1218,1,Transit,2016,22.922127,0.15698,1.44,2.67,684,0,5986,1.1,1.06,,840.503,291.57885,44.53168,
Kepler-1219 b,Kepler-1219,1,Transit,2016,16.104677,0.14146,2.12,5.14,1159,0,5944,1.94,1.25,,880.895,297.21584,47.37851,
Kepler-122 b,Kepler-122,5,Transit,2014,5.766193,0.064,2.34,6.08,1159,0,6050,1.216,0.982,,1027.45,291.11186,39.94902,
Kepler-122 c,Kepler-122,5,Transit,2014,12.465988,0.108,5.87,29,897,0,6050,1.216,0.982,,1027.45,291.11186,39.94902,
Kepler-122 d,Kepler-122,5,Transit,2014,21.587475,0.155,2.2,5.48,747,0,6050,1.216,0.982,,1027.45,291.11186,39.94902,
Kepler-122 e,Kepler-122,5,Transit,2014,37.993273,0.227,2.6,27.7,618,0,6050,1.216,0.982,,1027.45,291.11186,39.94902,
Kepler-122 f,Kepler-122,5,Transit Timing Variations,2014,56.268,0.28575,1.75,36,543,0,5917,0.949,1.03,,1027.45,291.11186,39.94902,
Kepler-1220 b,Kepler-1220,1,Transit,2016,7.426937,0.0734,1.52,2.92,899,0,5842,0.99,1,,961.907,297.0704,42.97774,
Kepler-1221 b,Kepler-1221,1,Transit,2016,12.00096,0.0906,1.88,4.19,632,0,5194,0.82,0.87,,913.65,285.82236,45.71184,
Kepler-1222 b,Kepler-1222,1,Transit,2016,1.916944,0.02801,0.79,0.418,1246,0,5239,0.8,0.84,,415.218,294.88962,49.37982,
Kepler-1223 b,Kepler-1223,1,Transit,2016,16.301259,0.1186,1.22,1.98,557,0,4870,0.75,0.8,,459.957,285.29565,44.55275,
Kepler-1224 b,Kepler-1224,1,Transit,2016,13.323516,0.11625,1.33,2.33,872,0,6155,1.22,1.18,,559.598,286.62576,37.53731,
Kepler-1225 b,Kepler-1225,1,Transit,2016,7.010754,0.0771,1.82,3.97,1453,0,6140,1.19,1.13,,1347.52,290.63327,40.13697,
Kepler-1226 b,Kepler-1226,1,Transit,2016,17.292345,0.13945,1.45,2.7,809,0,5923,1.02,1.02,,1125.72,296.37685,50.62146,
Kepler-1227 b,Kepler-1227,1,Transit,2016,94.288758,0.38555,2.29,5.86,369,0,5747,0.95,0.97,,623.706,287.06641,41.87497,
Kepler-1228 b,Kepler-1228,1,Transit,2016,0.57737,0.01186,1.54,2.99,1757,0,5063,0.74,0.78,,515.453,296.55276,46.96619,
Kepler-1229 b,Kepler-1229,1,Transit,2016,86.828989,0.3006,1.4,2.54,212,0,3784,0.51,0.54,,265.482,297.48683,46.99668,
Kepler-123 b,Kepler-123,2,Transit,2014,17.232366,0.135,2.94,55.3,817,0,6089,1.264,1.079,,1021.66,296.99859,42.78196,
Kepler-123 c,Kepler-123,2,Transit,2014,26.695074,0.181,1.48,2.79,706,0,6089,1.264,1.079,,1021.66,296.99859,42.78196,
Kepler-1230 b,Kepler-1230,1,Transit,2016,9.956615,0.0921,2.71,7.8,946,0,5961,1.08,1.06,,1364.22,283.26451,41.71145,
Kepler-1231 b,Kepler-1231,1,Transit,2016,10.417252,0.0914,1.42,2.6,870,0,5778,1,1.01,,987.237,288.58829,42.60566,
Kepler-1232 b,Kepler-1232,1,Transit,2016,26.783918,0.16545,1.93,4.38,523,0,5471,0.89,0.92,,632.865,296.5501,49.10231,
Kepler-1233 b,Kepler-1233,1,Transit,2016,45.126304,0.263,2.6,7.27,604,0,6198,1.25,1.16,,1178.7,297.3751,46.66222,
Kepler-1234 b,Kepler-1234,1,Transit,2016,11.94014,0.096,2.81,8.3,625,0,4967,0.76,0.8,,916.749,287.52204,51.37595,
Kepler-1235 b,Kepler-1235,1,Transit,2016,4.160559,0.04836,0.79,0.418,985,0,5541,0.9,0.93,,540.604,284.90307,43.95406,
Kepler-1236 b,Kepler-1236,1,Transit,2016,31.057162,0.1803,2.14,5.22,480,0,5337,0.82,0.86,,999.64,295.62474,42.54587,
Kepler-1237 b,Kepler-1237,1,Transit,2016,84.573323,0.3778,2.86,8.55,366,0,5472,0.9,0.94,,1064.31,295.62927,44.69058,
Kepler-1238 b,Kepler-1238,1,Transit,2016,4.147876,0.0541,1.93,4.38,1389,0,6386,1.48,1.3,,1632.13,297.90577,40.16284,
Kepler-1239 b,Kepler-1239,1,Transit,2016,5.19104,0.0625,2.9,8.75,1183,0,6564,1.57,1.4,,2140.6,293.12734,42.32006,
Kepler-124 b,Kepler-124,3,Transit,2014,3.410493,0.039,0.73,0.315,892,0,4984,0.636,0.706,,420.046,286.75273,49.06488,
Kepler-124 c,Kepler-124,3,Transit,2014,13.821375,0.1,1.75,3.71,560,0,4984,0.636,0.706,,420.046,286.75273,49.06488,
Kepler-124 d,Kepler-124,3,Transit,2014,30.950851,0.17,1.11,1.41,428,0,4984,0.636,0.706,,420.046,286.75273,49.06488,
Kepler-1240 b,Kepler-1240,1,Transit,2016,4.866382,0.05791,1.15,1.6,1121,0,5682,0.96,0.98,,862.186,282.99977,40.55743,
Kepler-1241 b,Kepler-1241,1,Transit,2016,18.55257,0.1336,2.63,7.41,612,0,5261,0.8,0.84,,968.722,294.5762,38.45696,
Kepler-1242 b,Kepler-1242,1,Transit,2016,13.627984,0.1039,2.26,5.73,639,0,4895,0.74,0.77,,687.615,284.60622,41.19634,
Kepler-1243 b,Kepler-1243,1,Transit,2016,16.832073,0.1256,1.75,3.71,690,0,5667,0.94,0.96,,758.17,294.0094,42.88078,
Kepler-1244 b,Kepler-1244,1,Transit,2016,3.704282,0.0502,1.35,2.39,1839,0,6680,1.77,1.46,,1075.81,282.30125,46.51618,
Kepler-1245 c,Kepler-1245,2,Transit,2016,2.936585,0.0372,1.44,2.67,1190,0,5306,0.83,0.86,,805.936,290.74431,43.26075,
Kepler-1245 b,Kepler-1245,2,Transit,2016,4.354093,0.0484,1.44,2.67,1043,0,5306,0.83,0.86,,805.936,290.74431,43.26075,
Kepler-1246 b,Kepler-1246,1,Transit,2016,11.322715,0.0848,1.36,2.42,554,0,4611,0.69,0.73,,436.505,287.65723,48.98221,
Kepler-1247 b,Kepler-1247,1,Transit,2016,13.712202,0.1091,2.33,6.04,676,0,5303,0.82,0.86,,1045.92,294.5336,46.61824,
Kepler-1248 b,Kepler-1248,1,Transit,2016,7.467254,0.0806,1.18,1.76,1035,0,6149,1.21,1.21,,593.026,288.05922,51.35446,
Kepler-1249 b,Kepler-1249,1,Transit,2016,24.334713,0.167,2.38,6.26,647,0,6202,1.28,1.19,,1904.54,296.89485,44.37174,
Kepler-125 b,Kepler-125,2,Transit,2014,4.164389,0.041,2.37,6.21,590,0,3810,0.512,0.5421,M1 V,183.365,298.25811,47.605,
Kepler-125 c,Kepler-125,2,Transit,2014,5.774464,0.051,0.74,0.33,529,0,3810,0.512,0.5421,M1 V,183.365,298.25811,47.605,
Kepler-1250 b,Kepler-1250,1,Transit,2016,2.607544,0.0393,1.92,4.35,1431,0,5717,0.98,0.99,,2126.85,287.79382,45.98025,
Kepler-1251 b,Kepler-1251,1,Transit,2016,45.090464,0.2478,1.84,4.04,487,0,5545,0.89,0.92,,902.204,292.11511,49.25638,
Kepler-1252 b,Kepler-1252,1,Transit,2016,15.054033,0.1078,1.67,3.43,665,0,5949,1.09,1.06,,648.979,298.95036,46.69284,
Kepler-1253 b,Kepler-1253,1,Transit,2016,68.886191,0.31444,1.33,2.33,501,0,5850,1.1,0.97,,514.524,283.88522,47.63715,
Kepler-1254 c,Kepler-1254,3,Transit,2016,3.600843,0.0422,1.3,2.24,927,0,4985,0.75,0.78,,622.818,285.17332,48.77001,
Kepler-1254 d,Kepler-1254,3,Transit,2016,5.727172,0.0575,1.31,2.27,794,0,4985,0.75,0.78,,622.818,285.17332,48.77001,
Kepler-1254 b,Kepler-1254,3,Transit,2016,9.991133,0.0833,1.55,3.02,660,0,4985,0.75,0.78,,622.818,285.17332,48.77001,
Kepler-1255 b,Kepler-1255,1,Transit,2016,36.291934,0.2226,2.32,5.99,694,0,6018,1.12,1.08,,1617.07,295.23926,42.72648,
Kepler-1256 b,Kepler-1256,1,Transit,2016,12.412775,0.10733,1.49,2.83,933,0,6129,1.36,1.17,,891.192,291.47424,44.68341,
Kepler-1257 b,Kepler-1257,1,Transit,2016,2.668314,0.0376,1.52,2.92,1252,0,5502,0.87,0.9,,1105.95,296.07562,45.62702,
Kepler-1258 b,Kepler-1258,1,Transit,2016,0.98494,0.01824,0.86,0.566,2335,0,5839,0.99,0.99,,717.555,285.40497,49.99482,
Kepler-1259 b,Kepler-1259,1,Transit,2016,0.663085,0.0141,1.43,2.63,1681,0,5053,0.77,0.8,,805.562,297.84146,46.96763,
Kepler-126 b,Kepler-126,3,Transit,2014,10.495711,0.099,1.52,4.117,1009,0.07,6239,1.358,1.108,,237.401,289.34736,44.20844,
Kepler-126 c,Kepler-126,3,Transit,2014,21.869741,0.162,1.58,1.279,790,0.19,6239,1.358,1.108,,237.401,289.34736,44.20844,
Kepler-126 d,Kepler-126,3,Transit,2014,100.283134,0.448,2.5,54.59,475,0.02,6239,1.358,1.108,,237.401,289.34736,44.20844,
Kepler-1260 b,Kepler-1260,1,Transit,2016,19.118775,0.1444,1.77,3.78,823,0,5961,1.08,1.06,,1734.43,295.59127,42.55523,
Kepler-1261 b,Kepler-1261,1,Transit,2016,48.430899,0.239,2.26,5.73,396,0,5006,0.77,0.82,,744.294,285.23248,48.8067,
Kepler-1262 b,Kepler-1262,1,Transit,2016,8.679002,0.083,1.82,3.97,949,0,5771,0.98,0.99,,1054.87,288.77183,42.21317,
Kepler-1263 b,Kepler-1263,1,Transit,2016,4.5514,0.0499,1.14,1.55,907,0,5213,0.8,0.84,,664.83,286.48363,46.75262,
Kepler-1264 b,Kepler-1264,1,Transit,2016,0.968526,0.01839,1.18,1.76,1677,0,5791,0.98,0.99,,801.993,289.88441,45.21151,
Kepler-1265 b,Kepler-1265,1,Transit,2016,6.494413,0.0612,1.35,2.39,732,0,4630,0.69,0.71,,583.641,284.58584,47.07956,
Kepler-1266 c,Kepler-1266,2,Transit,2021,4.86631,0.0506,1.68,3.46,881,0,4996,0.831,0.791,,849.312,285.86933,42.728,
Kepler-1266 b,Kepler-1266,2,Transit,2016,28.474748,0.16431,2.58,7.18,489,0,5044,0.76,0.8,,849.312,285.86933,42.728,
Kepler-1267 b,Kepler-1267,1,Transit,2016,13.031394,0.1057,3.01,9.32,774,0,6096,1.2,1.15,,1379.43,299.16951,43.44105,
Kepler-1268 b,Kepler-1268,1,Transit,2016,40.990399,0.2383,2.03,4.78,627,0,5904,1.09,1.06,,1840.77,287.83842,43.15318,
Kepler-1269 b,Kepler-1269,1,Transit,2016,37.333154,0.23611,1.63,3.29,657,0,5998,1.15,1.1,,1097.23,287.80554,45.34054,
Kepler-127 b,Kepler-127,3,Transit,2014,14.435889,0.125,1.4,2.54,884,0.47,6106,1.359,1.248,,352.794,285.18994,46.02806,
Kepler-127 c,Kepler-127,3,Transit,2014,29.393195,0.2,2.66,7.56,698,0.03,6106,1.359,1.248,,352.794,285.18994,46.02806,
Kepler-127 d,Kepler-127,3,Transit,2014,48.630408,0.28,2.64,7.46,590,0.03,6106,1.359,1.248,,352.794,285.18994,46.02806,
Kepler-1270 b,Kepler-1270,1,Transit,2016,6.033562,0.07045,3.32,11,1598,0,5047,3.38,1.28,,1095.05,286.71567,48.64526,
Kepler-1271 b,Kepler-1271,1,Transit,2016,3.025596,0.04233,1.48,2.79,1484,0,6143,1.23,1.13,,831.991,286.3443,37.41193,
Kepler-1272 b,Kepler-1272,1,Transit,2016,51.13097,0.2705,2.37,6.21,542,0,5926,1.09,1.06,,1206.37,285.21976,38.80584,
Kepler-1273 b,Kepler-1273,1,Transit,2016,28.625653,0.1857,2.49,6.76,573,0,5566,0.91,0.94,,1114.24,285.8032,44.8734,
Kepler-1274 b,Kepler-1274,1,Transit,2016,6.981527,0.08161,1.42,2.6,1384,0,6179,2.17,1.45,,614.648,284.59369,46.44974,
Kepler-1275 b,Kepler-1275,1,Transit,2016,3.656911,0.0488,1.48,2.79,1368,0,6296,1.36,1.23,,1153.98,293.5005,44.93245,
Kepler-1276 b,Kepler-1276,1,Transit,2016,12.57201,0.10863,1.19,1.81,886,0,6188,1.21,1.14,,538.481,287.85702,40.54719,
Kepler-1277 b,Kepler-1277,1,Transit,2016,40.836501,0.21857,1.6,3.19,496,0,5578,0.92,0.94,,557.193,295.10252,40.57237,
Kepler-1278 b,Kepler-1278,1,Transit,2016,3.239413,0.04417,1.01,1.01,1213,0,6074,1.16,1.11,,889.426,282.95692,42.82556,
Kepler-1279 b,Kepler-1279,1,Transit,2016,23.47741,0.1785,1.75,3.71,738,0,6221,1.33,1.21,,1494.22,288.09559,40.36591,
Kepler-128 b,Kepler-128,2,Transit,2013,15,0.12545,1.421,3.79,968,0,6072,1.659,1.184,,396.379,282.49226,43.98024,
Kepler-128 c,Kepler-128,2,Transit,2013,22.8,0.16517,1.521,3.38,843,0.037,6072,1.659,1.184,,396.379,282.49226,43.98024,
Kepler-1280 b,Kepler-1280,1,Transit,2016,66.557906,0.33982,1.87,4.16,757,0,6227,1.32,1.2,,1486.7,293.57389,45.38449,
Kepler-1281 b,Kepler-1281,1,Transit,2016,3.116028,0.0415,1.64,3.33,1123,0,5353,0.83,0.87,,1090,295.35436,48.51539,
Kepler-1282 b,Kepler-1282,1,Transit,2016,2.131947,0.0335,1.55,3.02,1418,0,5504,0.89,0.92,,1103.29,290.17617,46.6983,
Kepler-1283 b,Kepler-1283,1,Transit,2016,12.946098,0.1062,1.91,4.31,764,0,6175,1.25,1.16,,2921.99,295.46233,40.77693,
Kepler-1284 b,Kepler-1284,1,Transit,2016,0.664074,0.0143,1.21,1.92,1703,0,5123,0.79,0.84,,882.324,291.27895,47.68758,
Kepler-1285 b,Kepler-1285,1,Transit,2016,14.796746,0.12758,0.97,0.871,874,0,6170,1.28,1.2,,422.269,281.83534,44.15588,
Kepler-1286 b,Kepler-1286,1,Transit,2016,11.254029,0.0991,2.15,5.27,888,0,5753,0.98,1,,1354.46,280.25837,43.83574,
Kepler-1287 b,Kepler-1287,1,Transit,2016,11.476859,0.0976,1.54,2.99,796,0,5715,0.94,0.96,,1003.26,289.13463,47.06302,
Kepler-1288 b,Kepler-1288,1,Transit,2016,2.761224,0.04135,1.12,1.46,2017,0,6132,1.29,1.2,,814.078,285.7135,41.60588,
Kepler-1289 b,Kepler-1289,1,Transit,2016,7.990196,0.0785,1.52,2.92,1113,0,6080,1.17,1.1,,1053.57,296.38877,41.04051,
Kepler-129 b,Kepler-129,3,Transit,2014,15.79,0.13,2.4,20,910,0.01,5770,1.653,1.178,G4 V,408.845,285.31118,47.84848,
Kepler-129 c,Kepler-129,3,Transit,2014,82.2,0.39,2.52,43,525,0.2,5770,1.653,1.178,G4 V,408.845,285.31118,47.84848,
Kepler-129 d,Kepler-129,3,Radial Velocity,2021,2646,4,12.6,2637.976,178.9,0.15,5770,1.653,1.178,G4 V,408.845,285.31118,47.84848,
Kepler-1290 b,Kepler-1290,1,Transit,2016,4.695001,0.0557,1.42,2.6,1098,0,5660,0.93,0.95,,1593.7,290.68523,43.85962,
Kepler-1291 b,Kepler-1291,1,Transit,2016,8.630433,0.0779,1.66,3.39,739,0,5216,0.8,0.84,,897.352,289.37701,40.00108,
Kepler-1292 b,Kepler-1292,1,Transit,2016,3.276464,0.0443,1.82,3.97,1195,0,5556,0.93,0.95,,1493.43,284.90572,43.94914,
Kepler-1293 b,Kepler-1293,1,Transit,2016,5.576548,0.06763,0.97,0.871,1183,0,6241,1.28,1.18,,1028.16,290.02588,48.33592,
Kepler-1294 b,Kepler-1294,1,Transit,2016,115.686226,0.4684,3.19,10.3,401,0,5776,0.97,0.99,,1855.7,291.2681,44.48816,
Kepler-1295 b,Kepler-1295,1,Transit,2016,3.81372,0.0464,1.55,3.02,1029,0,5486,0.89,0.92,,1174.46,291.39785,45.58855,
Kepler-1296 b,Kepler-1296,1,Transit,2016,8.383987,0.0896,0.91,0.693,1285,0,5359,0.83,0.87,,1551.54,292.1251,41.40779,
Kepler-1297 b,Kepler-1297,1,Transit,2016,1.68189,0.0283,0.97,0.871,1790,0,5818,0.99,0.99,,1439.47,289.95644,47.02035,
Kepler-1298 b,Kepler-1298,1,Transit,2016,7.128119,0.0814,1.31,2.27,1373,0,6339,2,1.45,,544.163,284.42275,49.10619,
Kepler-1299 b,Kepler-1299,1,Transit,2016,19.940087,0.1357,2.98,9.17,588,0,5609,0.91,0.94,,1404.94,286.15013,37.41134,
Kepler-130 b,Kepler-130,3,Transit,2014,8.457458,0.079,1.02,1.04,982,0.15,5884,1.127,0.927,,316.663,288.45059,40.2452,
Kepler-130 c,Kepler-130,3,Transit,2014,27.50868,0.178,2.9,8.75,683,0,5879,1.17,1,,316.663,288.45059,40.2452,
Kepler-130 d,Kepler-130,3,Transit,2014,87.517905,0.377,1.64,3.33,451,0.8,5884,1.127,0.927,,316.663,288.45059,40.2452,
Kepler-1300 b,Kepler-1300,1,Transit,2016,22.241909,0.16005,1.37,2.45,954,0,6130,1.79,1.29,,777.025,289.03305,40.08692,
Kepler-1301 b,Kepler-1301,1,Transit,2016,9.08237,0.0815,1.4,2.54,734,0,5188,0.81,0.85,,854.28,286.60418,42.44033,
Kepler-1302 b,Kepler-1302,1,Transit,2016,8.839227,0.0795,1.43,2.63,778,0,5236,0.82,0.86,,634.58,290.98925,50.30806,
Kepler-1303 b,Kepler-1303,1,Transit,2016,7.561272,0.0751,1.42,2.6,891,0,5771,1,1.01,,897.783,284.28715,42.35558,
Kepler-1304 b,Kepler-1304,1,Transit,2016,16.128885,0.1202,2.29,5.86,715,0,5259,0.81,0.85,,2176.08,285.27637,39.44683,
Kepler-1305 b,Kepler-1305,1,Transit,2016,13.563097,0.1109,1.88,4.19,733,0,5701,0.96,0.97,,1575.23,297.33946,46.34722,
Kepler-1306 b,Kepler-1306,1,Transit,2016,16.295954,0.123,1.91,4.31,678,0,5727,0.97,0.98,,1107.5,294.47836,46.94586,
Kepler-1307 b,Kepler-1307,1,Transit,2016,18.016211,0.1369,2.47,6.66,768,0,5884,1.08,1.06,,1014.62,292.86983,46.74187,
Kepler-1308 b,Kepler-1308,1,Transit,2016,2.104338,0.025,0.52,0.093,662,0,3468,0.34,0.35,,112.705,285.92875,38.52071,
Kepler-1309 b,Kepler-1309,1,Transit,2016,28.843265,0.1679,2.37,6.21,491,0,5235,0.8,0.85,,845,298.73511,40.76413,
Kepler-131 b,Kepler-131,2,Transit,2014,16.092,0.12789,2.41,16.13,718,0,5685,1.03,1.02,,228.678,288.53089,40.94237,
Kepler-131 c,Kepler-131,2,Transit,2014,25.5169,0.17391,0.84,8.25,615,0,5685,1.03,1.02,,228.678,288.53089,40.94237,
Kepler-1310 b,Kepler-1310,1,Transit,2016,0.679336,0.01452,1.44,2.67,1883,0,5549,0.88,0.91,,569.185,283.92002,40.74004,
Kepler-1311 c,Kepler-1311,3,Transit,2016,2.535734,0.03753,1.22,1.98,1671,0,5748,1.4,1.05,,866.331,289.65126,43.82444,
Kepler-1311 b,Kepler-1311,3,Transit,2016,11.172699,0.10082,1.24,2.07,1019,0,5748,1.4,1.05,,866.331,289.65126,43.82444,
Kepler-1311 d,Kepler-1311,3,Transit,2021,197.511002,0.68434,9.658,67.5,391,0,5616,1.674,1.032,,866.331,289.65126,43.82444,
Kepler-1312 c,Kepler-1312,2,Transit,2021,1.11612,0.02103,1.027,1.07,1659,0,5721,0.905,0.983,,299.104,292.97128,41.03575,
Kepler-1312 b,Kepler-1312,2,Transit,2016,5.448325,0.06053,2.1,5.06,978,0,5719,0.92,0.99,,299.104,292.97128,41.03575,
Kepler-1313 b,Kepler-1313,1,Transit,2016,3.833091,0.04619,1.76,3.75,1012,0,5453,0.85,0.92,,174.234,292.38858,42.23328,
Kepler-1314 b,Kepler-1314,1,Transit,2016,5.424749,0.0504,5.11,22.9,625,0,4188,0.59,0.6,,141.9869,294.23736,45.19683,
Kepler-1315 b,Kepler-1315,2,Transit,2016,0.84338,0.01617,1.38,2.48,1541,0,4861,0.75,0.8,,480.869,295.82157,46.05306,
Kepler-1315 c,Kepler-1315,2,Transit,2021,6.56606,0.0635,1.844,4.06,777,0,4818,0.856,0.809,,480.869,295.82157,46.05306,
Kepler-1316 b,Kepler-1316,1,Transit,2016,87.973214,0.39765,3.54,12.3,446,0,5884,1.12,1.04,,800.871,298.83583,40.29307,
Kepler-1317 b,Kepler-1317,1,Transit,2016,0.568874,0.0128,1.56,3.05,1796,0,5144,0.79,0.83,,728.303,291.61188,42.11598,
Kepler-1318 b,Kepler-1318,1,Transit,2016,213.257663,0.6085,3.11,9.85,202,0,4598,0.7,0.73,,475.248,290.37632,41.15079,
Kepler-1319 b,Kepler-1319,1,Transit,2016,2.886763,0.0296,1.34,2.36,557,0.33,3655,0.54,0.56,,103.917,290.95645,49.36679,
Kepler-132 b,Kepler-132,4,Transit,2014,6.178196,0.067,1.21,1.92,1082,0,6003,1.178,0.929,,349.549,283.23581,41.34304,
Kepler-132 c,Kepler-132,4,Transit,2014,6.414914,0.068,1.28,2.18,1069,0,6003,1.178,0.929,,349.549,283.23581,41.34304,
Kepler-132 d,Kepler-132,4,Transit,2014,18.010199,0.136,1.55,3.02,758,0,6003,1.178,0.929,,349.549,283.23581,41.34304,
Kepler-132 e,Kepler-132,4,Transit,2016,110.286937,0.43927,1.18,1.76,414,0,6023,1.1,1.03,,349.549,283.23581,41.34304,
Kepler-1320 b,Kepler-1320,1,Transit,2016,0.868387,0.0163,1.7,3.53,1389,0,4817,0.74,0.8,,647.424,288.4336,40.38085,
Kepler-1321 c,Kepler-1321,3,Transit,2016,2.226491,0.0267,2.4,6.35,697,0,4094,0.53,0.54,,769.146,294.5286,46.64087,
Kepler-1321 d,Kepler-1321,3,Transit,2021,5.72092,0.0501,2.628,7.41,509,0,3640,0.503,0.513,,769.146,294.5286,46.64087,
Kepler-1321 b,Kepler-1321,3,Transit,2016,11.128305,0.0781,4.92,21.5,408,0,4094,0.53,0.54,,769.146,294.5286,46.64087,
Kepler-1322 b,Kepler-1322,2,Transit,2016,0.962867,0.0183,1.61,3.22,1666,0,5488,0.87,0.9,,1350.32,293.2045,45.43539,
Kepler-1322 c,Kepler-1322,2,Transit,2021,6.45998,0.0652,2.155,5.29,883,0,5704,0.804,0.897,,1350.32,293.2045,45.43539,
Kepler-1323 b,Kepler-1323,1,Transit,2016,0.929907,0.01911,1.52,2.92,2291,0,6169,1.4,1.18,,465.417,292.87225,46.09873,
Kepler-1324 b,Kepler-1324,1,Transit,2016,4.115845,0.0466,1.51,2.89,895,0,4776,0.73,0.78,,481.667,291.18495,40.3112,
Kepler-1325 b,Kepler-1325,1,Transit,2016,33.878684,0.2004,2.86,8.55,564,0,5550,0.91,0.93,,973.368,285.01715,42.08531,
Kepler-1326 b,Kepler-1326,1,Transit,2016,42.351427,0.2743,4.18,16.3,938,0,6725,1.74,1.45,,698.326,296.2222,39.26894,
Kepler-1327 b,Kepler-1327,1,Transit,2016,14.888011,0.11151,1.8,3.89,831,0,5885,1.03,1.02,,678.069,289.06481,50.46092,
Kepler-1328 b,Kepler-1328,1,Transit,2016,4.521589,0.052,0.98,0.904,1214,0,5780,0.99,1,,813.543,284.67539,44.41772,
Kepler-1329 b,Kepler-1329,1,Transit,2016,9.336466,0.0747,2.17,5.35,577,0,4500,0.69,0.72,,588.037,281.64764,48.27095,
Kepler-133 b,Kepler-133,2,Transit,2014,8.129976,0.083,1.76,3.75,1041,0,5736,1.425,1.02,,653.6,297.27789,48.32035,
Kepler-133 c,Kepler-133,2,Transit,2014,31.517586,0.204,2.84,8.45,663,0,5736,1.425,1.02,,653.6,297.27789,48.32035,
Kepler-1330 b,Kepler-1330,1,Transit,2016,10.107691,0.0889,1.65,3.36,879,0,5608,0.94,0.97,,1720.48,290.57671,39.95689,
Kepler-1331 b,Kepler-1331,1,Transit,2016,0.789162,0.0142,1.05,1.16,1244,0,4508,0.69,0.72,,319.197,297.07379,41.22446,
Kepler-1332 b,Kepler-1332,1,Transit,2016,11.874568,0.09915,1.37,2.45,728,0,5581,0.9,0.95,,528.685,291.02864,43.91371,
Kepler-1333 b,Kepler-1333,1,Transit,2016,109.647184,0.4382,2.81,8.3,428,0,5628,0.92,0.94,,932.446,293.52758,41.11139,
Kepler-1334 b,Kepler-1334,1,Transit,2016,15.645917,0.1229,2.29,5.86,710,0,5614,0.91,0.94,,1223.04,289.31153,51.32091,
Kepler-1335 b,Kepler-1335,1,Transit,2016,6.264068,0.0615,1.45,2.7,809,0,4903,0.74,0.77,,621.853,284.83844,42.07034,
Kepler-1336 c,Kepler-1336,2,Transit,2016,5.777212,0.06272,1.71,3.57,1260,0,5512,1.3,0.94,,1126.64,296.27766,46.8998,
Kepler-1336 b,Kepler-1336,2,Transit,2016,23.198681,0.15845,1.98,4.58,793,0,5512,1.3,0.94,,1126.64,296.27766,46.8998,
Kepler-1337 b,Kepler-1337,1,Transit,2016,24.400255,0.1441,2.41,6.39,437,0,4523,0.67,0.7,,601.629,287.00912,46.79612,
Kepler-1338 b,Kepler-1338,1,Transit,2016,0.935118,0.01937,0.92,0.721,2124,0,5909,1.05,1.04,,753.26,284.04227,41.69903,
Kepler-1339 b,Kepler-1339,1,Transit,2016,1.341555,0.02356,0.71,0.285,1642,0,5586,0.93,0.94,,371.049,283.74577,48.37347,
Kepler-134 b,Kepler-134,2,Transit,2014,5.317429,0.06,2,4.66,1105,0,5983,1.176,0.956,,334.797,284.73912,49.59844,
Kepler-134 c,Kepler-134,2,Transit,2014,10.105785,0.092,1.26,2.13,892,0,5983,1.176,0.956,,334.797,284.73912,49.59844,
Kepler-1340 b,Kepler-1340,1,Transit,2016,0.665027,0.01523,1.55,3.02,2174,0,6331,1.42,1.27,,981.779,296.23281,42.4728,
Kepler-1341 b,Kepler-1341,1,Transit,2016,132.996832,0.47267,2.99,9.22,241,0,4662,0.72,0.79,,476.957,280.51168,44.15935,
Kepler-1342 b,Kepler-1342,1,Transit,2016,2.21571,0.0313,1.66,3.39,1283,0,5527,0.9,0.93,,890.724,297.02005,43.43254,
Kepler-1343 b,Kepler-1343,1,Transit,2016,3.351832,0.0449,1.93,4.38,1294,0,5759,0.93,0.95,,1756.71,294.29448,50.72539,
Kepler-1344 b,Kepler-1344,1,Transit,2016,4.768305,0.05501,1.84,4.04,1219,0,5981,1.13,1.09,,853.959,287.08628,46.9458,
Kepler-1345 b,Kepler-1345,1,Transit,2016,44.616956,0.26412,2.36,6.17,693,0,6449,1.55,1.32,,1355.02,292.47794,46.02282,
Kepler-1346 b,Kepler-1346,1,Transit,2016,3.401657,0.044,1.58,3.12,1236,0,6133,1.21,1.14,,843.701,291.84134,45.17918,
Kepler-1347 b,Kepler-1347,1,Transit,2016,14.009475,0.104,1.03,1.08,617,0,5193,0.79,0.82,,321,299.65959,40.84385,
Kepler-1348 b,Kepler-1348,1,Transit,2016,27.572274,0.1834,1.94,4.42,636,0,5911,1.04,1.04,,1213.82,292.08741,49.78871,
Kepler-1349 b,Kepler-1349,1,Transit,2016,2.128239,0.03421,0.7,0.271,1668,0,6086,1.28,1.16,,276.323,286.33856,48.74427,
Kepler-135 b,Kepler-135,2,Transit,2014,6.00253,0.067,1.81,3.93,1209,0,6090,1.275,1.047,,621.855,290.49509,38.7955,
Kepler-135 c,Kepler-135,2,Transit,2014,11.448708,0.103,1.16,1.65,975,0,6090,1.275,1.047,,621.855,290.49509,38.7955,
Kepler-1350 c,Kepler-1350,2,Transit,2016,1.766789,0.0222,1.73,3.64,730,0,3827,0.53,0.55,,340.691,288.25061,46.67948,
Kepler-1350 b,Kepler-1350,2,Transit,2016,4.49686,0.0413,2.52,6.9,535,0,3827,0.53,0.55,,340.691,288.25061,46.67948,
Kepler-1351 b,Kepler-1351,1,Transit,2016,0.916141,0.0156,0.65,0.208,1212,0,4439,0.67,0.7,,202.782,293.60843,42.19787,
Kepler-1352 b,Kepler-1352,1,Transit,2016,1.877883,0.02883,0.89,0.64,1701,0,6118,1.16,1.11,,670.829,290.6938,48.70144,
Kepler-1353 b,Kepler-1353,1,Transit,2016,24.754397,0.153,1.8,3.89,491,0,4776,0.72,0.76,,593.384,295.73539,42.57623,
Kepler-1354 b,Kepler-1354,1,Transit,2016,76.613377,0.3521,2.97,9.11,466,0,6168,1.24,1.16,,1119.45,291.24513,37.75901,
Kepler-1355 b,Kepler-1355,1,Transit,2016,1.289588,0.0224,1.46,2.73,1448,0,5352,0.83,0.88,,911.269,283.74142,49.06798,
Kepler-1356 b,Kepler-1356,1,Transit,2016,0.634003,0.0136,1.53,2.96,1714,0,5106,0.78,0.82,,845.228,290.99538,43.24388,
Kepler-1357 b,Kepler-1357,1,Transit,2016,3.009132,0.041,1.28,2.18,1177,0,5597,0.9,0.93,,1015.69,291.54807,50.35326,
Kepler-1358 b,Kepler-1358,1,Transit,2016,7.063173,0.0656,1.12,1.46,827,0,5181,0.79,0.82,,546.998,286.17055,43.0089,
Kepler-1359 b,Kepler-1359,1,Transit,2016,59.497095,0.26657,2.83,8.4,369,0,4709,0.72,0.78,,614.859,289.53882,41.89282,
Kepler-136 b,Kepler-136,2,Transit,2014,11.5789,0.106,2.05,19.8,951,0,6165,1.355,1.204,,420.818,296.4673,42.5988,
Kepler-136 c,Kepler-136,2,Transit,2014,16.399235,0.133,1.99,4.62,847,0,6165,1.355,1.204,,420.818,296.4673,42.5988,
Kepler-1360 b,Kepler-1360,1,Transit,2016,40.528641,0.2866,3.4,11.5,933,0,6778,1.83,1.51,,1516.27,300.34405,45.62318,
Kepler-1361 b,Kepler-1361,1,Transit,2016,3.57555,0.04304,0.86,0.566,1061,0,5131,0.79,0.83,,389.143,283.56536,46.90423,
Kepler-1362 b,Kepler-1362,1,Transit,2016,136.205626,0.4626,2.6,7.27,248,0,4857,0.74,0.8,,731.298,288.53856,40.87713,
Kepler-1363 b,Kepler-1363,1,Transit,2016,2.941941,0.0363,1.25,2.1,988,0,4839,0.72,0.76,,541.714,296.99649,49.25632,
Kepler-1364 b,Kepler-1364,1,Transit,2016,13.321962,0.1284,2.15,5.27,1299,0,6805,1.79,1.49,,1056.9,295.15213,49.58762,
Kepler-1365 c,Kepler-1365,2,Transit,2016,4.77468,0.05701,0.8,0.437,1137,0,5770,1.05,1,,840.128,292.19966,42.04599,
Kepler-1365 b,Kepler-1365,2,Transit,2016,7.699935,0.07839,0.92,0.721,969,0,5770,1.05,1,,840.128,292.19966,42.04599,
Kepler-1366 b,Kepler-1366,1,Transit,2016,2.164571,0.0273,1.43,2.63,783,0,4070,0.6,0.62,,465.826,285.06488,41.55485,
Kepler-1367 b,Kepler-1367,1,Transit,2016,1.57409,0.0236,0.92,0.721,998,0,4106,0.6,0.62,,401.484,288.41668,47.87873,
Kepler-1368 b,Kepler-1368,1,Transit,2016,0.675649,0.0153,1.65,3.36,2085,0,5906,1.08,1.07,,1635.82,294.76698,41.64464,
Kepler-1369 b,Kepler-1369,1,Transit,2016,25.873148,0.1741,2.69,7.7,667,0,5761,0.99,0.99,,1236.56,285.79726,40.93619,
Kepler-137 b,Kepler-137,2,Transit,2014,8.436387,0.077,1.47,2.76,742,0,5187,0.802,0.85,,302.979,282.13559,43.0392,
Kepler-137 c,Kepler-137,2,Transit,2014,18.735753,0.13,1.88,4.19,568,0,5187,0.802,0.85,,302.979,282.13559,43.0392,
Kepler-1370 c,Kepler-1370,2,Transit,2016,7.441421,0.08084,1.27,2.15,1075,0,6202,1.29,1.19,,1004.1,284.56569,41.77848,
Kepler-1370 b,Kepler-1370,2,Transit,2016,20.264168,0.15763,1.84,4.04,770,0,6202,1.29,1.19,,1004.1,284.56569,41.77848,
Kepler-1371 c,Kepler-1371,2,Transit,2016,2.005413,0.02937,0.64,0.196,1216,0,5361,0.83,0.87,,515.334,288.83143,47.55198,
Kepler-1371 b,Kepler-1371,2,Transit,2016,3.446204,0.04214,0.73,0.315,1015,0,5361,0.83,0.87,,515.334,288.83143,47.55198,
Kepler-1372 b,Kepler-1372,1,Transit,2016,1.311556,0.024,1.27,2.15,1655,0,5677,0.97,0.98,,1303.22,288.88659,44.83947,
Kepler-1373 b,Kepler-1373,1,Transit,2016,1.291233,0.02598,1.16,1.65,1887,0,6299,1.33,1.22,,1699.46,285.75202,39.24917,
Kepler-1374 b,Kepler-1374,1,Transit,2016,10.652767,0.0918,2.29,5.86,737,0,5323,0.81,0.85,,1078.46,291.34998,45.17225,
Kepler-1375 b,Kepler-1375,1,Transit,2016,3.300419,0.0471,1.74,3.68,1543,0,6704,1.78,1.47,,1430.84,296.29352,43.40322,
Kepler-1376 b,Kepler-1376,1,Transit,2016,5.308807,0.0598,1.05,1.16,1042,0,5659,0.97,0.98,,868.056,286.95844,42.54141,
Kepler-1377 b,Kepler-1377,1,Transit,2016,0.740928,0.0153,1.25,2.1,1873,0,5218,0.82,0.86,,1146.1,289.19542,46.65161,
Kepler-1378 b,Kepler-1378,1,Transit,2016,11.953989,0.0885,2.2,5.48,525,0,4407,0.67,0.7,,506.434,297.3734,40.3664,
Kepler-1379 b,Kepler-1379,1,Transit,2016,0.881841,0.0171,1.3,2.24,1564,0,5188,0.79,0.83,,971.325,293.67044,41.41021,
Kepler-138 b,Kepler-138,4,Transit,2014,10.3134,0.0753,0.64,0.07,452,0.02,3841,0.535,0.535,M1 V,66.8624,290.38141,43.29306,
Kepler-138 c,Kepler-138,4,Transit,2014,13.7815,0.0913,1.51,2.3,410,0.017,3841,0.535,0.535,M1 V,66.8624,290.38141,43.29306,
Kepler-138 d,Kepler-138,4,Transit,2014,23.0923,0.1288,1.51,2.1,345,0.01,3841,0.535,0.535,M1 V,66.8624,290.38141,43.29306,
Kepler-138 e,Kepler-138,4,Transit Timing Variations,2022,38.23,0.1803,0.797,0.43,292,0.112,3841,0.535,0.535,M1 V,66.8624,290.38141,43.29306,
Kepler-1380 b,Kepler-1380,1,Transit,2016,10.310825,0.0917,1.43,2.63,786,0,5570,0.94,0.96,,2462.94,288.11604,42.44038,
Kepler-1381 b,Kepler-1381,1,Transit,2016,25.384269,0.1728,2.25,5.69,649,0,5747,0.94,0.96,,1197.04,287.53579,48.72778,
Kepler-1382 b,Kepler-1382,1,Transit,2016,16.358306,0.14023,1.88,4.19,959,0,6161,1.72,1.36,,738.261,295.37742,39.04804,
Kepler-1383 b,Kepler-1383,1,Transit,2016,13.909358,0.11397,1.41,2.57,928,0,6370,1.44,1.26,,1027.21,297.94477,42.19184,
Kepler-1384 b,Kepler-1384,1,Transit,2016,15.362628,0.1126,1.94,4.42,608,0,4919,0.74,0.78,,618,296.21513,39.52702,
Kepler-1385 b,Kepler-1385,1,Transit,2016,2.888799,0.04262,0.85,0.543,1423,0,5732,1.29,1.15,,688.795,282.63136,46.48102,
Kepler-1386 b,Kepler-1386,1,Transit,2016,6.739724,0.068,1.24,2.07,1011,0,5733,1.03,1.02,,835.882,280.82336,42.63605,
Kepler-1387 b,Kepler-1387,1,Transit,2016,2.279527,0.031,0.93,0.749,1123,0,5046,0.77,0.82,,455.358,292.4403,43.20935,
Kepler-1388 c,Kepler-1388,4,Transit,2016,5.536082,0.0519,2.26,5.73,566,0,4098,0.61,0.63,,453.795,283.33602,47.17445,
Kepler-1388 b,Kepler-1388,4,Transit,2016,12.28546,0.0882,2.59,7.22,434,0,4098,0.61,0.63,,453.795,283.33602,47.17445,
Kepler-1388 d,Kepler-1388,4,Transit,2016,20.956816,0.126,2.86,8.55,363,0,4098,0.61,0.63,,453.795,283.33602,47.17445,
Kepler-1388 e,Kepler-1388,4,Transit,2016,37.632708,0.1861,2.46,6.62,299,0,4098,0.61,0.63,,453.795,283.33602,47.17445,
Kepler-1389 b,Kepler-1389,1,Transit,2016,99.253095,0.38249,1.77,3.78,300,0,5078,0.74,0.81,,497.093,285.71744,44.75835,
Kepler-139 d,Kepler-139,5,Transit,2023,7.3057,0.075553,1.695,2,972,0,5622,1.045,1.078,,391.038,282.39195,43.88942,
Kepler-139 b,Kepler-139,5,Transit,2014,15.771044,0.127,2.94,7,752,0,5594,1.3,1.078,,391.038,282.39195,43.88942,
Kepler-139 c,Kepler-139,5,Transit,2014,157.072878,0.586,3.38,13,350,0,5594,1.3,1.078,,391.038,282.39195,43.88942,
Kepler-139 f,Kepler-139,5,Transit Timing Variations,2025,355,1.006078,6.67,36,,,5630,1.045,1.078,,391.038,282.39195,43.88942,a
Kepler-139 e,Kepler-139,5,Radial Velocity,2023,2047.635373,3.235796,13.7,378,154.1,0.0131,5622,1.045,1.078,,391.038,282.39195,43.88942,
Kepler-1390 b,Kepler-1390,1,Transit,2016,6.480217,0.0662,1.18,1.76,934,0,5753,0.98,0.98,,723.431,298.66244,48.24887,
Kepler-1391 b,Kepler-1391,1,Transit,2016,54.409233,0.30045,1.68,3.46,513,0,5840,1.1,1.03,,1038.35,294.83097,46.65958,
Kepler-1392 b,Kepler-1392,1,Transit,2016,15.14104,0.1189,1.96,4.5,714,0,5479,0.85,0.88,,1117,288.76698,46.39445,
Kepler-1393 b,Kepler-1393,1,Transit,2016,2.443578,0.0337,0.8,0.437,1249,0,5697,0.92,0.95,,544.456,284.45946,40.14248,
Kepler-1394 b,Kepler-1394,1,Transit,2016,3.937664,0.05474,1.39,2.51,1947,0,6481,2.55,1.64,,640.409,283.45321,45.08407,
Kepler-1395 b,Kepler-1395,1,Transit,2016,3.784706,0.04974,0.8,0.437,1311,0,6138,1.23,1.17,,492.894,292.33749,47.66417,
Kepler-1396 b,Kepler-1396,1,Transit,2016,18.220642,0.1406,2.07,4.94,786,0,6195,1.27,1.18,,1066.46,294.33639,44.91823,
Kepler-1397 b,Kepler-1397,1,Transit,2016,47.449955,0.25861,1.72,3.61,551,0,6026,1.12,1.09,,1198.25,299.67588,47.07582,
Kepler-1398 b,Kepler-1398,2,Transit,2016,2.788157,0.03909,0.9,0.666,1510,0,6126,1.18,1.13,,852.204,294.86611,48.63899,
Kepler-1398 c,Kepler-1398,2,Transit,2016,4.138276,0.05087,1.03,1.08,1324,0,6126,1.18,1.13,,852.204,294.86611,48.63899,
Kepler-1399 b,Kepler-1399,1,Transit,2016,1.638653,0.0276,1.25,2.1,1610,0,5735,0.96,0.97,,1385.7,293.3117,46.04165,
Kepler-14 b,Kepler-14,1,Transit,2011,6.790123,0.0771,12.733,2669.66,1605,0.035,6395,2.048,1.512,,798,287.70881,47.33305,
Kepler-140 b,Kepler-140,2,Transit,2014,3.25427,0.045,1.61,3.22,1301,0,6077,1.288,1.044,,583.859,287.36941,46.76815,
Kepler-140 c,Kepler-140,2,Transit,2014,91.353282,0.414,1.8,3.89,428,0,6077,1.288,1.044,,583.859,287.36941,46.76815,
Kepler-1400 b,Kepler-1400,1,Transit,2016,9.066894,0.0771,1.62,3.26,725,0,5044,0.78,0.83,,752.237,286.27168,45.44081,
Kepler-1401 b,Kepler-1401,1,Transit,2016,11.200664,0.0975,1.68,3.46,808,0,5964,1.1,1.07,,1425.43,287.46603,40.75842,
Kepler-1402 b,Kepler-1402,1,Transit,2016,2.033879,0.0322,0.76,0.363,1789,0,5416,0.87,0.9,,1493.64,291.84783,48.96817,
Kepler-1403 b,Kepler-1403,1,Transit,2016,5.194922,0.064,2.14,5.22,1238,0,6060,1.15,1.11,,2163.9,290.86764,38.96008,
Kepler-1404 b,Kepler-1404,1,Transit,2016,15.931474,0.1143,2.01,4.7,596,0,5261,0.8,0.84,,962.183,296.00948,50.49839,
Kepler-1405 b,Kepler-1405,1,Transit,2016,28.227418,0.1778,3.96,14.9,565,0,5925,1.07,1.05,,1530.3,295.68488,39.25613,
Kepler-1406 b,Kepler-1406,1,Transit,2016,11.629058,0.0987,1.1,1.37,854,0,5892,1.12,1.05,,572.403,292.08188,38.91495,
Kepler-1407 b,Kepler-1407,1,Transit,2016,20.07115,0.1502,2.25,5.69,826,0,6010,1.15,1.1,,1396.41,283.94243,41.47155,
Kepler-1408 b,Kepler-1408,1,Transit,2016,2.997932,0.04218,0.89,0.64,1616,0,6170,1.35,1.21,,535.048,282.69988,45.42579,
Kepler-1409 b,Kepler-1409,1,Transit,2016,0.764865,0.01553,1.04,1.12,1733,0,5160,0.79,0.83,,694.89,290.08474,51.20861,
Kepler-141 b,Kepler-141,2,Transit,2014,3.107675,0.039,0.69,0.257,968,0,4910,0.787,0.878,,301.183,297.97073,47.7316,
Kepler-141 c,Kepler-141,2,Transit,2014,7.010606,0.067,1.41,2.57,738,0,4910,0.787,0.878,,301.183,297.97073,47.7316,
Kepler-1410 b,Kepler-1410,1,Transit,2016,60.866168,0.2543,1.78,3.82,290,0,4092,0.6,0.63,,367,290.51029,38.7435,
Kepler-1411 b,Kepler-1411,1,Transit,2016,86.115089,0.4001,2.82,8.35,441,0,5664,0.92,0.95,,1660.48,286.36152,42.96389,
Kepler-1412 b,Kepler-1412,1,Transit,2016,3.614605,0.04608,0.83,0.498,1397,0,5880,1.27,1.06,,755.678,292.18015,49.20248,
Kepler-1413 b,Kepler-1413,1,Transit,2016,13.182964,0.1066,1.82,3.97,661,0,5196,0.8,0.84,,1167.49,294.34161,46.49876,
Kepler-1414 b,Kepler-1414,1,Transit,2016,3.515763,0.0426,1.23,2.04,1033,0,4951,0.75,0.8,,570.835,284.92858,42.42231,
Kepler-1415 b,Kepler-1415,1,Transit,2016,0.636424,0.01416,1.29,2.21,1846,0,5267,0.84,0.89,,1043.56,285.1568,47.87325,
Kepler-1416 b,Kepler-1416,1,Transit,2016,1.49515,0.0257,0.88,0.615,1870,0,6019,1.15,1.09,,949.59,298.66346,43.89406,
Kepler-1417 b,Kepler-1417,1,Transit,2016,20.350521,0.14062,1,0.972,695,0,5839,1.02,1.02,,991.845,290.9499,40.6052,
Kepler-1418 b,Kepler-1418,1,Transit,2016,22.476443,0.131,1.66,3.39,419,0,4770,0.72,0.77,,499,282.99753,41.67859,
Kepler-1419 b,Kepler-1419,1,Transit,2016,42.521589,0.2391,2.86,8.55,510,0,5796,1.01,1.01,,1498.58,292.25459,37.97138,
Kepler-142 b,Kepler-142,3,Transit,2014,2.024152,0.032,1.99,4.62,1597,0,5790,1.269,0.978,,548.686,295.11901,48.48136,
Kepler-142 c,Kepler-142,3,Transit,2014,4.761702,0.057,2.86,8.55,1201,0,5790,1.269,0.978,,548.686,295.11901,48.48136,
Kepler-142 d,Kepler-142,3,Transit,2014,41.809118,0.242,2.16,5.31,582,0,5790,1.269,0.978,,548.686,295.11901,48.48136,
Kepler-1420 b,Kepler-1420,1,Transit,2016,6.6996,0.0671,1.28,2.18,806,0,5187,0.79,0.82,,1054.37,296.20386,42.77782,
Kepler-1421 b,Kepler-1421,1,Transit,2016,6.913111,0.07576,0.93,0.749,1209,0,6335,1.42,1.25,,783.401,286.58061,48.54423,
Kepler-1422 b,Kepler-1422,1,Transit,2016,18.605194,0.1499,2.02,4.74,833,0,6194,1.23,1.15,,2465.84,293.89022,48.33609,
Kepler-1423 b,Kepler-1423,1,Transit,2016,23.955378,0.1586,1.06,1.2,741,0,4939,0.75,0.79,,449,288.24375,41.11007,
Kepler-1424 b,Kepler-1424,1,Transit,2016,29.609174,0.19068,1.16,1.65,629,0,5838,1.07,1.02,,661.421,290.99166,40.22933,
Kepler-1425 b,Kepler-1425,1,Transit,2016,14.45413,0.11435,0.94,0.779,676,0,5718,0.95,0.97,,863.873,294.95104,43.01243,
Kepler-1426 b,Kepler-1426,1,Transit,2016,14.256323,0.1187,1.56,3.05,797,0,5831,1.02,1.02,,1697.81,292.54571,49.4169,
Kepler-1427 b,Kepler-1427,1,Transit,2016,0.968972,0.0197,1.1,1.37,1844,0,5793,1.01,1.01,,1220,295.34965,45.11454,
Kepler-1428 b,Kepler-1428,1,Transit,2016,10.676072,0.11051,1.64,3.33,1049,0,6184,1.36,1.28,,1530.32,297.64226,49.59496,
Kepler-1429 b,Kepler-1429,1,Transit,2016,4.484875,0.055,1.29,2.21,1199,0,5902,1.07,1.05,,1214.09,285.36625,49.04482,
Kepler-143 b,Kepler-143,2,Transit,2014,16.007583,0.127,2.41,6.39,838,0,5848,1.359,0.982,,809.467,298.06765,49.41254,
Kepler-143 c,Kepler-143,2,Transit,2014,27.082511,0.181,3.37,11.3,703,0,5848,1.359,0.982,,809.467,298.06765,49.41254,
Kepler-1430 b,Kepler-1430,1,Transit,2016,2.46051,0.0304,1.18,1.76,969,0,4796,0.72,0.77,,875.523,289.69754,43.37196,
Kepler-1431 b,Kepler-1431,1,Transit,2016,5.866015,0.0648,1.47,2.76,1064,0,5806,1.03,1.03,,1623.24,292.65839,49.86515,
Kepler-1432 b,Kepler-1432,1,Transit,2016,23.910901,0.1696,2.22,5.56,709,0,6031,1.13,1.09,,2171.87,295.5241,49.82952,
Kepler-1433 b,Kepler-1433,1,Transit,2016,4.135923,0.0516,1.56,3.05,1226,0,6097,1.19,1.14,,1328,287.36346,49.45686,
Kepler-1434 b,Kepler-1434,1,Transit,2016,8.053336,0.0917,1.11,1.41,1320,0,6291,2.04,1.47,,775.529,295.53844,51.203,
Kepler-1435 b,Kepler-1435,1,Transit,2016,4.453433,0.05456,0.86,0.566,1331,0,6356,1.32,1.21,,704.211,291.17328,44.92108,
Kepler-1436 b,Kepler-1436,1,Transit,2016,9.705716,0.0907,1.31,2.27,1001,0,5972,1.09,1.06,,2530.62,297.71155,46.76798,
Kepler-1437 b,Kepler-1437,1,Transit,2016,10.929546,0.0951,1.37,2.45,770,0,5557,0.9,0.93,,2101.69,291.86492,49.32587,
Kepler-1438 b,Kepler-1438,1,Transit,2016,2.31942,0.0346,0.94,0.779,1490,0,5530,0.96,0.97,,1154.13,289.28982,40.68163,
Kepler-1439 b,Kepler-1439,1,Transit,2016,8.073928,0.0594,1.46,2.73,420,0,3578,0.43,0.46,,225.393,285.7397,40.97987,
Kepler-144 b,Kepler-144,2,Transit,2014,5.885273,0.066,1.33,2.33,1253,0,6075,1.235,1.154,,384.917,281.91561,42.77555,
Kepler-144 c,Kepler-144,2,Transit,2014,10.104665,0.094,1.35,2.39,1046,0,6075,1.235,1.154,,384.917,281.91561,42.77555,
Kepler-1440 b,Kepler-1440,1,Transit,2016,39.859484,0.23431,1.26,2.13,597,0,5698,0.96,0.98,,1115.35,285.34697,48.31223,
Kepler-1441 b,Kepler-1441,1,Transit,2016,39.441984,0.2346,1.31,2.27,682,0,5802,1,1,,1110.48,293.71912,43.12458,
Kepler-1442 b,Kepler-1442,1,Transit,2016,81.416294,0.40814,3.93,14.7,522,0,6394,1.44,1.34,,608.68,291.25562,48.84692,
Kepler-1443 b,Kepler-1443,1,Transit,2016,2.418113,0.03783,0.97,0.871,1602,0,6289,1.27,1.19,,593.646,283.43574,47.0668,
Kepler-1444 b,Kepler-1444,1,Transit,2016,33.42035,0.20906,2.18,5.39,581,0,5810,1.05,1.03,,319.675,285.33068,42.0405,
Kepler-1445 b,Kepler-1445,1,Transit,2016,10.600523,0.09587,0.96,0.84,987,0,6150,1.26,1.13,,506.357,280.24952,43.91507,
Kepler-1446 b,Kepler-1446,1,Transit,2016,0.689968,0.01405,0.82,0.477,1539,0,4865,0.75,0.81,,152.075,289.42404,46.72608,
Kepler-1447 b,Kepler-1447,1,Transit,2016,56.674729,0.2836,2.9,8.75,522,0,5722,0.95,0.97,,890.296,289.64343,50.72702,
Kepler-1448 b,Kepler-1448,1,Transit,2016,12.270659,0.1058,1.61,3.22,811,0,5774,0.93,0.95,,768.903,287.86741,50.59558,
Kepler-1449 b,Kepler-1449,1,Transit,2016,13.227453,0.1176,1.68,3.46,867,0,5979,1.1,1.08,,2006.48,288.23173,50.56783,
Kepler-145 b,Kepler-145,2,Transit,2013,22.951,0.17308,2.65,37.1,873,0.43,6022,1.85,1.32,,566.85,291.38774,44.52905,
Kepler-145 c,Kepler-145,2,Transit,2013,42.882,0.26244,4.32,79.4,709,0.11,6022,1.85,1.32,,566.85,291.38774,44.52905,
Kepler-1450 b,Kepler-1450,1,Transit,2016,54.509417,0.2401,1.71,3.57,308,0,4524,0.68,0.71,,505.829,294.55368,45.0813,
Kepler-1451 b,Kepler-1451,1,Transit,2016,35.622233,0.2101,3.35,11.2,523,0,5782,0.99,1,,1058.72,293.44642,40.40988,
Kepler-1452 b,Kepler-1452,1,Transit,2016,42.913751,0.25764,2.7,7.75,810,0,6101,2.06,1.41,,996.32,292.42279,38.26628,
Kepler-1453 b,Kepler-1453,1,Transit,2016,47.16117,0.262,2.67,7.61,503,0,5665,0.94,0.97,,1196.04,286.1255,47.94756,
Kepler-1454 b,Kepler-1454,1,Transit,2016,47.031948,0.2447,1.88,4.19,492,0,5448,0.86,0.9,,780.566,284.22333,48.83172,
Kepler-1455 b,Kepler-1455,1,Transit,2016,49.276764,0.2149,2.16,5.31,298,0,4075,0.6,0.62,,357.621,294.08307,50.50276,
Kepler-1456 b,Kepler-1456,1,Transit,2016,18.137383,0.1132,1.14,1.55,433,0,4231,0.62,0.64,,370.312,286.94534,43.8228,
Kepler-1457 b,Kepler-1457,1,Transit,2016,51.111024,0.26391,1.99,4.62,478,0,5866,1.01,1.01,,889.885,283.77055,42.0272,
Kepler-1458 b,Kepler-1458,1,Transit,2016,47.987276,0.24869,2.76,8.05,493,0,5653,0.94,0.96,,544.45,283.2116,41.03801,
Kepler-1459 b,Kepler-1459,1,Transit,2016,62.869161,0.2829,1.36,2.42,349,0,4828,0.74,0.78,,455.479,282.42294,46.01398,
Kepler-146 b,Kepler-146,2,Transit,2014,31.158799,0.2,3.71,13.3,639,0,5948,1.208,1.079,,716.797,294.11076,38.71022,
Kepler-146 c,Kepler-146,2,Transit,2014,76.732171,0.364,3.13,9.96,473,0,5948,1.208,1.079,,716.797,294.11076,38.71022,
Kepler-1460 b,Kepler-1460,1,Transit,2016,29.963325,0.1614,1.96,4.5,391,0,4422,0.67,0.7,,553.218,285.55779,44.01082,
Kepler-1461 b,Kepler-1461,1,Transit,2016,29.349477,0.1715,2.03,4.78,451,0,4919,0.74,0.79,,679.106,285.83051,43.19838,
Kepler-1462 b,Kepler-1462,1,Transit,2016,65.648834,0.3094,3.82,14,390,0,5756,1,1,,1017.82,296.39754,42.39693,
Kepler-1463 b,Kepler-1463,1,Transit,2016,25.15864,0.1694,1.86,4.12,619,0,5679,0.95,0.96,,1687.47,294.48728,42.00691,
Kepler-1464 c,Kepler-1464,2,Transit,2016,5.327863,0.06101,1,0.972,1023,0,5828,1.01,1.02,,1151.73,287.23568,38.75408,
Kepler-1464 b,Kepler-1464,2,Transit,2016,31.77859,0.20066,1.66,3.39,564,0,5828,1.01,1.02,,1151.73,287.23568,38.75408,
Kepler-1465 b,Kepler-1465,1,Transit,2016,31.827711,0.1939,1.77,3.78,668,0,4726,0.71,0.75,,359.497,289.81942,51.90485,
Kepler-1466 b,Kepler-1466,1,Transit,2016,31.175045,0.17981,1.55,3.02,585,0,5884,1.02,1.01,,631.949,289.83124,44.60984,
Kepler-1467 b,Kepler-1467,1,Transit,2016,47.056904,0.2388,3.3,10.9,411,0,5332,0.82,0.86,,852.888,295.04854,45.34268,
Kepler-1468 c,Kepler-1468,3,Transit,2016,3.54553,0.0466,1.15,1.6,1448,0,5893,1.05,1.04,,1899.24,293.51983,41.27737,
Kepler-1468 b,Kepler-1468,3,Transit,2016,8.239849,0.0817,1.73,3.64,1093,0,5893,1.05,1.04,,1899.24,293.51983,41.27737,
Kepler-1468 d,Kepler-1468,3,Transit,2021,19.590599,0.1456,3.332,11.1,819,0,5794,1.496,1.072,,1899.24,293.51983,41.27737,
Kepler-1469 b,Kepler-1469,1,Transit,2016,21.86353,0.1466,2.8,8.25,551,0,5507,0.89,0.92,,1159.3,293.82133,39.39134,
Kepler-147 b,Kepler-147,2,Transit,2014,12.610584,0.113,1.53,2.96,953,0,6012,1.468,1.145,,1042.02,287.97572,39.08717,
Kepler-147 c,Kepler-147,2,Transit,2014,33.416423,0.216,2.43,6.48,689,0,6012,1.468,1.145,,1042.02,287.97572,39.08717,
Kepler-1470 b,Kepler-1470,1,Transit,2016,16.29509,0.116,1.07,1.24,574,0,4961,0.76,0.8,,590.601,288.69495,39.88308,
Kepler-1471 b,Kepler-1471,2,Transit,2016,3.638994,0.0453,1.41,2.57,1238,0,5660,0.93,0.95,,978.678,289.66492,50.02006,
Kepler-1471 c,Kepler-1471,2,Transit,2023,11.604488,0.0981,1.88,4.19,841,0,5533,1.166,0.934,,978.678,289.66492,50.02006,
Kepler-1472 b,Kepler-1472,1,Transit,2016,38.131283,0.2322,1.9,4.27,613,0,6159,1.25,1.16,,1479.14,294.85262,49.05745,
Kepler-1473 b,Kepler-1473,1,Transit,2016,14.427355,0.11606,1.19,1.81,783,0,6046,1.09,1.09,,652.253,290.63651,48.99615,
Kepler-1474 b,Kepler-1474,1,Transit,2016,36.433345,0.2108,2.16,5.31,561,0,5870,1.04,1.04,,1180.9,294.69403,45.86681,
Kepler-1475 b,Kepler-1475,1,Transit,2016,82.177374,0.373,2.92,8.85,441,0,6214,1.28,1.18,,1568.38,295.94828,44.7531,
Kepler-1476 b,Kepler-1476,1,Transit,2016,10.358632,0.0932,1.67,3.43,860,0,5663,0.96,0.98,,1002.74,284.53207,43.9899,
Kepler-1477 b,Kepler-1477,1,Transit,2016,11.5553,0.0911,1.18,1.76,674,0,5100,0.78,0.81,,680.828,281.29853,42.68567,
Kepler-1478 b,Kepler-1478,1,Transit,2016,26.084059,0.1681,1.73,3.64,598,0,5904,1.06,1.04,,1845.58,293.16501,41.74618,
Kepler-1479 b,Kepler-1479,1,Transit,2016,14.532614,0.11341,1.83,4.01,746,0,5796,0.98,0.99,,728.668,285.712,49.70676,
Kepler-148 b,Kepler-148,3,Transit,2014,1.729366,0.028,1.8,3.89,1284,0,5272,0.851,0.86,,791.163,289.78616,46.85882,
Kepler-148 c,Kepler-148,3,Transit,2014,4.180043,0.05,3.6,12.6,957,0,5272,0.851,0.86,,791.163,289.78616,46.85882,
Kepler-148 d,Kepler-148,3,Transit,2016,51.846886,0.2607,8.68,56.3,413,0,5172,0.81,0.86,,791.163,289.78616,46.85882,
Kepler-1480 b,Kepler-1480,1,Transit,2016,22.126799,0.1525,1.67,3.43,721,0,5156,0.81,0.85,,500.892,291.99981,49.30183,
Kepler-1481 b,Kepler-1481,1,Transit,2016,5.94221,0.059,1.23,2.04,797,0,4908,0.75,0.8,,459.076,289.43901,49.73122,
Kepler-1482 b,Kepler-1482,1,Transit,2016,12.253832,0.09968,1.01,1.01,678,0,5381,0.84,0.88,,567.556,285.31382,48.72527,
Kepler-1483 b,Kepler-1483,1,Transit,2016,9.508516,0.0958,1.52,2.92,1131,0,6337,1.4,1.25,,1273.78,295.40974,42.15079,
Kepler-1484 b,Kepler-1484,1,Transit,2016,30.454914,0.1939,2.11,5.1,624,0,5730,0.92,0.94,,2879.83,292.68427,38.12626,
Kepler-1485 b,Kepler-1485,1,Transit,2016,19.915772,0.14732,1.47,2.76,728,0,6087,1.12,1.11,,615.66,298.09544,44.73706,
Kepler-1486 b,Kepler-1486,1,Transit,2016,54.649576,0.2846,2.32,5.99,538,0,5965,1.12,1.08,,1769.14,290.59039,45.4397,
Kepler-1487 b,Kepler-1487,2,Transit,2016,7.319464,0.0898,2.13,5.18,1682,0,6541,1.63,1.38,,1014.62,295.49807,38.64445,
Kepler-1487 c,Kepler-1487,2,Transit,2023,35.800711,0.2588,7.97,48.7,991,0,5745,3.955,1.801,,1014.62,295.49807,38.64445,
Kepler-1488 c,Kepler-1488,2,Transit,2021,6.15827,0.06959,1.652,3.37,1212,0,5710,1.524,1.003,,905.825,286.64643,49.93777,
Kepler-1488 b,Kepler-1488,2,Transit,2016,39.818993,0.24153,1.86,4.12,650,0,5820,1.31,1.05,,905.825,286.64643,49.93777,
Kepler-1489 c,Kepler-1489,2,Transit,2024,0.680741,0.015028,0.51,0.087,,,5566,0.957,0.977,G,1283.05,281.2958,44.46541,a
Kepler-1489 b,Kepler-1489,2,Transit,2016,82.294751,0.3679,1.77,3.78,400,0,5655,0.9,0.93,G,1283.05,281.2958,44.46541,
Kepler-149 b,Kepler-149,3,Transit,2014,29.198943,0.184,4.21,16.5,540,0,5381,0.953,1.013,,571.034,285.8537,38.38409,
Kepler-149 c,Kepler-149,3,Transit,2014,55.328328,0.281,1.61,3.22,436,0,5381,0.953,1.013,,571.034,285.8537,38.38409,
Kepler-149 d,Kepler-149,3,Transit,2014,160.018032,0.571,3.96,14.9,306,0,5381,0.953,1.013,,571.034,285.8537,38.38409,
Kepler-1490 b,Kepler-1490,1,Transit,2016,92.436297,0.3729,3.04,9.48,348,0,5515,0.87,0.9,,862.92,295.69357,42.60945,
Kepler-1491 b,Kepler-1491,2,Transit,2016,16.586176,0.127,1.51,2.89,821,0,5728,0.99,1,,2065.59,293.62976,45.74063,
Kepler-1491 c,Kepler-1491,2,Transit,2023,61.569765,0.3045,2.44,6.53,530,0,5626,1.389,0.991,,2065.59,293.62976,45.74063,
Kepler-1492 b,Kepler-1492,1,Transit,2016,16.75255,0.1262,1.49,2.83,801,0,4712,0.72,0.77,,331.553,288.59707,41.03633,
Kepler-1493 b,Kepler-1493,1,Transit,2016,15.021798,0.1197,1.41,2.57,874,0,5863,1.29,1.06,,555.051,288.54937,38.5652,
Kepler-1494 b,Kepler-1494,1,Transit,2016,91.080482,0.3982,3.07,9.64,415,0,5659,0.94,0.96,,1285.48,282.65739,43.16253,
Kepler-1495 b,Kepler-1495,1,Transit,2016,85.273256,0.3677,2.94,8.96,443,0,5831,1.04,1.03,,1355.54,286.13069,38.77955,
Kepler-1496 b,Kepler-1496,1,Transit,2016,64.658802,0.3211,2.22,5.56,535,0,6182,1.27,1.18,,1307.66,293.97394,45.35072,
Kepler-1497 b,Kepler-1497,1,Transit,2016,8.741998,0.0817,1.66,3.39,924,0,5675,0.95,0.96,,1122,296.19615,45.63431,
Kepler-1498 b,Kepler-1498,1,Transit,2016,48.051405,0.2528,1.33,2.33,564,0,5256,0.81,0.86,,740,284.77809,44.91675,
Kepler-1499 b,Kepler-1499,1,Transit,2016,44.2008,0.23225,1.19,1.81,409,0,5097,0.78,0.82,,309.869,283.98635,41.65051,
Kepler-15 b,Kepler-15,1,Transit,2011,4.942782,0.05714,10.76,209.76,1251,0.06,5515,0.992,1.018,,739.412,296.20055,49.14003,
Kepler-150 b,Kepler-150,5,Transit,2014,3.428054,0.044,1.25,2.1,1131,0,5560,0.939,0.956,,891.092,288.2341,40.5209,
Kepler-150 c,Kepler-150,5,Transit,2014,7.381998,0.073,3.69,13.2,876,0,5560,0.939,0.956,,891.092,288.2341,40.5209,
Kepler-150 d,Kepler-150,5,Transit,2014,12.56093,0.104,2.79,8.2,734,0,5560,0.939,0.956,,891.092,288.2341,40.5209,
Kepler-150 e,Kepler-150,5,Transit,2014,30.826557,0.189,3.12,9.91,544,0,5560,0.939,0.956,,891.092,288.2341,40.5209,
Kepler-150 f,Kepler-150,5,Transit,2017,637.2093,1.24,3.64,12.9,227.8,,5528,0.9053,0.97,,891.092,288.2341,40.5209,
Kepler-1500 b,Kepler-1500,1,Transit,2016,15.03301,0.1236,1.2,1.87,928,0,5845,1,1,,1217.82,288.88347,39.74465,
Kepler-1501 b,Kepler-1501,1,Transit,2016,14.556453,0.11592,1.56,3.05,787,0,6229,1.3,1.2,,749.06,289.91859,42.00143,
Kepler-1502 b,Kepler-1502,1,Transit,2016,41.708363,0.2482,3.18,10.2,608,0,6666,1.72,1.44,,1514.02,296.10793,39.31992,
Kepler-1503 b,Kepler-1503,1,Transit,2016,96.16987,0.3771,2.27,5.77,321,0,5069,0.74,0.77,,1225.57,293.72716,42.80671,
Kepler-1504 b,Kepler-1504,1,Transit,2016,82.304003,0.3704,2.13,5.18,485,0,5393,0.81,0.85,,2435.94,289.71199,50.12823,
Kepler-1505 b,Kepler-1505,1,Transit,2016,30.860937,0.18298,0.93,0.749,525,0,5686,0.86,0.93,,495.148,292.00206,41.78696,
Kepler-1506 b,Kepler-1506,1,Transit,2016,14.032915,0.1168,1.32,2.3,783,0,5676,0.93,0.95,,2366.02,290.14988,41.46456,
Kepler-1507 b,Kepler-1507,1,Transit,2016,16.050621,0.11946,0.84,0.52,630,0,5410,0.85,0.89,,320.478,288.56163,46.53612,
Kepler-1508 b,Kepler-1508,1,Transit,2016,20.70565,0.1629,1.33,2.33,967,0,6158,1.22,1.14,,1260.28,298.11888,40.37503,
Kepler-1509 b,Kepler-1509,1,Transit,2016,25.43382,0.1707,1.85,4.08,667,0,5780,0.99,1,,2002.96,283.79778,46.93101,
Kepler-151 b,Kepler-151,2,Transit,2014,15.228958,0.116,3.06,9.59,639,0,5460,0.83,0.87,,649.919,292.16279,41.02319,
Kepler-151 c,Kepler-151,2,Transit,2014,24.674612,0.16,2.09,5.02,544,0,5460,0.83,0.87,,649.919,292.16279,41.02319,
Kepler-1510 b,Kepler-1510,1,Transit,2016,84.703921,0.4089,3.36,11.2,537,0,6200,1.28,1.19,,1696.25,298.95914,48.25783,
Kepler-1511 b,Kepler-1511,1,Transit,2016,23.238279,0.1753,1.68,3.46,903,0,6064,1.29,1.17,,1475.6,288.42119,43.17977,
Kepler-1512 b,Kepler-1512,1,Transit,2016,20.359726,0.13693,1.18,1.76,322,0,4372,0.67,0.73,,162,289.2745,44.47041,
Kepler-1513 b,Kepler-1513,2,Transit,2016,160.8842,0.56971,8.594,48.31,346,0.306,5491,0.95,0.943,G V,349.247,289.79176,39.28527,
Kepler-1513 c,Kepler-1513,2,Transit Timing Variations,2023,841.4,1.710457,11,84.542,,0.125,5491,0.95,0.943,G V,349.247,289.79176,39.28527,a
Kepler-1514 c,Kepler-1514,2,Transit,2020,10.514181,0.0997,1.176,1.74,1066,0.32,6145,1.289,1.196,,397.292,292.62749,37.86017,
Kepler-1514 b,Kepler-1514,2,Transit,2016,217.83184,0.753,12.42,1678.142,387.9,0.401,6145,1.289,1.196,,397.292,292.62749,37.86017,
Kepler-1515 b,Kepler-1515,1,Transit,2016,214.311416,0.75235,9.55,66.2,380,0,6511,1.41,1.3,,539.321,290.97391,48.17821,
Kepler-1516 b,Kepler-1516,1,Transit,2016,7.25932,0.0718,1.75,3.71,967,0,5904,1.07,1.04,,1358.95,291.49458,44.52342,
Kepler-1517 b,Kepler-1517,1,Transit,2016,5.546084,0.078,9.76,68.7,2336,0,7010,1.95,1.58,,847.299,287.80721,43.1888,
Kepler-1518 b,Kepler-1518,2,Transit,2016,5.111779,0.0593,3.05,9.53,1351,0,6846,1.88,1.54,,903.51,300.33234,44.98611,
Kepler-1518 c,Kepler-1518,2,Transit,2023,9.631026,0.0905,2.9,8.75,1094,0,6432,1.345,1.06,,903.51,300.33234,44.98611,
Kepler-1519 b,Kepler-1519,1,Transit,2016,240.79894,0.7655,7.06,39.6,342,0,5644,0.91,0.94,,1441.63,296.66794,49.46178,
Kepler-152 b,Kepler-152,2,Transit,2014,18.207973,0.124,2.79,8.2,551,0,5088,0.724,0.779,,441.09,286.86538,41.98896,
Kepler-152 c,Kepler-152,2,Transit,2014,88.255055,0.356,2.39,6.3,326,0,5088,0.724,0.779,,441.09,286.86538,41.98896,
Kepler-1520 b,Kepler-1520,1,Transit,2016,0.653554,0.0129,5.77,28.1,1437,0,4677,0.71,0.76,,607.917,290.96621,51.50477,
Kepler-1521 b,Kepler-1521,1,Transit,2016,47.148408,0.23476,2.5,6.8,391,0,5042,0.76,0.81,,206.983,292.69038,37.83505,
Kepler-1522 b,Kepler-1522,1,Transit,2016,1.847889,0.0288,1.73,3.64,1374,0,5706,0.93,0.96,,814.125,289.84323,52.07021,
Kepler-1523 b,Kepler-1523,1,Transit,2016,0.938751,0.01867,1.58,3.12,1676,0,5708,0.96,0.97,,865.596,296.05407,45.82704,
Kepler-1524 b,Kepler-1524,1,Transit,2016,70.96746,0.3392,3.54,12.3,438,0,6179,1.25,1.17,,381.773,293.88536,39.51983,
Kepler-1525 b,Kepler-1525,1,Transit,2016,2.416601,0.03557,0.91,0.693,1343,0,5748,1.04,1.07,,382.989,290.55945,49.94286,
Kepler-1526 b,Kepler-1526,1,Transit,2016,3.908632,0.0418,2.43,6.48,787,0,4601,0.69,0.73,,555.574,285.11973,38.86646,
Kepler-1527 b,Kepler-1527,1,Transit,2016,160.129918,0.6276,4.77,20.4,450,0,6224,1.32,1.21,,1842.13,297.41445,46.06081,
Kepler-1528 b,Kepler-1528,1,Transit,2016,1.79111,0.0296,1.46,2.73,1549,0,5857,1.03,1.03,,817.534,287.40299,46.57401,
Kepler-1529 b,Kepler-1529,1,Transit,2016,5.339057,0.0525,2.1,5.06,817,0,5048,0.77,0.81,,661.014,289.87075,41.04075,
Kepler-153 b,Kepler-153,2,Transit,2014,18.870227,0.129,2.92,8.85,621,0,5404,0.892,0.756,,459.368,282.4605,48.25703,
Kepler-153 c,Kepler-153,2,Transit,2014,46.90232,0.237,2.53,6.94,458,0,5404,0.892,0.756,,459.368,282.4605,48.25703,
Kepler-1530 b,Kepler-1530,3,Transit,2016,2.590443,0.03553,1.64,3.33,1484,0,5477,0.88,0.92,,489.876,288.16244,48.16515,
Kepler-1530 c,Kepler-1530,3,Transit,2016,5.322741,0.05744,1.65,3.36,1167,0,5477,0.88,0.92,,489.876,288.16244,48.16515,
Kepler-1530 d,Kepler-1530,3,Transit,2021,9.20761,0.08276,3.279,10.8,972,0,5678,1.303,1.015,,489.876,288.16244,48.16515,
Kepler-1531 b,Kepler-1531,1,Transit,2016,1.138543,0.02204,1.11,1.41,2537,0,6260,1.27,1.16,,666.334,285.14662,39.37081,
Kepler-1532 b,Kepler-1532,1,Transit,2016,1.093664,0.0206,1.35,2.39,1681,0,5559,0.88,0.91,,798.246,296.90278,41.19814,
Kepler-1533 b,Kepler-1533,1,Transit,2016,308.5471,0.93416,3.46,11.8,330,0,6431,1.51,1.31,,966.801,295.97556,44.71337,
Kepler-1534 b,Kepler-1534,1,Transit,2016,5.716689,0.0599,1.89,4.23,955,0,5442,0.86,0.9,,1107,292.39537,43.86913,
Kepler-1535 b,Kepler-1535,1,Transit,2016,138.9442,0.5329,2.55,7.04,384,0,6021,1.11,1.08,,897.733,286.61368,38.89195,
Kepler-1536 b,Kepler-1536,1,Transit,2016,364.758031,0.8507,3.14,10,166,0,4434,0.67,0.71,,387.248,291.58526,45.71587,
Kepler-1537 b,Kepler-1537,1,Transit,2016,1.444454,0.0245,1.18,1.76,1800,0,5079,0.77,0.81,,517.292,294.38539,43.82545,
Kepler-1538 b,Kepler-1538,1,Transit,2016,175.138819,0.6095,2.82,8.35,346,0,5837,1.03,1.03,,1125.3,283.34561,45.27436,
Kepler-1539 b,Kepler-1539,1,Transit,2016,133.303674,0.4765,2.7,7.75,301,0,5176,0.8,0.84,,748.326,284.21946,44.26851,
Kepler-154 e,Kepler-154,5,Transit,2016,3.932765,0.04766,1.5,2.86,1140,0,5769,0.98,0.98,,915.212,289.78054,49.89656,
Kepler-154 f,Kepler-154,5,Transit,2016,9.919357,0.08832,1.5,2.86,838,0,5769,0.98,0.98,,915.212,289.78054,49.89656,
Kepler-154 d,Kepler-154,5,Transit,2016,20.549819,0.14354,3.84,14.1,657,0,5769,0.98,0.98,,915.212,289.78054,49.89656,
Kepler-154 b,Kepler-154,5,Transit,2014,33.040532,0.198,2.26,5.73,561,0,5690,1.001,0.933,,915.212,289.78054,49.89656,
Kepler-154 c,Kepler-154,5,Transit,2014,62.303276,0.303,2.95,9.01,454,0,5690,1.001,0.933,,915.212,289.78054,49.89656,
Kepler-1540 b,Kepler-1540,1,Transit,2016,125.413118,0.4426,2.49,6.76,266,0,4540,0.69,0.74,,244.96,283.34456,41.20175,
Kepler-1541 b,Kepler-1541,1,Transit,2016,8.406912,0.07555,1.16,1.65,1048,0,5282,0.81,0.86,,416.692,283.78709,48.0296,
Kepler-1542 c,Kepler-1542,4,Transit,2016,2.89223,0.0387,0.65,0.208,1287,0,5564,0.99,0.94,,399.114,285.72848,42.65447,
Kepler-1542 b,Kepler-1542,4,Transit,2016,3.951169,0.04765,0.76,0.363,1160,0,5564,0.99,0.94,,399.114,285.72848,42.65447,
Kepler-1542 e,Kepler-1542,4,Transit,2016,5.101158,0.05649,0.76,0.363,1065,0,5564,0.99,0.94,,399.114,285.72848,42.65447,
Kepler-1542 d,Kepler-1542,4,Transit,2016,5.992737,0.0629,0.87,0.59,1010,0,5564,0.99,0.94,,399.114,285.72848,42.65447,
Kepler-1543 b,Kepler-1543,1,Transit,2016,6.967103,0.0867,2.71,7.8,1774,0,6561,1.65,1.39,,921.784,297.12429,47.03699,
Kepler-1544 b,Kepler-1544,1,Transit,2016,168.811174,0.54465,1.78,3.82,269,0,4886,0.74,0.81,,335.09,297.28522,49.21245,
Kepler-1545 b,Kepler-1545,1,Transit,2016,163.692349,0.5442,2.7,7.75,274,0,5201,0.8,0.84,,729.964,298.89883,47.46307,
Kepler-1546 b,Kepler-1546,1,Transit,2016,19.597497,0.1366,3.13,9.96,671,0,5623,0.93,0.95,,931.956,297.58392,41.5412,
Kepler-1547 b,Kepler-1547,1,Transit,2016,0.69298,0.01556,0.9,0.666,3186,0,6078,1.18,1.12,,674.695,283.76404,42.2221,
Kepler-1548 b,Kepler-1548,1,Transit,2016,124.828679,0.4679,2.64,7.46,350,0,5706,0.97,0.99,,872.279,287.47118,46.08057,
Kepler-1549 b,Kepler-1549,1,Transit,2016,214.886545,0.6687,2.57,7.13,286,0,5324,0.84,0.88,,803.052,286.05244,39.09603,
Kepler-155 b,Kepler-155,2,Transit,2014,5.931194,0.056,2.09,5.02,614,0,4508,0.62,0.635,M0 V,293.499,288.49578,51.08193,
Kepler-155 c,Kepler-155,2,Transit,2014,52.661793,0.242,2.24,5.65,286,0,4508,0.62,0.635,M0 V,293.499,288.49578,51.08193,
Kepler-1550 b,Kepler-1550,1,Transit,2016,225.582809,0.7681,3.02,9.38,348,0,5991,1.11,1.07,,1179.01,287.76461,38.29471,
Kepler-1551 b,Kepler-1551,1,Transit,2016,24.49737,0.1772,2.66,7.56,722,0,6136,1.22,1.14,,1463.72,295.78552,39.9079,
Kepler-1552 b,Kepler-1552,1,Transit,2016,184.771853,0.6011,2.47,6.66,268,0,5202,0.78,0.85,,769.096,291.67687,38.87492,
Kepler-1553 b,Kepler-1553,1,Transit,2016,4.242619,0.0481,1.15,1.6,926,0,5288,0.81,0.85,,692.594,291.91913,39.02218,
Kepler-1554 b,Kepler-1554,1,Transit,2016,198.088774,0.59527,2.9,8.75,288,0,5297,0.81,0.84,,946.847,286.57602,41.74158,
Kepler-1555 b,Kepler-1555,1,Transit,2016,8.105016,0.0805,1.61,3.22,959,0,5866,1.06,1.04,,2013.27,287.63546,45.71603,
Kepler-1556 b,Kepler-1556,1,Transit,2016,8.827135,0.0829,1.96,4.5,797,0,5608,0.95,0.97,,944.54,288.39698,40.21319,
Kepler-1557 b,Kepler-1557,1,Transit,2016,3.740325,0.049,1.53,2.96,1287,0,6099,1.17,1.11,,1380.16,293.88136,46.83882,
Kepler-1558 b,Kepler-1558,1,Transit,2016,3.504704,0.04278,0.68,0.244,1019,0,5101,0.79,0.83,,325.737,286.81943,46.91178,
Kepler-1559 b,Kepler-1559,1,Transit,2016,0.971915,0.01835,0.72,0.299,1609,0,5316,0.82,0.86,,614.827,292.28666,42.07259,
Kepler-156 b,Kepler-156,2,Transit,2014,4.973456,0.054,2.3,5.9,867,0,5094,0.807,0.864,,443.483,290.29642,37.74943,
Kepler-156 c,Kepler-156,2,Transit,2014,15.906801,0.117,2.55,7.04,588,0,5094,0.807,0.864,,443.483,290.29642,37.74943,
Kepler-1560 b,Kepler-1560,1,Transit,2016,3.031957,0.04175,0.89,0.64,1269,0,5815,1.02,1.02,,502.497,292.7846,43.21601,
Kepler-1561 b,Kepler-1561,1,Transit,2016,1.005207,0.0194,1.09,1.32,1682,0,5957,1.11,1.07,,839.076,296.92358,43.56646,
Kepler-1562 b,Kepler-1562,1,Transit,2016,64.273775,0.3308,3.55,12.3,554,0,5760,1.05,1.02,,2060.72,294.45566,46.74354,
Kepler-1563 b,Kepler-1563,1,Transit,2016,3.432766,0.0442,0.75,0.347,1134,0,5765,0.99,1,,616.697,288.57359,51.47277,
Kepler-1564 b,Kepler-1564,1,Transit,2016,18.054038,0.1327,1.47,2.76,635,0,5528,0.9,0.93,,908.805,290.58613,46.64275,
Kepler-1565 b,Kepler-1565,1,Transit,2016,1.538188,0.0241,1.19,1.81,1234,0,4940,0.73,0.76,,629.93,297.95298,40.80679,
Kepler-1566 b,Kepler-1566,1,Transit,2016,0.539915,0.01198,0.79,0.418,1871,0,5254,0.81,0.84,,466.586,283.58755,40.5749,
Kepler-1567 b,Kepler-1567,1,Transit,2016,153.979578,0.552,2.73,7.9,330,0,5655,0.93,0.95,,1206.11,286.69515,40.29189,
Kepler-1568 b,Kepler-1568,1,Transit,2016,20.925392,0.15157,1.3,2.24,729,0,5956,1.19,1.09,,916.313,289.18268,47.87333,
Kepler-1569 b,Kepler-1569,1,Transit,2016,5.791802,0.06669,1.68,3.46,1222,0,6319,1.4,1.25,,945.454,292.20467,37.22121,
Kepler-157 b,Kepler-157,3,Transit,2014,1.732342,0.028,1.32,2.3,1546,0,5774,1.044,0.95,,773.713,291.09723,38.8756,
Kepler-157 d,Kepler-157,3,Transit,2016,7.025735,0.0706,1.46,2.73,969,0,5866,1.03,1.02,,773.713,291.09723,38.8756,
Kepler-157 c,Kepler-157,3,Transit,2014,13.5405,0.11,2.24,5.65,779,0,5774,1.044,0.95,,773.713,291.09723,38.8756,
Kepler-1570 b,Kepler-1570,1,Transit,2016,26.548955,0.16699,1.07,1.24,836,0,5550,0.89,0.92,,918.995,299.86178,45.82742,
Kepler-1571 b,Kepler-1571,1,Transit,2016,3.385555,0.04287,1.52,2.92,1476,0,6297,1.39,1.23,,675.303,300.93541,45.59648,
Kepler-1572 b,Kepler-1572,1,Transit,2016,5.495486,0.05838,0.94,0.779,1293,0,5618,0.95,0.97,,946.602,281.89733,46.72271,
Kepler-1573 b,Kepler-1573,1,Transit,2016,2.615755,0.0364,1.2,1.87,1379,0,5808,1,1.01,,1455.36,292.98831,49.48497,
Kepler-1574 b,Kepler-1574,1,Transit,2016,6.942433,0.0743,1.29,2.21,1003,0,5892,1.08,1.06,,1384.16,292.15867,49.63779,
Kepler-1575 b,Kepler-1575,1,Transit,2016,2.553142,0.0366,1.31,2.27,1312,0,5667,0.92,0.95,,1246.92,293.74321,45.76155,
Kepler-1576 b,Kepler-1576,1,Transit,2016,6.98472,0.07211,1.04,1.12,1059,0,5876,1.06,1.05,,460.91,289.07396,40.36602,
Kepler-1577 b,Kepler-1577,1,Transit,2016,6.305602,0.0657,1.13,1.51,1125,0,4862,0.74,0.78,,510.029,292.95527,47.57304,
Kepler-1578 b,Kepler-1578,1,Transit,2016,1.450887,0.0252,1.04,1.12,1700,0,5545,0.86,0.9,,1064.05,288.30211,47.77562,
Kepler-1579 b,Kepler-1579,1,Transit,2016,0.849908,0.014,0.84,0.52,1139,0,4584,0.7,0.75,,466,293.28802,43.51491,
Kepler-158 d,Kepler-158,3,Transit,2024,0.645088,0.012696,0.43,0.047,,,4896,0.668,0.656,K,315.177,284.03237,39.78154,a
Kepler-158 b,Kepler-158,3,Transit,2014,16.709184,0.111,2.12,5.14,500,0,4623,0.624,0.655,K,315.177,284.03237,39.78154,
Kepler-158 c,Kepler-158,3,Transit,2014,28.551383,0.158,1.9,4.27,418,0,4623,0.624,0.655,K,315.177,284.03237,39.78154,
Kepler-1580 b,Kepler-1580,1,Transit,2016,56.644928,0.33571,2.11,5.1,733,0,6228,2.15,1.47,,1002.02,285.96871,41.36353,
Kepler-1581 b,Kepler-1581,1,Transit,2016,6.283855,0.06865,0.8,0.437,1108,0,6022,1.23,1.12,,493.175,287.37132,39.60362,
Kepler-1582 b,Kepler-1582,1,Transit,2016,4.838177,0.0316,1.49,2.83,354,0,3208,0.3,0.28,,78.8906,289.37654,41.15808,
Kepler-1583 b,Kepler-1583,1,Transit,2016,9.328074,0.08307,0.6,0.156,788,0,5645,0.91,0.94,,403.933,286.38693,47.01652,
Kepler-1584 b,Kepler-1584,1,Transit,2016,13.39971,0.1168,1.61,3.22,886,0,6069,1.13,1.1,,1416.31,287.76268,43.27439,
Kepler-1585 b,Kepler-1585,1,Transit,2016,3.582746,0.0445,1.79,3.86,1064,0,5538,0.91,0.94,,944.465,296.15899,44.56305,
Kepler-1586 b,Kepler-1586,1,Transit,2016,15.604921,0.12208,1.52,2.92,1013,0,6681,1.75,1.45,,552.55,298.20262,44.92586,
Kepler-1587 b,Kepler-1587,1,Transit,2016,9.406047,0.08747,1.33,2.33,981,0,5933,1.22,1.08,,1026.48,292.67773,49.66387,
Kepler-1588 b,Kepler-1588,1,Transit,2016,7.849317,0.07419,0.76,0.363,925,0,5817,0.99,0.96,,924.141,288.23272,48.0022,
Kepler-1589 b,Kepler-1589,1,Transit,2016,0.991665,0.0205,1.09,1.32,2102,0,6166,1.25,1.18,,1513.14,294.44182,40.57161,
Kepler-159 b,Kepler-159,2,Transit,2014,10.139623,0.082,2.38,6.26,447,0,4625,0.663,0.628,M0 V,373.744,297.0702,40.86873,
Kepler-159 c,Kepler-159,2,Transit,2014,43.595792,0.218,3.41,11.5,275,0,4625,0.663,0.628,M0 V,373.744,297.0702,40.86873,
Kepler-1590 b,Kepler-1590,1,Transit,2016,7.617608,0.07116,1.14,1.55,1020,0,6053,1.16,1.11,,771.152,291.40791,48.01789,
Kepler-1591 b,Kepler-1591,1,Transit,2016,8.185049,0.0794,1.27,2.15,892,0,6082,1.16,1.1,,1419.58,296.51667,44.60862,
Kepler-1592 b,Kepler-1592,1,Transit,2016,3.057101,0.04,1.54,2.99,1202,0,6213,1.28,1.18,,1639.47,293.85062,38.39774,
Kepler-1593 b,Kepler-1593,1,Transit,2016,174.509835,0.55494,3.17,10.2,260,0,4995,0.77,0.81,,638.249,300.4882,44.46067,
Kepler-1594 b,Kepler-1594,1,Transit,2016,2.716038,0.0396,1.06,1.2,1360,0,5946,1.08,1.06,,976.868,293.62305,47.96191,
Kepler-1595 b,Kepler-1595,1,Transit,2016,4.563805,0.051,1.23,2.04,980,0,5203,0.8,0.84,,845.022,285.72275,43.00949,
Kepler-1596 b,Kepler-1596,1,Transit,2016,66.373379,0.3237,1.9,4.27,471,0,5706,0.92,0.95,,2146.23,285.55751,49.33009,
Kepler-1597 b,Kepler-1597,1,Transit,2016,2.946542,0.04136,1.06,1.2,1497,0,6377,1.39,1.25,,1221.05,288.16397,42.48101,
Kepler-1598 b,Kepler-1598,1,Transit,2016,4.341951,0.05207,0.95,0.809,1236,0,5940,1.09,1.07,,619.862,288.46911,46.78365,
Kepler-1599 b,Kepler-1599,1,Transit,2016,122.363553,0.4823,1.62,3.26,407,0,5767,0.99,0.99,,1328.2,286.22087,41.15119,
Kepler-16 b,Kepler-16,1,Transit,2011,228.776,0.7048,8.449,105.833,205.9,0.0069,4450,0.6489,0.6897,,75.0852,289.07583,51.75723,
Kepler-160 b,Kepler-160,3,Transit,2014,4.309397,0.05511,1.715,3.59,1134,0,5471,1.118,1.003,,937.013,287.77357,42.86928,
Kepler-160 c,Kepler-160,3,Transit,2014,13.699429,0.1192,3.76,13.6,771,0,5471,1.118,1.003,,937.013,287.77357,42.86928,
Kepler-160 d,Kepler-160,3,Transit Timing Variations,2020,30,0.17,,100,676.5,,5471,1.118,1.003,,937.013,287.77357,42.86928,
Kepler-1600 c,Kepler-1600,2,Transit,2021,7.29805,0.06961,1.942,4.43,786,0,5119,0.834,0.818,,1030.81,291.39938,38.78776,
Kepler-1600 b,Kepler-1600,2,Transit,2016,386.370548,0.98141,3.13,9.96,209,0,5214,0.82,0.86,,1030.81,291.39938,38.78776,
Kepler-1601 b,Kepler-1601,1,Transit,2016,2.20922,0.03281,0.82,0.477,1507,0,5869,1.07,1.04,,644.456,285.51295,38.07984,
Kepler-1602 b,Kepler-1602,1,Transit,2016,11.179316,0.09744,1.34,2.36,1159,0,6296,1.36,1.22,,629.804,293.58086,40.42754,
Kepler-1603 b,Kepler-1603,1,Transit,2016,2.271639,0.0351,1.29,2.21,1522,0,6241,1.31,1.21,,2712.58,295.32983,42.53497,
Kepler-1604 b,Kepler-1604,1,Transit,2016,0.683684,0.01406,1.41,2.57,2023,0,4976,0.76,0.81,,541.189,285.41065,44.41223,
Kepler-1605 b,Kepler-1605,1,Transit,2016,85.75655,0.36567,1.08,1.28,528,0,5280,0.82,0.86,,546.23,287.13494,47.48863,
Kepler-1606 b,Kepler-1606,1,Transit,2016,196.435224,0.6421,2.07,4.94,324,0,5422,0.86,0.9,,831.287,286.3783,43.07323,
Kepler-1607 b,Kepler-1607,1,Transit,2016,13.647368,0.11978,0.92,0.721,913,0,6116,1.21,1.14,,1286.1,296.05987,42.65606,
Kepler-1608 b,Kepler-1608,1,Transit,2016,16.473569,0.1126,1.73,3.64,612,0,4992,0.72,0.75,,832,295.56356,39.41757,
Kepler-1609 b,Kepler-1609,1,Transit,2016,114.34219,0.4679,2.22,5.56,429,0,6132,1.27,1.18,,1826.04,290.14654,39.6658,
Kepler-161 b,Kepler-161,2,Transit,2014,4.921355,0.054,2.12,2.63,868,0,5078,0.806,0.853,,434.632,290.51647,43.08386,
Kepler-161 c,Kepler-161,2,Transit,2014,7.06424,0.068,2.05,3.61,769,0,5078,0.806,0.853,,434.632,290.51647,43.08386,
Kepler-1610 b,Kepler-1610,2,Transit,2016,8.701816,0.0777,1.61,3.22,750,0,5383,0.87,0.91,,864.331,295.90498,45.40543,
Kepler-1610 c,Kepler-1610,2,Transit,2023,44.985188,0.2323,2.09,5.02,433,0,5295,0.8,0.825,,864.331,295.90498,45.40543,
Kepler-1611 b,Kepler-1611,1,Transit,2016,5.176243,0.0586,0.81,0.457,1243,0,5605,0.93,0.94,,908.444,296.51202,49.72775,
Kepler-1612 b,Kepler-1612,1,Transit,2016,3.917951,0.0482,1.03,1.08,1030,0,5643,0.94,0.96,,764.726,291.2503,45.65505,
Kepler-1613 b,Kepler-1613,1,Transit,2016,1.51843,0.02755,2.08,4.98,1926,0,6005,1.12,1.08,,1508.33,289.87501,43.42093,
Kepler-1614 b,Kepler-1614,1,Transit,2016,3.946614,0.0471,1.49,2.83,981,0,5121,0.76,0.79,,1191.19,284.87139,49.77589,
Kepler-1615 b,Kepler-1615,1,Transit,2016,47.312619,0.2788,2.06,4.9,658,0,5865,1.05,1.04,,1393.83,286.35921,42.2274,
Kepler-1616 b,Kepler-1616,1,Transit,2016,6.762844,0.07318,1.02,1.04,1337,0,6266,1.34,1.21,,1137.81,286.54367,45.30487,
Kepler-1617 b,Kepler-1617,1,Transit,2016,27.478557,0.17707,1.2,1.87,736,0,6167,1.22,1.15,,898.31,287.93717,46.41848,
Kepler-1618 b,Kepler-1618,1,Transit,2016,6.10826,0.07109,1.26,2.13,1267,0,6620,1.65,1.41,,1229.25,295.17536,45.93086,
Kepler-1619 b,Kepler-1619,1,Transit,2016,23.622591,0.15413,0.76,0.363,797,0,5852,1,1,,734.85,285.7036,44.42215,
Kepler-162 b,Kepler-162,2,Transit,2014,6.919798,0.069,1.26,2.13,961,0,5816,0.958,1.053,,855.641,297.27891,43.72397,
Kepler-162 c,Kepler-162,2,Transit,2014,19.446355,0.137,3.03,9.43,681,0,5816,0.958,1.053,,855.641,297.27891,43.72397,
Kepler-1620 b,Kepler-1620,1,Transit,2016,101.951829,0.4322,1.61,3.22,428,0,6157,1.23,1.15,,895.069,297.2709,46.92847,
Kepler-1621 b,Kepler-1621,1,Transit,2016,92.263714,0.4204,2.16,5.31,469,0,6158,1.24,1.15,,1631.66,297.58853,43.84119,
Kepler-1622 b,Kepler-1622,1,Transit,2016,10.811874,0.10136,1.47,2.76,922,0,6436,1.5,1.31,,796.477,297.32883,47.81546,
Kepler-1623 b,Kepler-1623,1,Transit,2016,4.361283,0.0518,1.31,2.27,1000,0,5772,1,1,,837.481,294.0827,39.55607,
Kepler-1624 b,Kepler-1624,1,Transit,2016,3.290314,0.0327,6.59,35.3,540,0,3768,0.552,0.541,M V,258.979,292.57986,37.37626,
Kepler-1625 b,Kepler-1625,1,Transit,2016,287.378949,0.87762,6.06,30.6,350,0,5677,0.94,0.96,,2310.11,295.42932,39.88651,
Kepler-1626 b,Kepler-1626,1,Transit,2016,4.13963,0.0537,2.02,4.74,1352,0,6826,1.85,1.51,,1368.83,296.50044,40.72121,
Kepler-1627 b,Kepler-1627,1,Transit,2016,7.202837,0.0643,3.69,13.2,794,0,5445,0.84,0.87,,317.437,284.05667,41.57673,
Kepler-1628 b,Kepler-1628,1,Transit,2016,76.378033,0.2952,6.43,33.8,240,0,3724,0.52,0.55,,352,281.63369,43.41155,
Kepler-1629 b,Kepler-1629,1,Transit,2016,3.875958,0.0485,0.77,0.381,1081,0,5776,1.01,1.01,,336.09,280.20663,43.77433,
Kepler-163 b,Kepler-163,2,Transit,2014,7.810937,0.078,1.05,1.16,906,0,5776,0.917,0.882,,689.814,295.00275,46.98734,
Kepler-163 c,Kepler-163,2,Transit,2014,21.347262,0.152,2.26,5.73,648,0,5776,0.917,0.882,,689.814,295.00275,46.98734,
Kepler-1630 b,Kepler-1630,1,Transit,2016,509.997402,1.1218,2.19,5.43,182,0,4736,0.63,0.66,,331.213,297.5083,43.71105,
Kepler-1631 b,Kepler-1631,1,Transit,2016,4.095139,0.0511,1.35,2.39,1122,0,5679,0.95,0.97,,1305.99,294.63258,43.80767,
Kepler-1632 b,Kepler-1632,1,Transit,2016,448.303558,0.6762,2.47,6.66,369,0,6137,1.19,1.12,,716.76,294.49488,43.91356,
Kepler-1633 b,Kepler-1633,1,Transit,2016,186.404271,0.3875,1.58,3.12,925,0,6256,1.32,1.2,,1114.91,288.51517,44.92325,
Kepler-1634 b,Kepler-1634,1,Transit,2016,374.876239,1.0525,3.19,10.3,282,0,5474,0.89,0.92,,617.339,294.0434,45.13982,
Kepler-1635 b,Kepler-1635,1,Transit,2016,469.63111,1.12664,3.64,12.9,200,0,5347,0.85,0.89,,1069.45,285.34905,45.55618,
Kepler-1636 b,Kepler-1636,1,Transit,2016,425.47785,1.12191,3.23,10.5,248,0,5797,1.02,1.01,,1947.54,294.05757,46.44098,
Kepler-1637 b,Kepler-1637,1,Transit,2016,6.109603,0.0596,0.89,0.64,1093,0,5789,1.02,1.02,,567.187,282.2368,48.1542,
Kepler-1638 b,Kepler-1638,1,Transit,2016,259.33683,0.745,1.87,4.16,304,0,5710,0.95,0.97,,1525.52,295.48233,48.52447,
Kepler-1639 b,Kepler-1639,1,Transit,2016,9.878482,0.0932,2.58,7.18,1003,0,6150,1.18,1.12,,1031.31,283.06865,48.80212,
Kepler-164 b,Kepler-164,4,Transit,2014,5.03503,0.058,1.41,2.57,1141,0,5888,1.148,1.036,,890.758,287.78081,47.62985,
Kepler-164 c,Kepler-164,4,Transit,2014,10.945723,0.097,2.73,7.9,881,0,5888,1.148,1.036,,890.758,287.78081,47.62985,
Kepler-164 d,Kepler-164,4,Transit,2014,28.986769,0.187,2.45,6.57,637,0,5888,1.148,1.036,,890.758,287.78081,47.62985,
Kepler-164 e,Kepler-164,4,Transit,2023,94.886902,0.4025,4.24,16.7,429,0,5888,1.097,0.966,,890.758,287.78081,47.62985,
Kepler-1640 b,Kepler-1640,1,Transit,2016,7.584413,0.0836,4.82,20.7,1228,0,6324,1.43,1.27,,1859.78,294.55779,40.85049,
Kepler-1641 b,Kepler-1641,2,Transit,2016,19.672266,0.1473,3.11,9.85,908,0,6152,1.19,1.12,,860.37,296.35946,41.57453,
Kepler-1641 c,Kepler-1641,2,Transit,2016,32.657212,0.2065,2.95,9.01,767,0,6152,1.19,1.12,,860.37,296.35946,41.57453,
Kepler-1642 c,Kepler-1642,2,Transit,2016,6.65138,0.0678,2.66,7.56,1095,0,5355,0.84,0.88,,413.873,297.21212,43.64379,
Kepler-1642 b,Kepler-1642,2,Transit,2016,12.205751,0.1016,3.2,10.3,895,0,5355,0.84,0.88,,413.873,297.21212,43.64379,
Kepler-1643 b,Kepler-1643,1,Transit,2016,5.342657,0.0531,2.32,5.99,799,0,4916,0.855,0.845,,341.774,300.43101,44.75101,
Kepler-1644 b,Kepler-1644,1,Transit,2016,21.090776,0.142,1.88,4.19,606,0,5499,0.86,0.89,,629.27,285.47505,48.03484,
Kepler-1645 b,Kepler-1645,1,Transit,2016,16.177956,0.1285,1.78,3.82,754,0,5812,1.02,1.02,,1202.47,297.47951,48.41858,
Kepler-1646 b,Kepler-1646,1,Transit,2016,4.485584,0.0295,1.23,2.04,365,0,3299,0.26,0.24,,127.591,287.52649,42.91294,
Kepler-1647 b,Kepler-1647,1,Transit,2016,1107.5923,2.7205,11.874,483,242.9,0.0581,6210,1.7903,1.2207,,1212.45,298.15006,40.65618,
Kepler-1649 b,Kepler-1649,2,Transit,2017,8.689099,0.0514,1.017,1.03,307,0,3240,0.2317,0.1977,,92.1913,292.50297,41.82999,
Kepler-1649 c,Kepler-1649,2,Transit,2020,19.53527,0.0649,1.06,1.2,234,0,3240,0.2317,0.1977,,92.1913,292.50297,41.82999,
Kepler-165 b,Kepler-165,2,Transit,2014,8.180848,0.072,2.32,5.99,716,0,5211,0.77,0.746,,560.885,280.69092,47.80967,
Kepler-165 c,Kepler-165,2,Transit,2014,15.31299,0.11,2.23,5.6,581,0,5211,0.77,0.746,,560.885,280.69092,47.80967,
Kepler-1650 b,Kepler-1650,1,Transit,2017,1.53818,0.0167,0.96,0.84,602,0.01,3410,0.334,0.326,,134.397,297.72923,42.86669,
Kepler-1651 b,Kepler-1651,1,Transit,2017,9.878639,0.0692,1.84,4.04,393,0.13,3713,0.503,0.522,,66.4074,283.62826,48.39081,
Kepler-1652 b,Kepler-1652,1,Transit,2017,38.09722,0.1654,1.6,3.19,268,0,3638,0.382,0.404,,252,294.36603,49.91502,
Kepler-1653 b,Kepler-1653,1,Transit,2017,140.2524,0.4706,2.17,5.35,284,0,4807,0.693,0.719,,755,296.4577,41.26602,
Kepler-1654 b,Kepler-1654,1,Transit,2018,1047.8356,2.026,9.18,158.915,206,0.26,5597,1.179,1.011,G5 V,568.117,282.18569,44.43446,
Kepler-1655 b,Kepler-1655,1,Transit,2018,11.872879,0.1029,2.213,5.4,938,0.19,6148,1.03,1.03,G0 V,213.26,286.6896,39.21208,
Kepler-1656 b,Kepler-1656,2,Transit,2018,31.562,0.1974,4.574,47.8,651,0.838,5569,1.1,1.03,,185.875,284.47225,39.91189,
Kepler-1656 c,Kepler-1656,2,Radial Velocity,2022,1919,3.053,14,126.4,161.2,0.527,5569,1.1,1.03,,185.875,284.47225,39.91189,
Kepler-166 d,Kepler-166,3,Transit,2016,1.554004,0.02449,1.73,3.64,1313,0,5350,0.83,0.88,,603.53,293.1601,48.88121,
Kepler-166 b,Kepler-166,3,Transit,2014,7.650254,0.072,2.27,5.77,772,0,5413,0.742,0.811,,603.53,293.1601,48.88121,
Kepler-166 c,Kepler-166,3,Transit,2014,34.260281,0.195,2.38,6.26,468,0,5413,0.742,0.811,,603.53,293.1601,48.88121,
Kepler-1660 AB b,Kepler-1660 A,1,Eclipse Timing Variations,2023,239.5044,0.8,12.9,1586.599,415.1,0.0554,6305,1.491,1.1366,F7 V,1188.54,290.55195,40.23504,
Kepler-1661 b,Kepler-1661,1,Transit,2020,175.06,0.633,3.87,17,243,0.057,5100,0.762,0.841,K,410.607,285.16709,41.96694,
Kepler-1663 b,Kepler-1663,1,Transit,2020,17.6046,0.1072,3.304,10.9,362,0,3844,0.6286,0.6108,,337.926,290.40152,48.82272,
Kepler-1664 b,Kepler-1664,1,Transit,2020,14.3868,0.1137,3.033,9.45,776,0,5736,1.072,0.944,,626.691,286.85272,49.26167,
Kepler-1665 b,Kepler-1665,1,Transit,2020,11.9548,0.096,2.839,8.44,906,0,5050,0.7778,0.842,,335.515,290.39624,41.03992,
Kepler-1666 b,Kepler-1666,2,Transit,2020,25.8476,0.1761,2.883,8.66,672,0,6293,1.1459,1.23,,1379.37,297.95161,46.2647,
Kepler-1666 c,Kepler-1666,2,Transit,2020,40.7157,0.2383,3.236,10.5,578,0,6293,1.1459,1.23,,1379.37,297.95161,46.2647,
Kepler-1667 b,Kepler-1667,1,Transit,2020,83.5781,0.35905,2.984,9.19,655,0,5942,1.0875,1.09,,626.819,283.53295,48.09436,
Kepler-1668 b,Kepler-1668,1,Transit,2020,15.434,0.124,4.348,17.4,721,0,5542,1.0174,0.98,,1335.64,297.35231,46.09593,
Kepler-1669 c,Kepler-1669,3,Transit,2021,1.60932,0.0228,1.901,4.27,958,0,4224,0.603,0.609,,543.444,297.43038,39.84788,
Kepler-1669 d,Kepler-1669,3,Transit,2023,4.729412,0.0468,1.22,1.98,669,0,4224,0.603,0.609,,543.444,297.43038,39.84788,
Kepler-1669 b,Kepler-1669,3,Transit,2020,9.51216,0.0745,2.78,8.15,530,0,4303,0.7141,0.67,,543.444,297.43038,39.84788,
Kepler-167 b,Kepler-167,4,Transit,2014,4.393154,0.04825,1.718,3.6,918,0,4884,0.749,0.777,K4,341.908,292.65853,38.34556,
Kepler-167 c,Kepler-167,4,Transit,2014,7.406106,0.0684,1.674,3.44,771,0,4884,0.749,0.777,K4,341.908,292.65853,38.34556,
Kepler-167 d,Kepler-167,4,Transit,2016,21.80379,0.1404,1.238,2.06,538,0,4884,0.749,0.777,K4,341.908,292.65853,38.34556,
Kepler-167 e,Kepler-167,4,Transit,2016,1071.23205,1.883,10.16,321.007,134.4,0.29,4884,0.749,0.777,K4,341.908,292.65853,38.34556,
Kepler-1670 b,Kepler-1670,1,Transit,2020,20.4998,0.1528,3.356,11.2,731,0,5838,1.5189,1.05,,2065.98,290.32646,43.12176,
Kepler-1671 b,Kepler-1671,1,Transit,2020,4.16787,0.04946,1.326,2.32,962,0,5136,0.9298,0.866,,357.059,291.74843,39.44678,
Kepler-1672 b,Kepler-1672,1,Transit,2020,150.878,0.55374,2.97,9.11,423,0,6132,1.0884,1.16,,391.181,297.9401,40.27856,
Kepler-1673 b,Kepler-1673,1,Transit,2020,33.7888,0.21363,2.936,8.93,611,0,6015,1.1317,1.11,,727.187,285.66717,48.71959,
Kepler-1674 b,Kepler-1674,1,Transit,2020,62.5611,0.3017,3.206,10.4,417,0,5474,0.8773,0.96,,1012.48,294.81604,45.30608,
Kepler-1675 b,Kepler-1675,1,Transit,2020,63.0382,0.32185,3.125,9.93,465,0,5853,1.1286,1.06,,651.117,283.80955,41.04125,
Kepler-1676 b,Kepler-1676,1,Transit,2020,29.9221,0.1954,3.377,11.3,782,0,5878,1.0607,1.07,,,287.23688,43.56717,
Kepler-1677 b,Kepler-1677,1,Transit,2020,22.064,0.1599,2.702,7.76,712,0,6014,1.2496,1.11,,735.369,298.49327,47.01306,
Kepler-1678 b,Kepler-1678,1,Transit,2020,147.974,0.5302,3.304,10.9,329,0,5754,0.835,1.03,,847.339,292.59163,38.39956,
Kepler-1679 b,Kepler-1679,1,Transit,2020,9.75376,0.0892,2.069,4.93,813,0,5501,0.8732,0.96,,909.28,293.90058,50.42705,
Kepler-168 b,Kepler-168,2,Transit,2014,4.425391,0.056,1.46,2.73,1240,0,6282,1.107,1.113,,1343.6,294.71018,39.82504,
Kepler-168 c,Kepler-168,2,Transit,2014,13.193242,0.116,2.69,7.7,862,0,6282,1.107,1.113,,1343.6,294.71018,39.82504,
Kepler-1680 b,Kepler-1680,1,Transit,2020,8.77424,0.07642,1.36,2.42,771,0,5021,0.7233,0.834,,310.315,297.07466,39.93389,
Kepler-1681 b,Kepler-1681,1,Transit,2020,69.8956,0.32,2.553,7.05,442,0,5756,0.759,0.893,,758.3,296.69728,46.3717,
Kepler-1682 b,Kepler-1682,1,Transit,2020,14.8334,0.1134,2.889,8.7,694,0,5619,0.8423,0.99,,1159.85,293.98358,39.57285,
Kepler-1683 b,Kepler-1683,1,Transit,2020,15.0337,0.1182,1.875,4.17,669,0,5429,0.9003,0.95,,733.143,298.4501,44.28402,
Kepler-1684 b,Kepler-1684,1,Transit,2020,47.7055,0.2253,2.871,8.6,347,0,4707,0.6668,0.75,,621.996,294.00542,46.31066,
Kepler-1685 b,Kepler-1685,1,Transit,2020,20.4905,0.1485,2.577,7.16,625,0,5484,0.8355,0.96,,1141.89,296.18826,43.93681,
Kepler-1686 b,Kepler-1686,1,Transit,2020,9.30987,0.08827,1.426,2.62,913,0,5715,1.1995,1.02,,729.823,291.60672,42.03598,
Kepler-1687 b,Kepler-1687,1,Transit,2020,5.77954,0.0532,1.656,3.38,598,0,4132,0.7261,0.65,,417.014,289.74284,50.78706,
Kepler-1688 b,Kepler-1688,1,Transit,2020,5.62012,0.0577,1.262,2.13,772,0,4632,0.746,0.814,,567.4469,289.55301,41.29785,
Kepler-1689 b,Kepler-1689,1,Transit,2020,8.483,0.0784,0.947,0.799,879,0,5731,0.9962,1.023,,294.122,291.57417,38.65594,
Kepler-169 b,Kepler-169,5,Transit,2014,3.250619,0.04,1.13,1.51,962,0,4997,0.763,0.825,,406.529,285.99992,40.91938,
Kepler-169 c,Kepler-169,5,Transit,2014,6.195469,0.062,1.21,1.92,776,0,4997,0.763,0.825,,406.529,285.99992,40.91938,
Kepler-169 d,Kepler-169,5,Transit,2014,8.348125,0.075,1.25,2.1,702,0,4997,0.763,0.825,,406.529,285.99992,40.91938,
Kepler-169 e,Kepler-169,5,Transit,2014,13.767102,0.105,2.2,5.48,595,0,4997,0.763,0.825,,406.529,285.99992,40.91938,
Kepler-169 f,Kepler-169,5,Transit,2014,87.090195,0.359,2.58,7.18,321,0,4997,0.763,0.825,,406.529,285.99992,40.91938,
Kepler-1690 b,Kepler-1690,1,Transit,2020,234.636,0.7097,2.811,8.3,267,0,5404,0.8623,0.94,,703.789,288.15666,41.87794,
Kepler-1691 b,Kepler-1691,1,Transit,2020,3.8482,0.0495,1.835,4.02,1283,0,6000,1.1315,1.11,,1267.67,286.2544,41.02184,
Kepler-1692 b,Kepler-1692,1,Transit,2020,5.95966,0.0646,1.112,1.42,897,0,5146,0.8661,0.87,,591.019,286.92418,47.05371,
Kepler-1693 c,Kepler-1693,2,Transit,2021,5.36371,0.0588,0.977,0.894,1059,0,5553,1.098,0.941,,760.065,290.20156,48.18578,
Kepler-1693 b,Kepler-1693,2,Transit,2020,12.0999,0.1011,1.289,2.21,807,0,5432,0.8783,0.95,,760.065,290.20156,48.18578,
Kepler-1694 b,Kepler-1694,1,Transit,2020,3.89526,0.0449,1.18,1.76,956,0,4954,0.7563,0.82,,513.329,293.79363,40.24102,
Kepler-1695 b,Kepler-1695,1,Transit,2020,4.7329,0.0529,1.119,1.46,957,0,5473,0.9872,0.96,,791.175,293.6193,46.4134,
Kepler-1696 b,Kepler-1696,1,Transit,2020,65.9409,0.3244,2.81,8.29,454,0,5712,1.1981,1.02,,1506.36,295.5761,42.02336,
Kepler-1697 b,Kepler-1697,1,Transit,2020,33.4969,0.2008,1.26,2.12,630,0,4682,0.7723,0.747,,247.771,287.66333,43.47138,
Kepler-1698 b,Kepler-1698,1,Transit,2020,1.2107,0.02065,1.073,1.25,1351,0,4975,0.7417,0.822,,222.345,293.34502,39.25775,
Kepler-1699 b,Kepler-1699,1,Transit,2020,3.49082,0.0418,1.567,3.08,1010,0,5576,0.725,0.81,,818.759,292.13733,48.91716,
Kepler-17 b,Kepler-17,1,Transit,2011,1.485711,0.02591,14.68,778.65,1570,0.011,5781,1.0103,1.04,G2 V,720.753,298.39524,47.81499,
Kepler-170 b,Kepler-170,2,Transit,2014,7.930592,0.08,3.2,82.6,899,0,5679,1.035,1.066,,738.657,284.5212,41.62966,
Kepler-170 c,Kepler-170,2,Transit,2014,16.665863,0.131,2.86,8.55,702,0,5679,1.035,1.066,,738.657,284.5212,41.62966,
Kepler-1700 b,Kepler-1700,1,Transit,2020,234.239,0.76094,2.901,8.76,329,0,6031,1.0937,1.12,,717.597,286.94974,45.35376,
Kepler-1701 b,Kepler-1701,1,Transit,2020,169.134,0.5738,2.222,5.57,273,0,5146,0.8402,0.87,,584.142,286.60886,41.8893,
Kepler-1702 b,Kepler-1702,1,Transit,2020,18.5012,0.1275,1.602,3.2,555,0,5093,0.7257,0.85,,857.14,284.97248,44.56748,
Kepler-1704 b,Kepler-1704,1,Transit,2021,988.88112,2.027,11.949,1322.166,253.8,0.92,5746,1.697,1.132,,835.455,291.20126,51.14424,
Kepler-1705 b,Kepler-1705,2,Transit,2021,9.03502,0.08,2.03,4.47,789,0.033,6312,1.259,1.139,,1633.49,301.57853,44.31216,
Kepler-1705 c,Kepler-1705,2,Transit,2021,11.28,0.102799,2.05,5.42,,0.028,6312,1.259,1.139,,1633.49,301.57853,44.31216,a
Kepler-1708 b,Kepler-1708,1,Transit,2021,737.1131,1.64,9.96,1462.011,245,0.4,6157,1.117,1.088,,1666.69,296.82411,43.62482,
Kepler-1709 b,Kepler-1709,1,Transit,2021,65.704597,0.32704,3.124,9.93,472,0,5918,1.043,1.003,,273.946,283.37489,43.78837,
Kepler-171 b,Kepler-171,3,Transit,2014,4.166972,0.05,2.34,6.08,1053,0,5642,0.839,0.978,,863.855,296.77191,41.7556,
Kepler-171 c,Kepler-171,3,Transit,2014,11.463462,0.098,2.56,7.08,752,0,5642,0.839,0.978,,863.855,296.77191,41.7556,
Kepler-171 d,Kepler-171,3,Transit,2014,39.595519,0.223,1.89,4.23,497,0,5642,0.839,0.978,,863.855,296.77191,41.7556,
Kepler-1710 b,Kepler-1710,1,Transit,2021,14.9111,0.11583,3.197,3.495,694,0,5650,0.899,0.932,,305.193,291.68329,37.75147,
Kepler-1711 b,Kepler-1711,1,Transit,2021,21.060801,0.1463,1.923,4.36,669,0,5706,1.034,0.94,,590.268,298.17729,42.23703,
Kepler-1712 b,Kepler-1712,1,Transit,2021,13.815,0.0903,2.284,5.83,391,0,3732,0.509,0.515,,156.264,284.9987,50.14669,
Kepler-1713 b,Kepler-1713,1,Transit,2021,18.0116,0.14185,1.717,3.59,900,0,6477,1.459,1.3,,295.293,287.34567,43.37839,
Kepler-1714 b,Kepler-1714,1,Transit,2021,10.2753,0.10549,3.264,10.7,1211,0,6150,2.086,1.448,,409.46,293.71647,46.22669,
Kepler-1715 b,Kepler-1715,1,Transit,2021,35.597301,0.22429,4.14,16,646,0,6212,1.209,1.082,,522.605,293.92973,41.6029,
Kepler-1716 b,Kepler-1716,1,Transit,2021,35.581001,0.18836,2.425,6.46,408,0,4894,0.684,0.753,,195.439,297.27172,43.33306,
Kepler-1717 b,Kepler-1717,1,Transit,2021,30.6528,0.2014,2.989,9.21,780,0,6200,1.64,1.158,,1008.79,295.21265,49.56216,
Kepler-1718 b,Kepler-1718,1,Transit,2021,135.188004,0.48418,2.569,7.12,345,0,5731,0.906,0.846,,375.522,292.23492,42.90946,
Kepler-1719 b,Kepler-1719,1,Transit,2021,6.14956,0.06868,3.95,14.8,1287,0,5687,1.775,1.08,,905.406,284.70685,38.93676,
Kepler-172 b,Kepler-172,4,Transit,2014,2.940309,0.04,2.35,6.12,1256,0,5526,1.085,1.081,,828.592,283.36841,41.82184,
Kepler-172 c,Kepler-172,4,Transit,2014,6.388996,0.068,2.86,8.55,970,0,5526,1.085,1.081,,828.592,283.36841,41.82184,
Kepler-172 d,Kepler-172,4,Transit,2014,14.627119,0.118,2.25,5.69,736,0,5526,1.085,1.081,,828.592,283.36841,41.82184,
Kepler-172 e,Kepler-172,4,Transit,2014,35.118736,0.211,2.76,8.05,550,0,5526,1.085,1.081,,828.592,283.36841,41.82184,
Kepler-1720 b,Kepler-1720,1,Transit,2021,12.7064,0.1043,3.216,10.4,697,0,5573,0.839,0.939,,629.445,296.80868,47.17186,
Kepler-1721 b,Kepler-1721,1,Transit,2021,4.59238,0.0519,3.119,9.9,924,0,5351,0.796,0.89,,641.374,283.5442,45.22565,
Kepler-1722 b,Kepler-1722,1,Transit,2021,9.17857,0.0819,2.867,8.58,753,0,5506,0.788,0.876,,772.283,296.66274,41.2612,
Kepler-1723 b,Kepler-1723,1,Transit,2021,39.752899,0.2249,2.88,8.65,568,0,6072,1.01,0.96,,811.278,294.46274,46.8214,
Kepler-1724 b,Kepler-1724,1,Transit,2021,6.45442,0.0683,2.837,8.43,999,0,6092,0.943,1.016,,1060.77,296.12073,47.92147,
Kepler-1725 b,Kepler-1725,1,Transit,2021,16.7199,0.13263,2.813,8.31,767,0,6020,1.085,1.049,,558.652,294.37355,40.19463,
Kepler-1726 b,Kepler-1726,1,Transit,2021,18.396299,0.12794,2.509,6.84,582,0,5316,0.804,0.876,,390.552,284.38615,45.71973,
Kepler-1727 b,Kepler-1727,1,Transit,2021,9.0293,0.0796,3.173,10.2,757,0,5349,0.82,0.824,,894.187,290.33361,38.72827,
Kepler-1728 b,Kepler-1728,1,Transit,2021,4.783,0.0535,2.955,9.04,886,0,5170,0.807,0.891,,651.783,287.094,39.06078,
Kepler-1729 b,Kepler-1729,1,Transit,2021,4.22097,0.0418,3.894,14.4,595,0,3837,0.517,0.544,,576.181,296.69394,42.62611,
Kepler-173 b,Kepler-173,2,Transit,2014,4.263742,0.048,1.29,2.21,1179,0,6031,0.949,1.067,,833.165,294.64662,41.8841,
Kepler-173 c,Kepler-173,2,Transit,2014,8.005777,0.074,2.43,6.48,956,0,6031,0.949,1.067,,833.165,294.64662,41.8841,
Kepler-1730 b,Kepler-1730,1,Transit,2021,13.8102,0.1131,4.485,18.4,833,0,5942,1.142,1.009,,1427.08,281.96058,43.70304,
Kepler-1731 b,Kepler-1731,1,Transit,2021,21.761299,0.1399,2.933,8.92,486,0,4859,0.72,0.781,,169.948,291.25442,36.74343,
Kepler-1732 b,Kepler-1732,1,Transit,2021,32.312401,0.2015,4.099,15.7,699,0,5821,1.494,1.043,,1289.41,292.29101,37.58077,
Kepler-1733 b,Kepler-1733,1,Transit,2021,9.22958,0.0933,3.636,12.8,1021,0,6320,1.252,1.273,,2080.51,291.13846,37.85924,
Kepler-1734 b,Kepler-1734,1,Transit,2021,6.79685,0.0714,3.089,9.74,985,0,6061,0.97,1.05,,1482.83,294.16317,41.45173,
Kepler-1735 b,Kepler-1735,1,Transit,2021,7.71793,0.0621,1.194,1.84,502,0,3975,0.509,0.535,,245.303,281.05035,47.1882,
Kepler-1736 b,Kepler-1736,1,Transit,2021,37.810299,0.2188,3.877,14.3,566,0,6085,0.973,0.976,,1430,289.7767,38.26224,
Kepler-1737 b,Kepler-1737,1,Transit,2021,64.6175,0.297,5.395,25.1,383,0,5043,0.881,0.834,,,297.01481,47.48642,
Kepler-1738 b,Kepler-1738,1,Transit,2021,7.67463,0.0781,2.825,8.37,957,0,6063,1.001,1.079,,1302.87,296.13135,47.43881,
Kepler-1739 b,Kepler-1739,1,Transit,2021,7.34371,0.0697,2.431,6.48,839,0,5757,0.762,0.865,,783.666,296.23205,47.67886,
Kepler-174 b,Kepler-174,3,Transit,2014,13.98179,0.1,1.96,4.5,553,0,4880,0.622,0.602,,384.757,287.43895,43.83201,
Kepler-174 c,Kepler-174,3,Transit,2014,44.000529,0.214,1.49,2.83,377,0,4880,0.622,0.602,,384.757,287.43895,43.83201,
Kepler-174 d,Kepler-174,3,Transit,2014,247.35373,0.677,2.19,5.43,212,0,4880,0.622,0.602,,384.757,287.43895,43.83201,
Kepler-1740 b,Kepler-1740,1,Transit,2021,8.1724,0.0779,3.323,11,858,0,5705,0.905,0.943,,1061.77,293.87366,38.92245,
Kepler-1741 b,Kepler-1741,1,Transit,2021,2.75759,0.0296,1.273,2.16,615,0,3683,0.424,0.454,,270.739,292.57707,39.12094,
Kepler-1742 b,Kepler-1742,1,Transit,2021,49.478199,0.2587,2.178,5.38,462,0,5776,0.849,0.939,,669.573,286.96681,44.99243,
Kepler-1743 b,Kepler-1743,1,Transit,2021,7.64971,0.084,1.599,3.18,1144,0,5855,1.613,1.266,,538.807,290.55236,48.12626,
Kepler-1744 b,Kepler-1744,1,Transit,2021,37.101101,0.20945,3.768,13.6,532,0,5986,0.85,0.886,,1091.63,291.02068,42.46246,
Kepler-1745 b,Kepler-1745,1,Transit,2021,3.01619,0.0408,1.929,4.38,1449,0,5611,1.4,0.995,,996.105,293.46899,42.82236,
Kepler-1746 b,Kepler-1746,1,Transit,2021,321.212006,0.94082,8.935,59.1,310,0,6018,1.286,1.09,,979.541,288.3204,42.26139,
Kepler-1747 b,Kepler-1747,1,Transit,2021,6.23032,0.066,4.265,16.8,875,0,5477,0.865,0.983,,1321.38,284.20966,45.25808,
Kepler-1748 b,Kepler-1748,1,Transit,2021,5.82352,0.0615,2.713,7.81,955,0,5774,0.864,0.916,,1083.28,285.9679,45.73908,
Kepler-1749 b,Kepler-1749,1,Transit,2021,14.5341,0.0956,1.613,3.23,420,0,3957,0.553,0.551,,268.2,290.29458,45.56452,
Kepler-175 b,Kepler-175,2,Transit,2014,11.903515,0.105,2.56,7.08,827,0,6064,1.01,0.969,,1312.34,289.55323,43.87612,
Kepler-175 c,Kepler-175,2,Transit,2014,34.035257,0.213,3.1,9.8,583,0,6064,1.01,0.969,,1312.34,289.55323,43.87612,
Kepler-1750 b,Kepler-1750,1,Transit,2021,205.912003,0.6785,6.004,30.1,298,0,5644,0.969,0.981,,1497.33,292.35149,48.51107,
Kepler-1751 b,Kepler-1751,1,Transit,2021,7.01731,0.0712,1.824,3.98,984,0,6052,0.967,0.974,,1291.47,284.84655,49.69234,
Kepler-1752 b,Kepler-1752,1,Transit,2021,56.358501,0.2698,4.541,18.7,419,0,5446,0.821,0.824,,962.888,290.85414,51.22274,
Kepler-1753 b,Kepler-1753,1,Transit,2021,16.004601,0.1179,2.227,5.59,583,0,5180,0.769,0.86,,707.688,288.23666,46.60587,
Kepler-1754 b,Kepler-1754,1,Transit,2021,8.19595,0.0718,2.44,6.53,672,0,4723,0.747,0.734,,718.945,295.45708,50.07718,
Kepler-1755 b,Kepler-1755,1,Transit,2021,24.812099,0.1668,5.917,29.4,631,0,6086,0.921,1.003,,982.383,296.84609,40.13858,
Kepler-1756 b,Kepler-1756,1,Transit,2021,2.35575,0.0319,1.472,2.77,1093,0,4915,0.812,0.781,,,294.3649,40.72089,
Kepler-1757 b,Kepler-1757,1,Transit,2021,19.656401,0.1335,2.947,8.99,549,0,5288,0.74,0.828,,807.308,297.73978,46.9419,
Kepler-1758 b,Kepler-1758,1,Transit,2021,9.97721,0.0919,2.571,7.13,1028,0,5557,1.616,1.035,,1588.41,297.79682,39.92134,
Kepler-1759 b,Kepler-1759,1,Transit,2021,3.72023,0.0429,0.904,0.676,954,0,5017,0.797,0.76,,385.348,298.46563,48.55933,
Kepler-176 b,Kepler-176,4,Transit,2014,5.433074,0.058,1.43,290.537,841,0,5232,0.891,0.86,,527.321,294.6679,43.85321,
Kepler-176 c,Kepler-176,4,Transit,2014,12.759712,0.102,2.6,1.33,633,0,5232,0.891,0.86,,527.321,294.6679,43.85321,
Kepler-176 d,Kepler-176,4,Transit,2014,25.751974,0.163,2.51,1.72,501,0,5232,0.891,0.86,,527.321,294.6679,43.85321,
Kepler-176 e,Kepler-176,4,Transit,2016,51.16579,0.25654,1.45,0.521,398,0,5295,0.83,0.87,,527.321,294.6679,43.85321,
Kepler-1760 b,Kepler-1760,1,Transit,2021,38.326099,0.2084,2.29,5.86,480,0,5229,0.903,0.821,,,284.13261,48.82515,
Kepler-1761 b,Kepler-1761,1,Transit,2021,4.04354,0.0413,1.391,2.51,613,0,3871,0.532,0.573,,221.186,284.13297,49.14263,
Kepler-1762 b,Kepler-1762,1,Transit,2021,29.539101,0.204,2.76,8.05,714,0,6572,1.238,1.298,,1663.74,290.49315,39.78551,
Kepler-1763 b,Kepler-1763,1,Transit,2021,1.48028,0.0257,1.147,1.59,1822,0,5897,1.259,1.026,,756.486,294.11304,40.36289,
Kepler-1764 b,Kepler-1764,1,Transit,2021,70.4683,0.3512,4.555,18.8,511,0,6461,1.131,1.162,,1542.48,293.8799,41.39384,
Kepler-1765 b,Kepler-1765,1,Transit,2021,10.4189,0.0917,2.495,6.78,855,0,5692,1.064,0.946,,764.456,298.01446,42.95743,
Kepler-1766 b,Kepler-1766,1,Transit,2021,105.014999,0.4161,2.279,5.81,406,0,5868,1.042,0.915,,501.229,294.27723,46.67524,
Kepler-1767 b,Kepler-1767,1,Transit,2021,59.658298,0.2873,3.013,9.34,393,0,5243,0.831,0.887,,820.506,293.64412,46.98967,
Kepler-1768 b,Kepler-1768,1,Transit,2021,15.1359,0.1286,2.233,5.62,933,0,6050,1.572,1.24,,632.766,299.95723,44.77189,
Kepler-1769 b,Kepler-1769,1,Transit,2021,89.193497,0.40598,4.465,18.2,483,0,6071,1.295,1.061,,438.412,294.74338,43.46116,
Kepler-177 b,Kepler-177,2,Transit,2013,36.8601,0.21101,3.5,5.84,549,0,5732,1.324,0.921,,1435.44,286.04714,45.0532,
Kepler-177 c,Kepler-177,2,Transit,2013,49.40926,0.25655,8.73,14.7,497,0,5732,1.324,0.921,,1435.44,286.04714,45.0532,
Kepler-1770 b,Kepler-1770,1,Transit,2021,16.8419,0.1261,2.841,8.45,699,0,5602,1.009,0.941,,582.942,299.25029,43.41037,
Kepler-1771 b,Kepler-1771,1,Transit,2021,88.643997,0.3815,4.055,15.5,391,0,5661,0.934,0.941,,565.752,292.01347,49.01913,
Kepler-1772 b,Kepler-1772,1,Transit,2021,3.21509,0.04391,2.686,7.68,1155,0,5541,0.934,0.942,,871.564,289.43812,39.27036,
Kepler-1773 b,Kepler-1773,1,Transit,2021,40.8097,0.24831,3.505,12.1,623,0,6183,1.3,1.241,,681.255,286.22323,38.25817,
Kepler-1774 b,Kepler-1774,1,Transit,2021,59.770802,0.29496,3.182,10.2,522,0,6214,1.122,1.101,,816.592,288.5744,40.98861,
Kepler-1775 b,Kepler-1775,1,Transit,2021,85.653999,0.39565,3.648,12.9,522,0,5818,1.647,1.149,,657.023,286.40235,38.73857,
Kepler-1776 b,Kepler-1776,1,Transit,2021,35.011902,0.2093,2.612,7.33,603,0,5872,1.153,1.041,,690.336,291.5344,47.0425,
Kepler-1777 b,Kepler-1777,1,Transit,2021,12.1842,0.10301,2.132,5.19,819,0,5771,1.068,0.984,,619.146,290.32865,37.72312,
Kepler-1778 b,Kepler-1778,1,Transit,2021,10.0874,0.0956,3.017,9.36,942,0,6310,1.095,1.143,,1276.29,287.3613,43.7388,
Kepler-1779 b,Kepler-1779,1,Transit,2021,16.343599,0.1264,3.033,9.44,730,0,5730,1.056,1.008,,908.501,300.41746,45.60549,
Kepler-178 b,Kepler-178,3,Transit,2014,9.576694,0.085,2.9,8.75,846,0,5676,1.066,0.852,,716.025,287.10103,46.8964,
Kepler-178 c,Kepler-178,3,Transit,2014,20.552802,0.142,2.88,8.65,656,0,5676,1.066,0.852,,716.025,287.10103,46.8964,
Kepler-178 d,Kepler-178,3,Transit,2014,96.678988,0.397,3.95,14.8,392,0,5676,1.066,0.852,,716.025,287.10103,46.8964,
Kepler-1780 b,Kepler-1780,1,Transit,2021,109.445,0.4276,3.606,12.7,340,0,5403,0.868,0.868,,790.516,294.08393,42.80951,
Kepler-1781 b,Kepler-1781,1,Transit,2021,4.88753,0.0574,2.381,6.26,1003,0,5568,0.957,1.053,,962.63,291.71149,42.34151,
Kepler-1782 b,Kepler-1782,1,Transit,2021,5.75623,0.05825,2.229,5.6,773,0,4931,0.734,0.794,,305.792,280.92616,44.0878,
Kepler-1783 b,Kepler-1783,1,Transit,2021,8.27744,0.07595,1.319,2.3,1088,0,5129,1.781,0.887,,264.078,297.0211,41.37717,
Kepler-1784 b,Kepler-1784,1,Transit,2021,13.5905,0.1072,2.799,8.24,724,0,5442,0.974,0.887,,883.045,297.95417,44.66745,
Kepler-1785 b,Kepler-1785,1,Transit,2021,19.585501,0.13917,2.704,7.77,666,0,5618,0.996,0.911,,745.74,295.79218,47.60007,
Kepler-1786 b,Kepler-1786,1,Transit,2021,78.546097,0.35722,3.163,10.1,501,0,5808,1.397,1.058,,863.909,292.58777,38.52198,
Kepler-1787 b,Kepler-1787,1,Transit,2021,39.313702,0.227,2.319,5.99,540,0,6060,0.925,1.008,,778.602,289.0643,47.1174,
Kepler-1788 b,Kepler-1788,1,Transit,2021,2.80012,0.0343,2.379,6.25,956,0,4786,0.704,0.686,,560.445,291.22438,45.7781,
Kepler-1789 b,Kepler-1789,1,Transit,2021,80.231903,0.3543,2.831,8.4,380,0,5436,0.888,0.92,,611.461,282.86314,41.79663,
Kepler-179 b,Kepler-179,2,Transit,2014,2.735926,0.036,1.64,3.33,1075,0,5302,0.759,0.893,,605.68,298.66362,47.76193,
Kepler-179 c,Kepler-179,2,Transit,2014,6.40013,0.064,2,4.66,810,0,5302,0.759,0.893,,605.68,298.66362,47.76193,
Kepler-1790 b,Kepler-1790,1,Transit,2021,31.5889,0.20989,3.145,10,682,0,5866,1.367,1.02,,1070.17,294.56686,46.07573,
Kepler-1791 b,Kepler-1791,1,Transit,2021,7.72086,0.0761,3.121,9.91,1021,0,5887,1.177,0.985,,602.218,284.49032,42.64826,
Kepler-1792 b,Kepler-1792,1,Transit,2021,4.19578,0.0488,2.52,6.89,1047,0,5229,1.005,0.878,,601.029,294.84008,39.08598,
Kepler-1793 b,Kepler-1793,1,Transit,2021,8.78,0.0787,3.79,13.8,713,0,5191,0.764,0.85,,1189.88,291.91295,40.95393,
Kepler-1794 b,Kepler-1794,1,Transit,2021,9.76298,0.0821,1.794,3.87,703,0,5052,0.816,0.773,,561.229,300.61966,45.78881,
Kepler-1795 b,Kepler-1795,1,Transit,2021,13.3602,0.1002,1.663,3.4,520,0,4500,0.688,0.768,,,286.47926,39.26988,
Kepler-1796 b,Kepler-1796,1,Transit,2021,29.455799,0.1879,2.75,8,598,0,6036,0.949,1.018,,825.883,301.54304,44.60563,
Kepler-1797 b,Kepler-1797,1,Transit,2021,23.3594,0.1637,3.058,9.58,684,0,6244,1.009,1.069,,1338.49,292.46424,45.96828,
Kepler-1798 b,Kepler-1798,1,Transit,2021,16.8559,0.1082,2.309,5.94,408,0,3967,0.587,0.593,,395.196,291.72623,37.52897,
Kepler-1799 b,Kepler-1799,1,Transit,2021,11.9297,0.1028,4.128,15.9,770,0,5831,0.921,1.016,,2254.69,288.3087,51.47833,
Kepler-18 b,Kepler-18,3,Transit,2011,3.504725,0.0447,2,6.9,1165,0,5345,1.108,0.972,,433.047,298.07944,44.74625,
Kepler-18 c,Kepler-18,3,Transit,2011,7.64159,0.0752,5.49,17.3,899,0,5345,1.108,0.972,,433.047,298.07944,44.74625,
Kepler-18 d,Kepler-18,3,Transit,2011,14.85888,0.1172,6.98,16.4,720,0,5345,1.108,0.972,,433.047,298.07944,44.74625,
Kepler-180 b,Kepler-180,2,Transit,2014,13.817124,0.109,1.5,2.86,781,0,5731,1.063,0.95,,695.65,295.57126,49.77451,
Kepler-180 c,Kepler-180,2,Transit,2014,41.885775,0.229,3.01,9.32,540,0,5731,1.063,0.95,,695.65,295.57126,49.77451,
Kepler-1800 b,Kepler-1800,1,Transit,2021,4.56203,0.05098,0.997,0.961,1533,0,5343,2.506,1.33,,350.455,297.65133,40.35242,
Kepler-1801 b,Kepler-1801,2,Transit,2021,10.4409,0.0915,2.709,7.8,829,0,5738,0.981,0.936,,839.332,295.16401,39.2014,
Kepler-1801 c,Kepler-1801,2,Transit,2023,116.583183,0.4572,2.91,8.8,371,0,5738,0.981,0.936,,839.332,295.16401,39.2014,
Kepler-1802 b,Kepler-1802,2,Transit,2021,15.4502,0.0662,1.671,3.43,581,0,4245,0.637,0.649,,636.694,300.24209,44.14129,
Kepler-1802 c,Kepler-1802,2,Transit,2021,33.136101,0.1748,2.322,6,357,0,4245,0.637,0.649,,636.694,300.24209,44.14129,
Kepler-1804 b,Kepler-1804,1,Transit,2021,12.2885,0.1017,1.596,3.18,913,0,5109,1.671,0.929,,434.456,301.34287,44.67218,
Kepler-1805 b,Kepler-1805,1,Transit,2021,8.84794,0.0699,1.545,3,479,0,3867,0.552,0.581,,221.639,285.08654,40.89905,
Kepler-1806 b,Kepler-1806,1,Transit,2021,9.03332,0.0813,2.356,6.15,729,0,5311,0.788,0.884,,978.066,287.53495,49.80163,
Kepler-1807 b,Kepler-1807,1,Transit,2021,10.8606,0.0988,2.704,7.77,1108,0,6455,1.496,1.087,,1299.32,291.54941,44.52728,
Kepler-1808 b,Kepler-1808,1,Transit,2021,23.340401,0.1467,3.025,9.4,601,0,5530,0.892,0.773,,1022.01,287.29247,39.3832,
Kepler-1809 b,Kepler-1809,1,Transit,2021,3.7573,0.04444,1.513,2.9,877,0,4901,0.716,0.807,,409.602,290.26517,40.54849,
Kepler-181 b,Kepler-181,2,Transit,2014,3.137873,0.04,1.27,2.15,1041,0,5333,0.749,0.81,,609.283,296.15128,50.09578,
Kepler-181 c,Kepler-181,2,Transit,2014,4.302149,0.049,1.99,4.62,937,0,5333,0.749,0.81,,609.283,296.15128,50.09578,
Kepler-1810 b,Kepler-1810,1,Transit,2021,101.133003,0.4137,3.918,14.6,380,0,5492,1.016,0.921,,1009.87,291.813,38.0881,
Kepler-1811 b,Kepler-1811,1,Transit,2021,76.422302,0.3462,3.848,14.1,455,0,5561,1.19,0.946,,1390.56,289.97932,40.14278,
Kepler-1812 b,Kepler-1812,1,Transit,2021,7.16522,0.0765,2.325,6.01,1034,0,6174,1.103,1.162,,1409.19,298.08451,40.28325,
Kepler-1813 b,Kepler-1813,1,Transit,2021,2.81816,0.0364,1.413,2.58,1059,0,5167,0.787,0.812,,,292.23991,48.51152,
Kepler-1814 c,Kepler-1814,2,Transit,2023,0.626282,0.0133,1.76,3.75,1711,0,4922,0.823,0.79,,726.346,285.21668,41.28244,
Kepler-1814 b,Kepler-1814,2,Transit,2021,2.93536,0.03765,2.37,6.21,1022,0,4922,0.823,0.79,,726.346,285.21668,41.28244,
Kepler-1815 b,Kepler-1815,1,Transit,2021,12.1914,0.0984,2.749,7.99,763,0,5516,0.967,0.856,,1006.63,300.17047,43.9849,
Kepler-1816 b,Kepler-1816,1,Transit,2021,91.500999,0.35647,1.968,4.53,310,0,5051,0.706,0.786,,437.823,296.85098,50.69877,
Kepler-1817 b,Kepler-1817,1,Transit,2021,44.299198,0.2348,2.273,5.79,463,0,5316,0.915,0.878,,748.569,282.03334,44.478,
Kepler-1818 b,Kepler-1818,1,Transit,2021,4.64491,0.055,1.714,3.58,1209,0,6047,1.129,1.021,,1034.59,284.32849,40.56887,
Kepler-1819 b,Kepler-1819,1,Transit,2021,16.4869,0.1337,3.904,14.5,760,0,6090,1.071,1.173,,1363.19,296.56003,46.85746,
Kepler-182 b,Kepler-182,2,Transit,2014,9.825792,0.096,2.58,7.18,935,0,6250,1.146,1.114,,1549.09,289.83011,50.5862,
Kepler-182 c,Kepler-182,2,Transit,2014,20.684342,0.157,3.43,11.6,729,0,6250,1.146,1.114,,1549.09,289.83011,50.5862,
Kepler-1820 b,Kepler-1820,1,Transit,2021,31.032499,0.1964,3.119,9.9,561,0,5841,0.931,1.047,,1425.39,296.71274,48.27228,
Kepler-1821 b,Kepler-1821,1,Transit,2021,16.458099,0.1244,2.592,7.24,644,0,5475,0.884,0.946,,799.699,294.52546,49.87248,
Kepler-1822 b,Kepler-1822,1,Transit,2021,22.1334,0.1416,2.648,7.5,507,0,5165,0.702,0.782,,897.597,297.2855,41.30557,
Kepler-1823 b,Kepler-1823,1,Transit,2021,21.103399,0.15332,2.086,5,718,0,6000,1.126,1.068,,724.971,283.75478,45.33512,
Kepler-1824 b,Kepler-1824,1,Transit,2021,95.611,0.4267,2.381,6.26,421,0,6002,1.081,1.135,,1040.1,296.7072,41.20362,
Kepler-1825 b,Kepler-1825,1,Transit,2021,1.02587,0.0187,1.422,2.61,1520,0,5123,0.847,0.828,,430.254,292.51406,42.65176,
Kepler-1826 b,Kepler-1826,1,Transit,2021,1.61536,0.0213,1.475,2.78,806,0,3821,0.486,0.49,,336.952,292.77001,48.89985,
Kepler-1827 b,Kepler-1827,1,Transit,2021,3.70062,0.04647,1.856,4.1,1329,0,5423,1.404,0.915,,686.461,292.25253,40.79279,
Kepler-1828 b,Kepler-1828,1,Transit,2021,10.2738,0.0924,2.116,5.13,799,0,5806,0.899,0.996,,871.81,292.4276,37.32076,
Kepler-1829 b,Kepler-1829,1,Transit,2021,5.18672,0.0559,2.479,6.71,860,0,5230,0.777,0.873,,679.921,288.66448,51.49838,
Kepler-183 b,Kepler-183,2,Transit,2014,5.687945,0.064,2.06,4.9,1088,0,5888,0.958,0.99,,1050.64,293.53081,39.31593,
Kepler-183 c,Kepler-183,2,Transit,2014,11.637071,0.103,2.27,35.7,857,0,5888,0.958,0.99,,1050.64,293.53081,39.31593,
Kepler-1830 b,Kepler-1830,1,Transit,2021,56.493301,0.31769,3.33,11.1,681,0,6160,2.046,1.443,,1056.88,295.13904,40.97905,
Kepler-1831 b,Kepler-1831,1,Transit,2021,5.78387,0.0655,1.97,4.54,1051,0,6063,1.012,1.117,,1053.49,295.30246,49.58905,
Kepler-1832 b,Kepler-1832,1,Transit,2021,3.13879,0.037,1.227,2.02,1022,0,5242,0.722,0.684,,486.174,299.85178,43.73206,
Kepler-1833 b,Kepler-1833,1,Transit,2021,6.89213,0.07545,1.3,2.24,1177,0,6164,1.446,1.286,,591.602,290.87142,45.41028,
Kepler-1834 c,Kepler-1834,2,Transit,2023,0.766692,0.015,1.22,1.98,1541,0,4821,0.788,0.765,,500.395,294.66468,39.78385,
Kepler-1834 b,Kepler-1834,2,Transit,2021,4.60301,0.04911,1.459,2.73,848,0,4821,0.788,0.765,,500.395,294.66468,39.78385,
Kepler-1835 b,Kepler-1835,1,Transit,2021,11.9641,0.0997,3.534,12.2,808,0,5903,0.961,0.922,,1404.38,280.31482,43.98569,
Kepler-1836 b,Kepler-1836,1,Transit,2021,5.25417,0.0602,2.553,7.05,1093,0,6123,0.987,1.053,,1472.62,292.31509,40.83878,
Kepler-1837 b,Kepler-1837,1,Transit,2021,5.90609,0.065,2.067,4.92,1012,0,5966,0.961,1.049,,1229.18,288.2076,45.68345,
Kepler-1838 b,Kepler-1838,1,Transit,2021,12.1468,0.11082,1.66,3.4,1097,0,5877,1.963,1.187,,451.242,298.99172,40.14226,
Kepler-1839 b,Kepler-1839,1,Transit,2021,5.05676,0.0583,1.949,4.46,1049,0,5926,0.939,1.03,,1136.6,294.22444,50.07558,
Kepler-184 b,Kepler-184,3,Transit,2014,10.687576,0.092,2.36,6.17,780,0,5788,0.873,0.872,,610.326,291.95188,43.07462,
Kepler-184 c,Kepler-184,3,Transit,2014,20.303005,0.141,1.97,8.8,630,0,5788,0.873,0.872,,610.326,291.95188,43.07462,
Kepler-184 d,Kepler-184,3,Transit,2014,29.022358,0.179,2.49,6.76,559,0,5788,0.873,0.872,,610.326,291.95188,43.07462,
Kepler-1840 b,Kepler-1840,1,Transit,2021,131.190002,0.46206,2.778,8.13,284,0,4898,0.803,0.774,,513.107,298.59488,41.43596,
Kepler-1841 b,Kepler-1841,1,Transit,2021,25.886,0.1606,1.489,2.82,542,0,5190,0.899,0.823,,631.7,287.7069,40.68522,
Kepler-1842 b,Kepler-1842,1,Transit,2021,14.0264,0.116,2.354,6.14,822,0,5970,1.131,1.057,,923.551,286.2516,42.37844,
Kepler-1843 b,Kepler-1843,1,Transit,2021,25.5434,0.17871,2.709,7.8,772,0,5422,1.782,1.02,,784.625,292.88523,41.27917,
Kepler-1844 b,Kepler-1844,1,Transit,2021,3.92451,0.0478,3.036,9.46,1074,0,5776,0.849,0.939,,1804.36,292.6904,37.93457,
Kepler-1845 b,Kepler-1845,1,Transit,2021,11.6065,0.0885,2.438,6.52,584,0,4703,0.701,0.686,,710.724,292.90162,38.29703,
Kepler-1846 b,Kepler-1846,1,Transit,2021,14.8201,0.11054,1.764,3.76,552,0,4825,0.732,0.785,,374.615,294.39095,44.76295,
Kepler-1847 b,Kepler-1847,1,Transit,2021,11.1297,0.0989,2.745,7.97,843,0,6122,0.964,1.041,,1693.86,296.6014,44.32523,
Kepler-1848 b,Kepler-1848,1,Transit,2021,5.60402,0.05835,1.409,2.57,774,0,4847,0.737,0.756,,309.696,299.38149,45.59208,
Kepler-1849 b,Kepler-1849,1,Transit,2021,57.2929,0.2597,2.387,6.29,355,0,4806,0.729,0.709,,631.884,285.29193,41.25573,
Kepler-185 b,Kepler-185,2,Transit,2014,1.6329,0.026,1.17,1.71,1237,0,5208,0.806,0.763,,466.735,282.46817,43.88995,
Kepler-185 c,Kepler-185,2,Transit,2014,20.729042,0.139,2.02,4.74,530,0,5208,0.806,0.763,,466.735,282.46817,43.88995,
Kepler-1850 b,Kepler-1850,1,Transit,2021,1.3858,0.0206,0.729,0.313,1008,0,4239,0.6,0.611,,250.199,287.14283,43.61612,
Kepler-1851 b,Kepler-1851,1,Transit,2021,12.0229,0.1016,3.9,14.5,776,0,5982,0.879,0.967,,1589.81,285.67376,45.63984,
Kepler-1852 b,Kepler-1852,1,Transit,2021,7.97094,0.0762,1.886,4.22,760,0,5237,0.826,0.927,,772.481,288.02972,40.34419,
Kepler-1853 b,Kepler-1853,1,Transit,2021,48.888199,0.2395,1.519,2.92,386,0,4821,0.788,0.765,,562.348,284.74788,46.37354,
Kepler-1854 b,Kepler-1854,1,Transit,2021,39.8311,0.20894,2.587,7.21,420,0,5026,0.759,0.8,,423.348,286.28593,37.38699,
Kepler-1855 b,Kepler-1855,1,Transit,2021,0.727331,0.0115,1.216,1.96,849,0,3460,0.356,0.385,,,283.40186,41.51616,
Kepler-1856 b,Kepler-1856,1,Transit,2021,1.302,0.0215,1.734,3.66,1344,0,4948,0.816,0.782,,848.76,295.90917,51.34788,
Kepler-1857 b,Kepler-1857,1,Transit,2021,8.94341,0.08308,1.961,4.5,946,0,6074,1.005,0.873,,853.275,296.45571,39.59854,
Kepler-1858 b,Kepler-1858,1,Transit,2021,88.071602,0.3575,2.422,6.44,330,0,4939,0.819,0.785,,833.055,292.30743,46.62658,
Kepler-1859 b,Kepler-1859,2,Transit,2021,2.7296,0.0394,1.583,3.13,1455,0,5887,1.235,1.09,,1331.25,293.98868,46.718,
Kepler-1859 c,Kepler-1859,2,Transit,2023,3.596451,0.0473,1.66,3.39,1327,0,5887,1.235,1.09,,1331.25,293.98868,46.718,
Kepler-186 b,Kepler-186,5,Transit,2014,3.886791,0.0343,1.07,1.24,571,0,3788,0.472,0.478,M1,177.594,298.65274,43.95499,
Kepler-186 c,Kepler-186,5,Transit,2014,7.267302,0.0451,1.25,2.1,464,0,3788,0.472,0.478,M1,177.594,298.65274,43.95499,
Kepler-186 d,Kepler-186,5,Transit,2014,13.342996,0.0781,1.4,2.54,379,0,3788,0.472,0.478,M1,177.594,298.65274,43.95499,
Kepler-186 e,Kepler-186,5,Transit,2014,22.407704,0.11,1.27,2.15,319,0,3788,0.472,0.478,M1,177.594,298.65274,43.95499,
Kepler-186 f,Kepler-186,5,Transit,2014,129.9441,0.432,1.17,1.71,177,0.04,3755,0.523,0.544,M1,177.594,298.65274,43.95499,
Kepler-1860 b,Kepler-1860,1,Transit,2021,12.7372,0.10625,1.139,1.55,697,0,5420,0.868,0.874,,438.703,294.35085,50.08096,
Kepler-1861 b,Kepler-1861,1,Transit,2021,40.030602,0.24082,2.207,5.5,617,0,5855,1.373,1.161,,829.985,295.84651,49.93616,
Kepler-1862 b,Kepler-1862,1,Transit,2021,16.057301,0.1199,2.203,5.49,645,0,5644,0.806,0.9,,1232.19,296.75336,49.37807,
Kepler-1863 b,Kepler-1863,1,Transit,2021,44.997601,0.23678,2.263,5.74,508,0,5871,0.983,1.097,,865.546,282.23972,43.24409,
Kepler-1864 b,Kepler-1864,1,Transit,2021,3.88151,0.049,0.754,0.353,1156,0,5854,0.979,1.03,,298.894,289.68677,41.58892,
Kepler-1865 b,Kepler-1865,1,Transit,2021,2.52401,0.0344,1.577,3.11,1203,0,5420,0.871,0.849,,922.255,293.94124,41.59041,
Kepler-1866 b,Kepler-1866,1,Transit,2021,11.6601,0.1016,2.082,4.99,834,0,5791,1.083,1.03,,976.737,286.22465,44.65449,
Kepler-1867 b,Kepler-1867,1,Transit,2021,9.88736,0.0872,1.16,1.65,768,0,5693,0.816,0.911,,680.583,294.9971,43.43587,
Kepler-1868 b,Kepler-1868,1,Transit,2021,211.033997,0.62348,3.15,10.1,215,0,4658,0.686,0.743,,274.18,293.29837,43.5558,
Kepler-1869 c,Kepler-1869,2,Transit,2023,1.716828,0.028,0.74,0.33,1455,0,5808,0.902,0.987,,113.025,292.615,42.76434,
Kepler-1869 b,Kepler-1869,2,Transit,2021,8.16736,0.07976,1.12,1.46,865,0,5808,0.902,0.987,,113.025,292.615,42.76434,
Kepler-187 b,Kepler-187,2,Transit,2014,4.938864,0.059,1.41,2.57,1244,0,6105,1.287,1.081,,1143,299.7965,44.08924,
Kepler-187 c,Kepler-187,2,Transit,2014,10.640263,0.099,2.67,7.61,963,0,6105,1.287,1.081,,1143,299.7965,44.08924,
Kepler-1870 b,Kepler-1870,1,Transit,2021,3.60694,0.0452,2.101,5.07,1046,0,5508,0.84,0.955,,407.216,293.93351,40.5907,
Kepler-1871 b,Kepler-1871,1,Transit,2021,1.9527,0.0308,2.422,6.44,1403,0,5741,0.946,1.02,,854.623,292.4275,38.47288,
Kepler-1872 b,Kepler-1872,1,Transit,2021,3.82591,0.0465,2.384,6.28,1005,0,5223,0.885,0.913,,840.182,281.0492,43.3226,
Kepler-1873 b,Kepler-1873,1,Transit,2021,0.558842,0.0128,1.626,3.28,1787,0,5151,0.792,0.903,,820.957,294.59656,46.04837,
Kepler-1874 b,Kepler-1874,1,Transit,2021,56.5732,0.2633,2.211,5.52,356,0,4701,0.775,0.758,,408.007,286.37182,43.69208,
Kepler-1875 b,Kepler-1875,1,Transit,2021,34.458599,0.2039,3.227,10.5,559,0,6161,0.862,0.95,,1660.45,296.77274,50.18837,
Kepler-1876 b,Kepler-1876,1,Transit,2021,6.99205,0.0758,0.853,2.4,1299,0.098,6104,1.477,1.187,,259.935,299.16049,41.1438,
Kepler-1877 b,Kepler-1877,1,Transit,2021,2.37757,0.03472,0.624,0.179,1278,0,5615,0.936,1.022,,285.312,294.86692,46.79048,
Kepler-1878 b,Kepler-1878,1,Transit,2021,4.44588,0.0521,2.92,8.86,1063,0,5918,0.865,0.956,,1494.3,300.73242,44.10702,
Kepler-1879 b,Kepler-1879,1,Transit,2021,10.6134,0.0957,2.065,4.92,987,0,5865,1.388,1.023,,627.171,289.36442,41.53326,
Kepler-188 b,Kepler-188,2,Transit,2014,2.061897,0.032,1.68,3.46,1463,0,6021,1.141,1.021,,968.544,281.27972,44.31547,
Kepler-188 c,Kepler-188,2,Transit,2014,5.996553,0.066,3.19,10.3,1025,0,6021,1.141,1.021,,968.544,281.27972,44.31547,
Kepler-1880 b,Kepler-1880,1,Transit,2021,6.30922,0.054,2.117,5.13,606,0,4380,0.53,0.524,,611.041,287.82646,40.6966,
Kepler-1881 b,Kepler-1881,1,Transit,2021,159.393997,0.53325,2.981,9.17,289,0,5135,0.874,0.812,,1057.21,293.63931,44.98254,
Kepler-1882 b,Kepler-1882,1,Transit,2021,13.7873,0.11636,1.487,2.81,894,0,5691,1.458,1.068,,443.371,290.66409,43.49979,
Kepler-1883 b,Kepler-1883,1,Transit,2021,103.427002,0.4438,3.251,10.6,416,0,6208,1.024,1.086,,1377.61,291.92256,42.00252,
Kepler-1884 b,Kepler-1884,1,Transit,2021,8.98832,0.0845,1.814,3.95,864,0,5984,0.906,0.993,,1443.09,296.7464,43.04542,
Kepler-1885 b,Kepler-1885,1,Transit,2021,2.52256,0.036,1.511,2.89,1205,0,5591,0.86,0.977,,818.482,288.75071,47.49092,
Kepler-1886 b,Kepler-1886,1,Transit,2021,24.275801,0.16,2.582,7.18,580,0,5745,0.837,0.928,,1059.51,296.26451,39.40597,
Kepler-1887 b,Kepler-1887,1,Transit,2021,19.9475,0.1421,2.925,8.88,625,0,5749,0.864,0.961,,1366.18,288.95553,44.70571,
Kepler-1888 b,Kepler-1888,1,Transit,2021,11.3917,0.0956,1.326,2.32,886,0,5557,1.249,0.897,,402.947,289.39455,41.78226,
Kepler-1889 b,Kepler-1889,1,Transit,2021,37.303699,0.2082,2.944,8.98,493,0,5646,0.817,0.864,,1395.13,297.19926,41.22644,
Kepler-189 b,Kepler-189,2,Transit,2014,10.399931,0.088,1.21,1.92,678,0,5235,0.75,0.803,,591.534,287.56463,44.30507,
Kepler-189 c,Kepler-189,2,Transit,2014,20.134866,0.137,2.38,22.7,544,0,5235,0.75,0.803,,591.534,287.56463,44.30507,
Kepler-1890 b,Kepler-1890,1,Transit,2021,4.82059,0.05712,0.869,0.587,1328,0,6046,1.396,1.024,,529.596,292.57782,40.6679,
Kepler-1891 b,Kepler-1891,1,Transit,2021,4.02229,0.0473,1.521,2.93,1017,0,5516,0.827,0.873,,596.24,290.04385,44.37054,
Kepler-1892 b,Kepler-1892,1,Transit,2021,6.33123,0.0633,1.837,4.03,822,0,5383,0.759,0.851,,851.595,299.08101,42.0181,
Kepler-1893 b,Kepler-1893,1,Transit,2021,4.17937,0.0504,1.706,3.55,1194,0,5633,1.162,0.973,,1050.72,298.40129,44.83817,
Kepler-1894 b,Kepler-1894,2,Transit,2021,2.76266,0.0385,1.201,1.87,1231,0,5772,0.901,0.999,,935.191,295.58646,49.66685,
Kepler-1894 c,Kepler-1894,2,Transit,2023,5.05369,0.0576,1.21,1.92,1007,0,5772,0.901,0.999,,935.191,295.58646,49.66685,
Kepler-1895 b,Kepler-1895,1,Transit,2021,6.07029,0.0615,2.119,5.14,789,0,5076,0.763,0.86,,984.187,291.6756,48.76254,
Kepler-1896 b,Kepler-1896,1,Transit,2021,44.870201,0.2529,3.099,9.8,536,0,6122,0.996,1.07,,1732.91,289.67858,40.24965,
Kepler-1897 b,Kepler-1897,1,Transit,2021,24.220301,0.1546,2.814,8.32,505,0,5165,0.761,0.859,,983.174,294.2901,39.12687,
Kepler-1898 b,Kepler-1898,1,Transit,2021,4.76562,0.05063,0.934,0.76,1167,0,5702,1.125,0.837,,360.921,287.2058,38.49819,
Kepler-1899 b,Kepler-1899,1,Transit,2021,4.09578,0.0457,1.551,3.02,851,0,4791,0.742,0.759,,711.509,292.03338,37.97446,
Kepler-19 b,Kepler-19,3,Transit,2011,9.28699,0.0846,2.209,6.1,851,0.41,5541,0.859,0.936,,218.562,290.42097,37.85166,
Kepler-19 c,Kepler-19,3,Transit Timing Variations,2011,28.731,0.176574,3.68,13.1,589.6,0.21,5544,0.859,0.936,,218.562,290.42097,37.85166,
Kepler-19 d,Kepler-19,3,Radial Velocity,2017,62.95,0.302944,5.06,22.5,,0.05,5544,0.859,0.936,,218.562,290.42097,37.85166,a
Kepler-190 b,Kepler-190,2,Transit,2014,2.019999,0.03,1.56,3.05,1166,0,5106,0.795,0.834,,433.387,288.58398,44.73377,
Kepler-190 c,Kepler-190,2,Transit,2014,3.763024,0.045,1.46,2.73,948,0,5106,0.795,0.834,,433.387,288.58398,44.73377,
Kepler-1900 b,Kepler-1900,1,Transit,2021,2.98623,0.042,1.623,3.27,1356,0,6173,1.041,1.104,,1540.43,291.88632,44.47903,
Kepler-1901 b,Kepler-1901,1,Transit,2021,3.48413,0.0453,1.474,2.77,1132,0,5696,0.921,1.022,,1028.37,291.16436,45.31831,
Kepler-1902 b,Kepler-1902,1,Transit,2021,3.82222,0.0385,1.176,1.74,601,0,3729,0.514,0.52,,344.337,292.73765,42.01478,
Kepler-1903 b,Kepler-1903,1,Transit,2021,17.0679,0.1321,2.286,5.85,769,0,6347,0.996,1.053,,1775.44,290.8883,51.24816,
Kepler-1904 b,Kepler-1904,1,Transit,2021,4.57702,0.0436,1.39,2.51,567,0,3805,0.497,0.526,,270.854,288.8744,51.15422,
Kepler-1905 b,Kepler-1905,1,Transit,2021,3.42393,0.0451,1.446,2.69,1212,0,5788,1.015,1.038,,1051.53,292.57335,46.36683,
Kepler-1906 b,Kepler-1906,1,Transit,2021,7.36269,0.0738,2.776,8.13,901,0,5868,0.894,0.987,,1360.63,293.82662,38.85659,
Kepler-1907 b,Kepler-1907,2,Transit,2021,5.65245,0.05444,0.87,0.589,856,0,5159,0.8,0.752,,292.111,280.70858,47.32792,
Kepler-1907 c,Kepler-1907,2,Transit,2021,14.8639,0.10371,1.155,1.63,620,0,5159,0.8,0.752,,292.111,280.70858,47.32792,
Kepler-1909 b,Kepler-1909,1,Transit,2021,2.39161,0.0306,1.092,1.33,1031,0,4935,0.685,0.663,,763.662,290.88941,42.45963,
Kepler-191 d,Kepler-191,3,Transit,2016,5.945041,0.06104,2.28,5.82,857,0,5215,0.8,0.84,,594.464,291.18332,45.32309,
Kepler-191 b,Kepler-191,3,Transit,2014,9.939632,0.087,1.34,2.36,722,0,5282,0.789,0.857,,594.464,291.18332,45.32309,
Kepler-191 c,Kepler-191,3,Transit,2014,17.738506,0.128,1.86,4.12,596,0,5282,0.789,0.857,,594.464,291.18332,45.32309,
Kepler-1910 b,Kepler-1910,1,Transit,2021,5.68877,0.0536,1.184,1.78,645,0,4234,0.639,0.636,,,296.61717,41.28117,
Kepler-1911 b,Kepler-1911,1,Transit,2021,5.9908,0.0636,1.011,1.01,987,0,5721,0.972,0.954,,269.912,299.30356,41.44102,
Kepler-1912 b,Kepler-1912,1,Transit,2021,6.05922,0.06489,1.357,2.41,976,0,5734,0.962,0.977,,297.017,282.11782,46.22395,
Kepler-1913 b,Kepler-1913,1,Transit,2021,14.196,0.1209,1.519,2.92,818,0,6214,1.076,1.169,,876.3,290.21669,44.77959,
Kepler-1914 b,Kepler-1914,1,Transit,2021,30.8279,0.1954,2.943,8.97,585,0,5982,0.96,1.047,,1621.56,291.4314,38.65436,
Kepler-1915 b,Kepler-1915,1,Transit,2021,13.8354,0.114,3.218,10.4,809,0,6020,1.057,1.03,,1514.66,301.27869,44.25051,
Kepler-1916 b,Kepler-1916,1,Transit,2021,31.254299,0.2053,2.618,7.35,635,0,6246,1.092,1.18,,2055.82,293.07058,48.38768,
Kepler-1917 b,Kepler-1917,1,Transit,2021,12.9024,0.103,1.89,4.23,675,0,5530,0.788,0.882,,909.037,294.10389,45.00135,
Kepler-1918 b,Kepler-1918,1,Transit,2021,47.0564,0.2524,2.298,5.89,497,0,5889,0.924,0.967,,1030.11,292.53055,42.21458,
Kepler-1919 b,Kepler-1919,1,Transit,2021,37.8866,0.2107,2.624,7.38,479,0,5513,0.818,0.868,,1177.53,283.13192,43.956,
Kepler-192 d,Kepler-192,3,Transit,2016,6.470276,0.0686,1.02,1.04,926,0,5487,0.94,0.94,,651.674,287.91794,45.59288,
Kepler-192 b,Kepler-192,3,Transit,2014,9.926746,0.09,2.74,7.95,803,0,5479,1.007,1.028,,651.674,287.91794,45.59288,
Kepler-192 c,Kepler-192,3,Transit,2014,21.2234,0.15,2.79,8.2,623,0,5479,1.007,1.028,,651.674,287.91794,45.59288,
Kepler-1920 b,Kepler-1920,1,Transit,2021,30.254101,0.2043,2.954,9.03,660,0,6277,1.161,1.239,,885.913,291.06204,38.86329,
Kepler-1921 c,Kepler-1921,2,Transit,2023,3.157221,0.0454,1.41,2.57,1791,0,6120,2,1.251,,928.989,300.31617,45.49533,
Kepler-1921 b,Kepler-1921,2,Transit,2021,20.0348,0.15865,2.895,8.72,967,0,6120,2,1.251,,928.989,300.31617,45.49533,
Kepler-1922 b,Kepler-1922,1,Transit,2021,13.2226,0.1077,2.291,5.86,740,0,5931,0.863,0.953,,1344.29,292.33037,37.99707,
Kepler-1923 b,Kepler-1923,1,Transit,2021,52.609699,0.2846,1.96,4.5,553,0,5881,1.294,1.109,,990.838,298.08345,40.34626,
Kepler-1924 b,Kepler-1924,1,Transit,2021,15.3317,0.1216,2.654,7.53,821,0,5726,1.285,1.018,,1910.77,293.76739,42.82916,
Kepler-1925 b,Kepler-1925,1,Transit,2021,46.7164,0.2588,3.002,9.28,531,0,5856,1.092,1.057,,1771.31,289.82875,45.10269,
Kepler-1926 b,Kepler-1926,1,Transit,2021,42.877701,0.2197,2.315,5.97,451,0,5256,0.832,0.768,,667.405,291.19879,44.1662,
Kepler-1927 b,Kepler-1927,1,Transit,2021,73.750397,0.38733,3.406,11.5,677,0,6056,2.481,1.408,,1091,296.35461,41.33557,
Kepler-1928 b,Kepler-1928,1,Transit,2021,19.57783,0.194,1.992,4.63,621,0.43,5720,0.92,1.01,,326.362,290.44063,38.52357,
Kepler-1929 b,Kepler-1929,1,Transit,2021,59.362499,0.30883,3.073,9.65,566,0,5786,1.471,1.006,,508.201,299.58334,47.44812,
Kepler-193 b,Kepler-193,2,Transit,2014,11.38848,0.106,2.39,6.3,979,0,6335,1.147,1.051,,1009.1,296.4986,46.57725,
Kepler-193 c,Kepler-193,2,Transit,2014,50.697494,0.286,2.75,8,595,0,6335,1.147,1.051,,1009.1,296.4986,46.57725,
Kepler-1930 b,Kepler-1930,1,Transit,2021,13.0268,0.10233,1.53,2.95,643,0,5083,0.844,0.844,,275.694,297.57714,40.02768,
Kepler-1931 b,Kepler-1931,1,Transit,2021,38.576099,0.23329,2.653,7.53,619,0,6167,1.221,1.174,,620.091,290.87231,43.33301,
Kepler-1932 b,Kepler-1932,1,Transit,2021,0.524177,0.0123,1.515,2.91,1891,0,5278,0.815,0.911,,713.733,285.33149,41.06384,
Kepler-1933 b,Kepler-1933,1,Transit,2021,4.94329,0.05605,1.18,1.76,1058,0,5661,1.008,0.964,,328.007,283.99509,39.91701,
Kepler-1934 b,Kepler-1934,1,Transit,2021,1.41976,0.02466,0.913,0.702,1700,0,5925,1.035,0.968,,428.514,290.91933,37.28717,
Kepler-1935 b,Kepler-1935,1,Transit,2021,3.9514,0.0463,2.503,6.82,1083,0,5570,0.899,0.845,,904.702,296.40378,39.7227,
Kepler-1936 b,Kepler-1936,1,Transit,2021,126.556999,0.52662,3.166,10.2,524,0,6501,1.854,1.419,,871.096,290.73001,44.83613,
Kepler-1937 b,Kepler-1937,1,Transit,2021,9.6886,0.0915,3.023,9.39,1014,0,6457,1.196,1.19,,905.069,290.65839,40.77854,
Kepler-1938 b,Kepler-1938,1,Transit,2021,13.0626,0.0938,1.828,4,527,0,4522,0.655,0.646,,421.152,299.35189,41.19573,
Kepler-1939 b,Kepler-1939,1,Transit,2021,2.79066,0.0334,1.165,1.68,816,0,4353,0.603,0.648,,189.833,285.68993,40.99467,
Kepler-194 b,Kepler-194,3,Transit,2014,2.092281,0.032,1.51,2.89,1648,0,6089,1.025,0.94,,1097.97,291.97143,47.86405,
Kepler-194 c,Kepler-194,3,Transit,2014,17.308032,0.131,2.59,7.22,815,0,6089,1.025,0.94,,1097.97,291.97143,47.86405,
Kepler-194 d,Kepler-194,3,Transit,2014,52.814973,0.275,2.4,6.35,562,0,6089,1.025,0.94,,1097.97,291.97143,47.86405,
Kepler-1940 b,Kepler-1940,1,Transit,2021,4.95061,0.0525,1.547,3.01,885,0,5431,0.717,0.802,,798.595,291.2042,45.23833,
Kepler-1941 b,Kepler-1941,1,Transit,2021,31.3351,0.2054,2.65,7.51,666,0,6404,1.142,1.175,,1494.39,296.62702,49.35389,
Kepler-1942 b,Kepler-1942,1,Transit,2021,4.62605,0.0516,2.117,5.13,1012,0,5834,0.797,0.852,,842.492,294.98054,44.42524,
Kepler-1943 b,Kepler-1943,1,Transit,2021,4.85018,0.05975,1.549,3.02,1098,0,6032,0.973,1.055,,1004.55,293.3183,41.11667,
Kepler-1944 b,Kepler-1944,1,Transit,2021,9.84258,0.0918,2.76,8.05,801,0,5585,0.972,1.064,,1076.48,296.5105,39.17326,
Kepler-1945 b,Kepler-1945,1,Transit,2021,6.08004,0.0597,1.289,2.21,808,0,4991,0.804,0.767,,,281.89808,42.28582,
Kepler-1946 b,Kepler-1946,1,Transit,2021,3.03519,0.0394,2.488,6.75,1143,0,5505,0.873,0.887,,1002.12,282.33554,42.84534,
Kepler-1947 b,Kepler-1947,1,Transit,2021,6.96363,0.07375,1.01,1.01,1298,0,6040,1.686,0.984,,468.771,296.10403,42.34258,
Kepler-1948 b,Kepler-1948,1,Transit,2021,15.5713,0.1022,1.033,1.09,399,0,3872,0.557,0.585,,193.903,287.36408,47.7853,
Kepler-1949 b,Kepler-1949,1,Transit,2021,2.20828,0.0352,2.22,5.56,1709,0,6028,1.454,1.194,,2617.35,293.54226,43.02606,
Kepler-195 b,Kepler-195,2,Transit,2014,8.307872,0.077,2.03,4.78,751,0,5329,0.775,0.867,,652.051,288.12093,47.96661,
Kepler-195 c,Kepler-195,2,Transit,2014,34.096863,0.197,1.55,3.02,469,0,5329,0.775,0.867,,652.051,288.12093,47.96661,
Kepler-1950 b,Kepler-1950,1,Transit,2021,10.7769,0.0871,1.527,2.95,752,0,5455,0.852,0.759,,697.253,287.08746,42.66865,
Kepler-1951 b,Kepler-1951,1,Transit,2021,20.657801,0.1435,2.321,6,728,0,5468,1.306,0.923,,1277.32,290.49991,40.28772,
Kepler-1952 b,Kepler-1952,1,Transit,2021,27.2108,0.1724,1.239,2.07,725,0,5973,1.305,0.922,,852.062,288.07641,43.95848,
Kepler-1953 b,Kepler-1953,1,Transit,2021,6.24566,0.0607,1.286,2.2,731,0,4858,0.707,0.786,,605.631,287.9681,46.4706,
Kepler-1954 b,Kepler-1954,1,Transit,2021,5.88343,0.0625,1.802,3.9,949,0,5840,0.849,0.942,,1373.83,298.00292,43.35459,
Kepler-1955 b,Kepler-1955,1,Transit,2021,14.2652,0.11959,1.167,1.69,853,0,5825,1.291,1.049,,449.351,299.53476,40.47775,
Kepler-1956 b,Kepler-1956,1,Transit,2021,5.94372,0.0563,1.089,1.32,674,0,4391,0.682,0.671,,360.468,294.62085,49.89422,
Kepler-1957 b,Kepler-1957,1,Transit,2021,2.18662,0.0299,0.944,0.79,1099,0,4904,0.772,0.745,,460.899,293.71144,47.88745,
Kepler-1958 b,Kepler-1958,1,Transit,2021,9.32862,0.0856,2.051,4.86,806,0,5749,0.864,0.961,,1320.38,289.10416,41.69011,
Kepler-1959 b,Kepler-1959,1,Transit,2021,6.38669,0.0617,1.143,1.57,811,0,5071,0.811,0.768,,479.263,296.0223,44.73267,
Kepler-196 b,Kepler-196,3,Transit,2014,20.739886,0.138,1.9,4.27,536,0,5128,0.782,0.839,,451.312,284.96851,42.07912,
Kepler-196 c,Kepler-196,3,Transit,2014,47.427737,0.24,2.24,5.65,407,0,5128,0.782,0.839,,451.312,284.96851,42.07912,
Kepler-196 d,Kepler-196,3,Transit,2021,122.080002,0.4545,2.661,7.56,297,0,5132,0.77,0.805,,451.312,284.96851,42.07912,
Kepler-1960 b,Kepler-1960,1,Transit,2021,2.29794,0.0354,1.307,2.26,1547,0,6371,1.072,1.117,,1527.56,294.69694,46.7202,
Kepler-1961 b,Kepler-1961,1,Transit,2021,5.60471,0.0588,1.619,3.25,866,0,5401,0.777,0.871,,1042.45,286.33008,39.68313,
Kepler-1962 b,Kepler-1962,1,Transit,2021,7.99146,0.0783,1.215,1.95,901,0,5700,1.006,1.003,,866.826,289.5484,40.16415,
Kepler-1963 b,Kepler-1963,1,Transit,2021,1.96226,0.02915,0.744,0.337,1448,0,5726,0.979,0.915,,492.847,296.58752,47.20713,
Kepler-1964 b,Kepler-1964,1,Transit,2021,2.44083,0.0322,1.781,3.83,986,0,4803,0.698,0.752,,,297.0588,49.47844,
Kepler-1965 b,Kepler-1965,1,Transit,2021,41.868698,0.22971,1.354,2.4,492,0,5852,0.837,0.928,,521.791,292.51471,38.02199,
Kepler-1966 b,Kepler-1966,1,Transit,2021,8.61743,0.0763,1.105,1.39,733,0,5009,0.84,0.797,,484.601,292.46378,41.29904,
Kepler-1967 b,Kepler-1967,1,Transit,2021,7.28169,0.06686,0.73,0.315,1086,0,4970,1.806,0.996,,249.102,299.13763,43.49847,
Kepler-1968 b,Kepler-1968,1,Transit,2021,7.2811,0.0696,1.5,2.86,744,0,5008,0.788,0.844,,750.93,291.50803,45.37009,
Kepler-1969 b,Kepler-1969,1,Transit,2021,6.64752,0.0717,1.682,3.47,999,0,6046,1.007,1.111,,1204.54,294.78427,49.49206,
Kepler-197 b,Kepler-197,4,Transit,2014,5.599308,0.06,1.02,1.04,1142,0.02,6004,1.12,0.857,,330.575,295.22647,50.55923,
Kepler-197 c,Kepler-197,4,Transit,2014,10.349695,0.09,1.23,5.3,930,0.08,6004,1.12,0.857,,330.575,295.22647,50.55923,
Kepler-197 d,Kepler-197,4,Transit,2014,15.677563,0.119,1.22,1.98,810,0.03,6004,1.12,0.857,,330.575,295.22647,50.55923,
Kepler-197 e,Kepler-197,4,Transit,2014,25.209715,0.164,0.91,0.693,691,0.38,6004,1.12,0.857,,330.575,295.22647,50.55923,
Kepler-1972 b,Kepler-1972,2,Transit,2022,7.54425,0.08006,0.802,2.02,1084,0.067,5818,1.384,1.12,,287.339,288.39531,39.87251,
Kepler-1972 c,Kepler-1972,2,Transit,2022,11.3295,0.10493,0.868,2.11,1215,0.043,5818,1.384,1.12,,287.339,288.39531,39.87251,
Kepler-1976 b,Kepler-1976,1,Transit Timing Variations,2023,4.959319,0.0565,12.21,,1103,0,5712,1.082,0.976,,1314.51,292.16706,48.72753,
Kepler-1977 b,Kepler-1977,1,Transit,2023,4.537021,0.0486,1.66,3.39,798,0,4805,0.688,0.769,,592.711,290.61786,37.2891,
Kepler-1978 b,Kepler-1978,1,Transit,2023,10.849695,0.0914,2.67,7.61,676,0,5251,0.778,0.869,,865.512,286.00673,38.00954,
Kepler-1979 b,Kepler-1979,1,Transit,2023,18.508453,0.1383,29.33,,683,0,5942,0.938,1.028,,1076.27,289.84291,38.30962,
Kepler-198 d,Kepler-198,3,Transit,2016,1.311844,0.02342,1.53,2.96,1562,0,5636,0.93,0.97,,495.358,290.67313,38.691,
Kepler-198 b,Kepler-198,3,Transit,2014,17.790037,0.131,2.82,8.35,655,0,5574,0.94,0.995,,495.358,290.67313,38.691,
Kepler-198 c,Kepler-198,3,Transit,2014,49.567416,0.259,2.47,6.66,465,0,5574,0.94,0.995,,495.358,290.67313,38.691,
Kepler-1980 b,Kepler-1980,1,Transit,2023,33.025718,0.2049,2.21,5.52,564,0,5819,0.99,1.049,,1709.4,295.16721,38.63704,
Kepler-1981 b,Kepler-1981,1,Transit,2023,453.54212,1.3292,9.23,62.5,390,0,5874,3.006,1.519,,659.395,287.97547,38.7403,
Kepler-1982 b,Kepler-1982,1,Transit,2023,3.823157,0.0511,0.77,0.381,1282,0,6202,1.122,1.213,,558.855,287.40999,39.65863,
Kepler-1983 b,Kepler-1983,1,Transit,2023,7.328519,0.0689,2.33,6.04,807,0,5135,0.874,0.812,,424.428,297.04201,39.91219,
Kepler-1984 b,Kepler-1984,1,Transit,2023,1.992812,0.0238,6.81,37.3,675,0,3638,0.42,0.45,,,291.28504,40.73002,
Kepler-1985 b,Kepler-1985,1,Transit,2023,3.420647,0.0426,2.27,5.77,1129,0,5370,0.966,0.877,,,293.56637,42.13258,
Kepler-1986 b,Kepler-1986,1,Transit,2023,19.548967,0.1307,1.89,4.23,579,0,5549,0.732,0.776,,912.085,292.95827,42.85489,
Kepler-1987 b,Kepler-1987,4,Transit,2023,2.345863,0.0318,1.23,2.04,997,0,4769,0.714,0.799,,595.683,295.82547,42.94337,
Kepler-1987 c,Kepler-1987,4,Transit,2023,3.648302,0.0427,1.33,2.33,860,0,4769,0.714,0.799,,595.683,295.82547,42.94337,
Kepler-1987 d,Kepler-1987,4,Transit,2023,5.644914,0.0571,2.66,7.56,744,0,4769,0.714,0.799,,595.683,295.82547,42.94337,
Kepler-1987 e,Kepler-1987,4,Transit,2023,8.74292,0.0765,1.92,4.35,643,0,4769,0.714,0.799,,595.683,295.82547,42.94337,
Kepler-1988 b,Kepler-1988,1,Transit,2023,11.495002,0.1038,1.53,2.96,1105,0,6033,1.788,1.127,,513.426,298.6738,43.79551,
Kepler-1989 b,Kepler-1989,1,Transit,2023,10.161024,0.0918,4.62,19.3,904,0,6032,1.06,0.999,,1252.13,290.73519,44.09126,
Kepler-199 b,Kepler-199,2,Transit,2014,23.637604,0.158,3.11,9.85,595,0,5644,0.967,0.96,,521.054,295.55943,40.23625,
Kepler-199 c,Kepler-199,2,Transit,2014,67.093408,0.316,3.25,10.6,420,0,5644,0.967,0.96,,521.054,295.55943,40.23625,
Kepler-1990 b,Kepler-1990,2,Transit,2023,1.735136,0.0286,3.27,10.7,1554,0,5751,1.071,1.028,,392.739,299.70474,44.43571,
Kepler-1990 c,Kepler-1990,2,Transit,2023,4.06845,0.0504,0.98,0.904,1170,0,5751,1.071,1.028,,392.739,299.70474,44.43571,
Kepler-1991 b,Kepler-1991,2,Transit,2023,13.260798,0.1065,1.47,2.76,760,0,5478,1.053,0.914,,855.82,285.03605,45.07099,
Kepler-1991 c,Kepler-1991,2,Transit,2023,22.790204,0.1528,2.57,7.13,634,0,5478,1.053,0.914,,855.82,285.03605,45.07099,
Kepler-1992 b,Kepler-1992,1,Transit,2023,15.611224,0.1169,0.91,0.693,637,0,5383,0.842,0.874,,532.955,295.09024,45.0811,
Kepler-1993 b,Kepler-1993,1,Transit,2023,26.656574,0.1943,4.15,16.1,903,0,5159,3.062,1.373,,1031.91,293.79685,45.16073,
Kepler-1994 b,Kepler-1994,1,Transit,2023,4.61225,0.053,0.51,0.087,1032,0,5495,0.961,0.932,,241.991,297.14879,46.29692,
Kepler-1995 b,Kepler-1995,1,Transit,2023,73.757887,0.3259,4.28,16.9,375,0,5029,0.93,0.847,,595.331,284.34272,46.31659,
Kepler-1996 b,Kepler-1996,2,Transit,2023,32.376183,0.1789,2.26,5.73,392,0,4580,0.675,0.748,,440.561,285.25376,46.58222,
Kepler-1996 c,Kepler-1996,2,Transit,2023,92.729725,0.3608,2.81,8.3,276,0,4580,0.675,0.748,,440.561,285.25376,46.58222,
Kepler-1997 b,Kepler-1997,1,Transit,2023,26.757587,0.1815,2.28,5.82,660,0,6215,1.052,1.111,,1502.34,297.48083,46.58914,
Kepler-1998 b,Kepler-1998,1,Transit,2023,3.032671,0.0405,0.6,0.156,1187,0,5640,0.921,0.962,,340.965,283.42915,47.5924,
Kepler-1999 b,Kepler-1999,1,Transit,2023,8.739676,0.0713,3.29,10.8,577,0,4406,0.628,0.632,,701.255,282.37057,48.25923,
Kepler-20 b,Kepler-20,6,Transit,2011,3.696105,0.04565,1.773,9.7,1187,0.083,5495,0.9164,0.929,,282.563,287.69799,42.33858,
Kepler-20 e,Kepler-20,6,Transit,2011,6.098488,0.0637,0.821,0.76,1004,0.092,5495,0.9164,0.929,,282.563,287.69799,42.33858,
Kepler-20 c,Kepler-20,6,Transit,2011,10.854077,0.0936,2.894,11.1,828,0.076,5495,0.9164,0.929,,282.563,287.69799,42.33858,
Kepler-20 f,Kepler-20,6,Transit,2011,19.578328,0.1387,0.952,1.4,681,0.094,5495,0.9164,0.929,,282.563,287.69799,42.33858,
Kepler-20 g,Kepler-20,6,Radial Velocity,2016,34.94,0.2055,4.71,19.96,524,0.15,5495,0.9639,0.948,,282.563,287.69799,42.33858,
Kepler-20 d,Kepler-20,6,Transit,2011,77.611455,0.3474,2.606,13.4,430,0.082,5495,0.9164,0.929,,282.563,287.69799,42.33858,
Kepler-200 b,Kepler-200,2,Transit,2014,8.594805,0.08,2.13,5.18,854,0,5678,0.944,0.972,,665.912,284.40995,41.23749,
Kepler-200 c,Kepler-200,2,Transit,2014,10.222157,0.09,1.59,3.15,806,0,5678,0.944,0.972,,665.912,284.40995,41.23749,
Kepler-2000 b,Kepler-2000,2,Transit,2023,6.383159,0.0562,2.73,7.9,530,0,3757,0.576,0.581,,320.588,285.5743,49.96212,
Kepler-2000 c,Kepler-2000,2,Transit,2023,20.618035,0.1228,1.57,3.09,359,0,3757,0.576,0.581,,320.588,285.5743,49.96212,
Kepler-2001 b,Kepler-2001,2,Transit,2023,1.090011,0.0197,1.04,1.12,1402,0,5081,0.77,0.864,,776.55,291.65946,50.58386,
Kepler-2001 c,Kepler-2001,2,Transit,2023,14.092583,0.1084,1.82,3.97,597,0,5081,0.77,0.864,,776.55,291.65946,50.58386,
Kepler-201 b,Kepler-201,2,Transit,2014,25.672083,0.175,2.46,6.62,683,0,6065,1.229,1.098,,636.445,293.62606,41.2728,
Kepler-201 c,Kepler-201,2,Transit,2014,151.884058,0.573,2.85,8.5,378,0,6065,1.229,1.098,,636.445,293.62606,41.2728,
Kepler-202 b,Kepler-202,2,Transit,2014,4.069427,0.045,1.63,3.29,802,0,4668,0.667,0.683,,285.111,282.97349,41.3218,
Kepler-202 c,Kepler-202,2,Transit,2014,16.282493,0.113,1.85,4.08,505,0,4668,0.667,0.683,,285.111,282.97349,41.3218,
Kepler-203 b,Kepler-203,3,Transit,2014,3.162697,0.043,2.57,7.13,1308,0,5821,1.114,1.06,,703.302,297.08996,41.38807,
Kepler-203 c,Kepler-203,3,Transit,2014,5.370647,0.061,2.47,749.9,1096,0,5821,1.114,1.06,,703.302,297.08996,41.38807,
Kepler-203 d,Kepler-203,3,Transit,2014,11.32972,0.1,1.44,33.9,855,0,5821,1.114,1.06,,703.302,297.08996,41.38807,
Kepler-204 b,Kepler-204,2,Transit,2014,14.400974,0.117,2.53,6.94,828,0,5812,1.238,1.038,,686.723,285.34716,41.76185,
Kepler-204 c,Kepler-204,2,Transit,2014,25.660593,0.173,1.79,3.86,683,0,5812,1.238,1.038,,686.723,285.34716,41.76185,
Kepler-205 b,Kepler-205,2,Transit,2014,2.75564,0.032,1.51,2.89,757,0,4321,0.546,0.592,M1 V,159.72,285.28669,41.86094,
Kepler-205 c,Kepler-205,2,Transit,2014,20.306546,0.122,1.64,3.33,389,0,4321,0.546,0.592,M1 V,159.72,285.28669,41.86094,
Kepler-206 b,Kepler-206,3,Transit,2014,7.781987,0.078,1.2,1.87,983,0,5764,1.185,0.957,,594.447,291.63466,41.83384,
Kepler-206 c,Kepler-206,3,Transit,2014,13.137471,0.111,1.77,3.78,825,0,5764,1.185,0.957,,594.447,291.63466,41.83384,
Kepler-206 d,Kepler-206,3,Transit,2014,23.44281,0.163,1.19,1.81,681,0,5764,1.185,0.957,,594.447,291.63466,41.83384,
Kepler-207 b,Kepler-207,3,Transit,2014,1.611865,0.029,1.57,3.09,1930,0,5920,1.588,1.313,,875.519,290.03052,42.16606,
Kepler-207 c,Kepler-207,3,Transit,2014,3.071571,0.044,1.5,2.86,1556,0,5920,1.588,1.313,,875.519,290.03052,42.16606,
Kepler-207 d,Kepler-207,3,Transit,2014,5.868075,0.068,3.31,11,1254,0,5920,1.588,1.313,,875.519,290.03052,42.16606,
Kepler-208 b,Kepler-208,4,Transit,2014,4.22864,0.054,1.63,3.29,1379,0,6092,1.314,1.082,,775.328,293.8902,42.52794,
Kepler-208 c,Kepler-208,4,Transit,2014,7.466623,0.079,1.39,2.51,1141,0,6092,1.314,1.082,,775.328,293.8902,42.52794,
Kepler-208 d,Kepler-208,4,Transit,2014,11.131786,0.103,1.2,1.87,999,0,6092,1.314,1.082,,775.328,293.8902,42.52794,
Kepler-208 e,Kepler-208,4,Transit,2014,16.259458,0.132,1.48,2.79,880,0,6092,1.314,1.082,,775.328,293.8902,42.52794,
Kepler-209 b,Kepler-209,2,Transit,2014,16.087845,0.122,2.26,5.73,668,0,5513,0.935,0.971,,576.946,291.16946,42.64073,
Kepler-209 c,Kepler-209,2,Transit,2014,41.749882,0.231,3.1,9.8,486,0,5513,0.935,0.971,,576.946,291.16946,42.64073,
Kepler-21 b,Kepler-21,1,Transit,2012,2.785821,0.0434,1.639,7.5,2015,0,6305,1.902,1.408,F6 IV,108.522,287.36197,38.71414,
Kepler-210 b,Kepler-210,2,Transit,2014,2.453234,0.032,2.94,8.96,737,0,4559,0.65,0.77,M0 V,232.75,292.50342,43.08322,
Kepler-210 c,Kepler-210,2,Transit,2014,7.972513,0.07,3.62,12.8,497,0,4559,0.65,0.77,M0 V,232.75,292.50342,43.08322,
Kepler-211 b,Kepler-211,2,Transit,2014,4.138575,0.048,1.26,2.13,954,0,5123,0.816,0.867,,309.353,285.43912,43.16851,
Kepler-211 c,Kepler-211,2,Transit,2014,6.04045,0.062,1.29,18.3,841,0,5123,0.816,0.867,,309.353,285.43912,43.16851,
Kepler-212 b,Kepler-212,2,Transit,2014,16.257582,0.133,1.09,1.32,830,0,5852,1.455,1.166,,687.194,287.62082,43.14162,
Kepler-212 c,Kepler-212,2,Transit,2014,31.805174,0.207,2.74,7.95,664,0,5852,1.455,1.166,,687.194,287.62082,43.14162,
Kepler-213 b,Kepler-213,2,Transit,2014,2.46236,0.036,1.62,3.26,1326,0,5696,1.195,1.07,,634.939,290.82419,44.64728,
Kepler-213 c,Kepler-213,2,Transit,2014,4.822962,0.057,2.34,6.08,1060,0,5696,1.195,1.07,,634.939,290.82419,44.64728,
Kepler-214 b,Kepler-214,2,Transit,2014,15.660544,0.13,2.61,7.32,758,0,6169,1.352,1.11,,1208.44,284.75485,44.95605,
Kepler-214 c,Kepler-214,2,Transit,2014,28.7798,0.194,2.13,5.18,619,0,6169,1.352,1.11,,1208.44,284.75485,44.95605,
Kepler-215 b,Kepler-215,4,Transit,2014,9.360672,0.084,1.62,3.26,784,0,5739,1.027,0.788,,485.997,294.97353,45.21369,
Kepler-215 c,Kepler-215,4,Transit,2014,14.667108,0.113,1.77,3.78,675,0,5739,1.027,0.788,,485.997,294.97353,45.21369,
Kepler-215 d,Kepler-215,4,Transit,2014,30.864423,0.185,2.39,23.6,527,0,5739,1.027,0.788,,485.997,294.97353,45.21369,
Kepler-215 e,Kepler-215,4,Transit,2014,68.16101,0.314,1.75,3.71,405,0,5739,1.027,0.788,,485.997,294.97353,45.21369,
Kepler-216 b,Kepler-216,2,Transit,2014,7.693641,0.079,2.35,6.12,1069,0,6091,1.26,1.126,,1187.47,293.72807,46.12911,
Kepler-216 c,Kepler-216,2,Transit,2014,17.406669,0.136,3.04,9.48,814,0,6091,1.26,1.126,,1187.47,293.72807,46.12911,
Kepler-217 d,Kepler-217,3,Transit,2016,3.886895,0.0534,1.32,2.3,1574,0,6341,1.76,1.37,,1104.64,293.03773,46.27752,
Kepler-217 b,Kepler-217,3,Transit,2014,5.374943,0.065,2.23,5.6,1413,0,6171,1.799,1.342,,1104.64,293.03773,46.27752,
Kepler-217 c,Kepler-217,3,Transit,2014,8.586004,0.089,1.85,4.08,1208,0,6171,1.799,1.342,,1104.64,293.03773,46.27752,
Kepler-218 b,Kepler-218,3,Transit,2014,3.619337,0.046,1.48,2.79,1156,0,5502,1.063,1.019,,656.38,295.41288,46.26658,
Kepler-218 c,Kepler-218,3,Transit,2014,44.699576,0.248,3.14,10,500,0,5502,1.063,1.019,,656.38,295.41288,46.26658,
Kepler-218 d,Kepler-218,3,Transit,2016,124.524465,0.49884,2.66,7.56,356,0,5542,1.02,1.01,,656.38,295.41288,46.26658,
Kepler-219 b,Kepler-219,3,Transit,2014,4.585512,0.057,2.95,9.01,1307,0,5786,1.491,1.164,,787.07,288.73895,46.76259,
Kepler-219 c,Kepler-219,3,Transit,2014,22.714613,0.165,3.58,12.5,766,0,5786,1.491,1.164,,787.07,288.73895,46.76259,
Kepler-219 d,Kepler-219,3,Transit,2014,47.903645,0.272,2.81,19.1,598,0,5786,1.491,1.164,,787.07,288.73895,46.76259,
Kepler-22 b,Kepler-22,1,Transit,2011,289.863876,0.812,2.1,9.1,279,0.72,5596,0.869,0.857,G5 V,194.642,289.21721,47.88414,
Kepler-220 b,Kepler-220,4,Transit,2014,4.159807,0.046,0.81,0.457,759,0,4632,0.666,0.729,,171.109,291.50604,46.89563,
Kepler-220 c,Kepler-220,4,Transit,2014,9.034199,0.076,1.57,3.09,586,0,4632,0.666,0.729,,171.109,291.50604,46.89563,
Kepler-220 d,Kepler-220,4,Transit,2014,28.122397,0.163,0.98,0.904,401,0,4632,0.666,0.729,,171.109,291.50604,46.89563,
Kepler-220 e,Kepler-220,4,Transit,2014,45.902733,0.226,1.33,2.33,341,0,4632,0.666,0.729,,171.109,291.50604,46.89563,
Kepler-221 b,Kepler-221,4,Transit,2014,2.795906,0.037,1.71,5.956,1090,0,5243,0.821,0.854,,385.231,296.65475,46.83522,
Kepler-221 c,Kepler-221,4,Transit,2014,5.690586,0.059,2.93,9.3,860,0,5243,0.821,0.854,,385.231,296.65475,46.83522,
Kepler-221 d,Kepler-221,4,Transit,2014,10.04156,0.087,2.73,3.61,712,0,5243,0.821,0.854,,385.231,296.65475,46.83522,
Kepler-221 e,Kepler-221,4,Transit,2014,18.369917,0.13,2.63,7.867,582,0,5243,0.821,0.854,,385.231,296.65475,46.83522,
Kepler-222 b,Kepler-222,3,Transit,2014,3.936981,0.048,3.16,10.1,1004,0,5433,0.869,0.933,,758.854,287.90609,46.93775,
Kepler-222 c,Kepler-222,3,Transit,2014,10.08881,0.091,4.64,19.4,734,0,5433,0.869,0.933,,758.854,287.90609,46.93775,
Kepler-222 d,Kepler-222,3,Transit,2014,28.081912,0.18,3.69,13.2,522,0,5433,0.869,0.933,,758.854,287.90609,46.93775,
Kepler-223 b,Kepler-223,4,Transit,2014,7.38449,0.07525,2.99,7.4,1042,0.078,5803,1.72,1.125,,1859.71,298.31839,47.27948,
Kepler-223 c,Kepler-223,4,Transit,2014,9.84564,0.09117,3.44,5.1,947,0.15,5803,1.72,1.125,,1859.71,298.31839,47.27948,
Kepler-223 d,Kepler-223,4,Transit,2014,14.78869,0.11956,5.24,8,827,0.037,5803,1.72,1.125,,1859.71,298.31839,47.27948,
Kepler-223 e,Kepler-223,4,Transit,2014,19.72567,0.14481,4.6,4.8,751,0.051,5803,1.72,1.125,,1859.71,298.31839,47.27948,
Kepler-224 b,Kepler-224,4,Transit,2014,3.132924,0.038,1.39,2.51,937,0,5018,0.676,0.777,,782.088,290.93427,47.35754,
Kepler-224 c,Kepler-224,4,Transit,2014,5.925003,0.058,3.12,9.91,758,0,5018,0.676,0.777,,782.088,290.93427,47.35754,
Kepler-224 d,Kepler-224,4,Transit,2014,11.349393,0.089,2.3,5.9,610,0,5018,0.676,0.777,,782.088,290.93427,47.35754,
Kepler-224 e,Kepler-224,4,Transit,2014,18.643577,0.124,1.97,4.54,517,0,5018,0.676,0.777,,782.088,290.93427,47.35754,
Kepler-225 b,Kepler-225,2,Transit,2014,6.738975,0.056,1.2,1.87,579,0,3682,0.48,0.593,M1 V,561.101,292.19398,47.45708,
Kepler-225 c,Kepler-225,2,Transit,2014,18.794234,0.111,1.84,4.04,412,0,3682,0.48,0.593,M1 V,561.101,292.19398,47.45708,
Kepler-226 b,Kepler-226,3,Transit,2014,3.940997,0.047,1.55,24,1018,0,5571,0.802,0.904,,980.138,292.37609,47.88096,
Kepler-226 c,Kepler-226,3,Transit,2014,5.349555,0.058,2.27,45.2,919,0,5571,0.802,0.904,,980.138,292.37609,47.88096,
Kepler-226 d,Kepler-226,3,Transit,2014,8.109044,0.076,1.22,1.98,800,0,5571,0.802,0.904,,980.138,292.37609,47.88096,
Kepler-227 b,Kepler-227,2,Transit,2014,9.488015,0.09,3.11,9.85,793,0,5854,1.091,0.954,,1083.06,291.93427,48.14168,
Kepler-227 c,Kepler-227,2,Transit,2014,54.418694,0.29,3.04,9.48,443,0,5854,1.091,0.954,,1083.06,291.93427,48.14168,
Kepler-228 b,Kepler-228,3,Transit,2014,2.566546,0.038,1.53,2.96,1360,0,6043,1.014,1.006,,1644.61,296.28609,48.22463,
Kepler-228 c,Kepler-228,3,Transit,2014,4.134444,0.052,2.7,7.75,1160,0,6043,1.014,1.006,,1644.61,296.28609,48.22463,
Kepler-228 d,Kepler-228,3,Transit,2014,11.094286,0.101,4.04,15.4,835,0,6043,1.014,1.006,,1644.61,296.28609,48.22463,
Kepler-229 b,Kepler-229,3,Transit,2014,6.252972,0.062,2.2,5.48,823,0,5120,0.728,0.808,,826.265,286.99948,48.37579,
Kepler-229 c,Kepler-229,3,Transit,2014,16.068638,0.117,4.92,21.5,600,0,5120,0.728,0.808,,826.265,286.99948,48.37579,
Kepler-229 d,Kepler-229,3,Transit,2014,41.194912,0.22,3.85,14.2,439,0,5120,0.728,0.808,,826.265,286.99948,48.37579,
Kepler-23 b,Kepler-23,3,Transit,2011,7.1,0.07212,1.638,2.56,1157,0.017,5828,1.548,1.078,,835.756,294.21891,49.47925,
Kepler-23 c,Kepler-23,3,Transit,2011,10.74,0.09501,3.005,7.81,1008,0.021,5828,1.548,1.078,,835.756,294.21891,49.47925,
Kepler-23 d,Kepler-23,3,Transit,2014,15.27,0.12012,2.206,4.44,896,0.01,5828,1.548,1.078,,835.756,294.21891,49.47925,
Kepler-230 b,Kepler-230,2,Transit,2014,32.625555,0.191,4.26,16.8,506,0,5588,0.817,0.784,,740.754,285.71857,48.5058,
Kepler-230 c,Kepler-230,2,Transit,2014,91.773242,0.38,2.04,4.82,359,0,5588,0.817,0.784,,740.754,285.71857,48.5058,
Kepler-231 b,Kepler-231,2,Transit,2014,10.065275,0.074,1.73,35.4,488,0,3767,0.49,0.58,M1 V,316.618,293.97339,50.53185,
Kepler-231 c,Kepler-231,2,Transit,2014,19.271566,0.114,1.93,24.1,393,0,3767,0.49,0.58,M1 V,316.618,293.97339,50.53185,
Kepler-232 b,Kepler-232,2,Transit,2014,4.431222,0.054,3.08,9.69,1104,0,5847,0.968,0.97,,1349.13,295.81617,51.12172,
Kepler-232 c,Kepler-232,2,Transit,2014,11.379349,0.101,3.83,14,806,0,5847,0.968,0.97,,1349.13,295.81617,51.12172,
Kepler-233 b,Kepler-233,2,Transit,2014,8.472382,0.077,2.43,6.48,751,0,5360,0.758,0.855,,856.417,296.36651,51.31945,
Kepler-233 c,Kepler-233,2,Transit,2014,60.418955,0.287,2.71,7.8,390,0,5360,0.758,0.855,,856.417,296.36651,51.31945,
Kepler-234 b,Kepler-234,2,Transit,2014,2.711506,0.04,3.7,13.2,1420,0,6224,1.113,1.129,,1733.1,291.65354,38.49466,
Kepler-234 c,Kepler-234,2,Transit,2014,7.21205,0.077,3.51,12.1,1025,0,6224,1.113,1.129,,1733.1,291.65354,38.49466,
Kepler-235 b,Kepler-235,4,Transit,2014,3.340222,0.037,2.23,5.6,731,0,4255,0.554,0.581,M0 V,428.018,286.07908,39.27824,
Kepler-235 c,Kepler-235,4,Transit,2014,7.824904,0.065,1.28,2.18,555,0,4255,0.554,0.581,M0 V,428.018,286.07908,39.27824,
Kepler-235 d,Kepler-235,4,Transit,2014,20.060548,0.122,2.05,4.86,401,0,4255,0.554,0.581,M0 V,428.018,286.07908,39.27824,
Kepler-235 e,Kepler-235,4,Transit,2014,46.183669,0.213,2.22,5.56,306,0,4255,0.554,0.581,M0 V,428.018,286.07908,39.27824,
Kepler-236 b,Kepler-236,2,Transit,2014,8.295611,0.065,1.57,3.09,469,0,3750,0.51,0.596,M1 V,288.763,283.86643,39.89819,
Kepler-236 c,Kepler-236,2,Transit,2014,23.968127,0.132,2,4.66,329,0,3750,0.51,0.596,M1 V,288.763,283.86643,39.89819,
Kepler-237 b,Kepler-237,2,Transit,2014,4.715106,0.05,1.41,2.57,823,0,4861,0.725,0.696,,657.822,283.22134,40.42176,
Kepler-237 c,Kepler-237,2,Transit,2014,8.103636,0.071,2.08,4.98,687,0,4861,0.725,0.696,,657.822,283.22134,40.42176,
Kepler-238 b,Kepler-238,5,Transit,2014,2.090876,0.034,1.73,3305.02,1642,0,5751,1.43,1.229,,1798.75,287.89711,40.63781,
Kepler-238 c,Kepler-238,5,Transit,2014,6.155557,0.069,2.39,152.522,1146,0,5751,1.43,1.229,,1798.75,287.89711,40.63781,
Kepler-238 d,Kepler-238,5,Transit,2014,13.233549,0.115,3.07,23.1,888,0,5751,1.43,1.229,,1798.75,287.89711,40.63781,
Kepler-238 e,Kepler-238,5,Transit,2013,23.654,0.17286,5.6,169.7,731,0,5800,0.96,1.06,,1798.75,287.89711,40.63781,
Kepler-238 f,Kepler-238,5,Transit,2013,50.447,0.28635,2,13.5,568,0,5800,0.96,1.06,,1798.75,287.89711,40.63781,
Kepler-239 b,Kepler-239,2,Transit,2014,11.763051,0.095,2.33,6.04,616,0,4914,0.763,0.757,,648.109,294.20205,40.66333,
Kepler-239 c,Kepler-239,2,Transit,2014,56.228098,0.268,2.51,6.85,366,0,4914,0.763,0.757,,648.109,294.20205,40.66333,
Kepler-24 d,Kepler-24,4,Transit,2014,4.244384,0.051,1.67,293.959,1305,0,5897,1.289,1.046,,1156.81,290.41326,38.34373,
Kepler-24 b,Kepler-24,4,Transit,2011,8.14,0.08045,2.348,11.14,1050,0.023,6028,1.099,1.06,,1156.81,290.41326,38.34373,
Kepler-24 c,Kepler-24,4,Transit,2011,12.33,0.10612,2.514,9.99,915,0.014,6028,1.099,1.06,,1156.81,290.41326,38.34373,
Kepler-24 e,Kepler-24,4,Transit,2014,18.998355,0.138,2.78,26.212,792,0,5897,1.289,1.046,,1156.81,290.41326,38.34373,
Kepler-240 b,Kepler-240,2,Transit,2014,4.144495,0.048,1.37,2.45,864,0,4985,0.739,0.868,,746.927,291.15876,40.75021,
Kepler-240 c,Kepler-240,2,Transit,2014,7.953528,0.074,2.2,102.3,696,0,4985,0.739,0.868,,746.927,291.15876,40.75021,
Kepler-241 b,Kepler-241,2,Transit,2014,12.718092,0.094,2.33,6.04,562,0,4699,0.668,0.671,,512,292.91311,41.06098,
Kepler-241 c,Kepler-241,2,Transit,2014,36.065978,0.189,2.57,7.13,397,0,4699,0.668,0.671,,512,292.91311,41.06098,
Kepler-242 b,Kepler-242,2,Transit,2014,8.20395,0.075,2.61,7.32,742,0,5020,0.85,0.748,,600.241,286.56569,41.80842,
Kepler-242 c,Kepler-242,2,Transit,2014,14.496481,0.109,2,4.66,613,0,5020,0.85,0.748,,600.241,286.56569,41.80842,
Kepler-243 b,Kepler-243,2,Transit,2014,5.715442,0.062,2.45,6.57,850,0,5228,0.842,0.904,,693.86,285.11048,42.03396,
Kepler-243 c,Kepler-243,2,Transit,2014,20.026218,0.142,1.99,4.62,559,0,5228,0.842,0.904,,693.86,285.11048,42.03396,
Kepler-244 b,Kepler-244,3,Transit,2014,4.311792,0.05,2.76,8.05,1038,0,5554,0.803,0.933,,1036.49,287.24264,42.30142,
Kepler-244 c,Kepler-244,3,Transit,2014,9.767292,0.087,2.05,4.86,791,0,5554,0.803,0.933,,1036.49,287.24264,42.30142,
Kepler-244 d,Kepler-244,3,Transit,2014,20.050401,0.14,2.31,15.2,622,0,5554,0.803,0.933,,1036.49,287.24264,42.30142,
Kepler-245 e,Kepler-245,4,Transit,2016,3.219821,0.04053,1.75,1806.36,998,0,5174,0.8,0.86,,861.527,291.639,42.43635,
Kepler-245 b,Kepler-245,4,Transit,2014,7.49019,0.071,2.57,146.78,753,0,5100,0.795,0.856,,861.527,291.639,42.43635,
Kepler-245 c,Kepler-245,4,Transit,2014,17.460812,0.124,2.18,26.7,568,0,5100,0.795,0.856,,861.527,291.639,42.43635,
Kepler-245 d,Kepler-245,4,Transit,2014,36.277108,0.202,3.03,21.6,445,0,5100,0.795,0.856,,861.527,291.639,42.43635,
Kepler-246 b,Kepler-246,2,Transit,2014,4.60182,0.052,2.34,6.08,896,0,5206,0.831,0.853,,626.078,296.4834,42.66338,
Kepler-246 c,Kepler-246,2,Transit,2014,11.187161,0.095,1.5,2.86,667,0,5206,0.831,0.853,,626.078,296.4834,42.66338,
Kepler-247 b,Kepler-247,3,Transit,2014,3.33616,0.042,1.64,3.33,970,0,5100,0.768,0.887,,663.711,288.64256,43.03938,
Kepler-247 c,Kepler-247,3,Transit,2014,9.439452,0.084,4.09,15.7,686,0,5100,0.768,0.887,,663.711,288.64256,43.03938,
Kepler-247 d,Kepler-247,3,Transit,2014,20.477912,0.14,3.94,14.7,530,0,5100,0.768,0.887,,663.711,288.64256,43.03938,
Kepler-248 b,Kepler-248,2,Transit,2014,6.308205,0.066,3.02,9.38,819,0,5190,0.831,0.838,,738.792,293.06131,43.58136,
Kepler-248 c,Kepler-248,2,Transit,2014,16.239494,0.123,4.07,15.6,598,0,5190,0.831,0.838,,738.792,293.06131,43.58136,
Kepler-249 b,Kepler-249,3,Transit,2014,3.306539,0.035,1.09,1.32,554,0,3568,0.482,0.5102,M2 V,190.401,296.9853,43.6586,
Kepler-249 c,Kepler-249,3,Transit,2014,7.113702,0.058,1.51,2.89,429,0,3568,0.482,0.5102,M2 V,190.401,296.9853,43.6586,
Kepler-249 d,Kepler-249,3,Transit,2014,15.368459,0.097,1.57,3.09,332,0,3568,0.482,0.5102,M2 V,190.401,296.9853,43.6586,
Kepler-25 b,Kepler-25,3,Transit,2011,6.238297,0.0695,2.748,8.7,1185,0.0029,6354,1.316,1.165,F8,243.249,286.63839,39.4879,
Kepler-25 c,Kepler-25,3,Transit,2011,12.7207,0.1117,5.217,15.2,934,0.0061,6354,1.316,1.165,F8,243.249,286.63839,39.4879,
Kepler-25 d,Kepler-25,3,Radial Velocity,2014,122.4,0.416422,10,71.9,544.7,0.13,6354,1.316,1.165,F8,243.249,286.63839,39.4879,
Kepler-250 b,Kepler-250,3,Transit,2014,4.148141,0.048,1.13,1.51,938,0,5160,0.805,0.806,,760.585,289.59476,44.14181,
Kepler-250 c,Kepler-250,3,Transit,2014,7.156804,0.069,2.28,5.82,782,0,5160,0.805,0.806,,760.585,289.59476,44.14181,
Kepler-250 d,Kepler-250,3,Transit,2014,17.648312,0.127,2.18,5.39,579,0,5160,0.805,0.806,,760.585,289.59476,44.14181,
Kepler-251 b,Kepler-251,4,Transit,2014,4.790936,0.053,1.33,2.33,990,0,5526,0.89,0.891,,924.625,296.56622,44.10581,
Kepler-251 c,Kepler-251,4,Transit,2014,16.514043,0.122,2.77,8.1,655,0,5526,0.89,0.891,,924.625,296.56622,44.10581,
Kepler-251 d,Kepler-251,4,Transit,2014,30.133001,0.182,2.77,8.1,536,0,5526,0.89,0.891,,924.625,296.56622,44.10581,
Kepler-251 e,Kepler-251,4,Transit,2014,99.640161,0.404,2.77,8.1,360,0,5526,0.89,0.891,,924.625,296.56622,44.10581,
Kepler-252 b,Kepler-252,2,Transit,2014,6.668391,0.058,1.23,2.04,587,0,4208,0.549,0.61,M0 V,379.424,295.57933,44.54591,
Kepler-252 c,Kepler-252,2,Transit,2014,10.848463,0.08,2.15,5.27,499,0,4208,0.549,0.61,M0 V,379.424,295.57933,44.54591,
Kepler-253 b,Kepler-253,3,Transit,2014,3.783986,0.046,1.63,3.29,949,0,5208,0.786,0.86,,838.595,291.84193,44.85812,
Kepler-253 c,Kepler-253,3,Transit,2014,10.281951,0.089,2.65,7.51,680,0,5208,0.786,0.86,,838.595,291.84193,44.85812,
Kepler-253 d,Kepler-253,3,Transit,2014,18.119869,0.13,3.17,10.2,563,0,5208,0.786,0.86,,838.595,291.84193,44.85812,
Kepler-254 b,Kepler-254,3,Transit,2014,5.826662,0.064,3.87,14.3,1013,0,5957,0.91,0.849,,1389.48,288.16465,45.81643,
Kepler-254 c,Kepler-254,3,Transit,2014,12.412183,0.105,2.15,3.2,787,0,5957,0.91,0.849,,1389.48,288.16465,45.81643,
Kepler-254 d,Kepler-254,3,Transit,2014,18.746477,0.139,2.5,6.8,686,0,5957,0.91,0.849,,1389.48,288.16465,45.81643,
Kepler-255 d,Kepler-255,3,Transit,2016,1.045623,0.0192,1.32,2.3,1710,0,5431,0.86,0.9,,1052.53,296.06427,45.97676,
Kepler-255 b,Kepler-255,3,Transit,2014,5.714606,0.063,1.55,3.02,971,0,5573,0.933,0.867,,1052.53,296.06427,45.97676,
Kepler-255 c,Kepler-255,3,Transit,2014,9.946047,0.092,2.99,9.22,807,0,5573,0.933,0.867,,1052.53,296.06427,45.97676,
Kepler-256 b,Kepler-256,4,Transit,2014,1.620493,0.027,1.59,3.15,1681,0,5551,1.301,1.037,,1026.43,292.58042,46.09736,
Kepler-256 c,Kepler-256,4,Transit,2014,3.38802,0.045,2.15,5.27,1315,0,5551,1.301,1.037,,1026.43,292.58042,46.09736,
Kepler-256 d,Kepler-256,4,Transit,2014,5.839172,0.064,2.48,6.71,1097,0,5551,1.301,1.037,,1026.43,292.58042,46.09736,
Kepler-256 e,Kepler-256,4,Transit,2014,10.681572,0.096,2.35,6.12,897,0,5551,1.301,1.037,,1026.43,292.58042,46.09736,
Kepler-257 b,Kepler-257,3,Transit,2014,2.382667,0.034,2.61,7.32,1237,0,5180,1.037,0.916,,780.256,297.316,46.02326,
Kepler-257 c,Kepler-257,3,Transit,2014,6.581484,0.066,5.41,25.2,881,0,5180,1.037,0.916,,780.256,297.316,46.02326,
Kepler-257 d,Kepler-257,3,Transit,2014,24.664551,0.16,4.95,21.7,567,0,5180,1.037,0.916,,780.256,297.316,46.02326,
Kepler-258 b,Kepler-258,2,Transit,2014,13.19722,0.103,4.06,15.5,642,0,4942,0.915,0.82,,575.988,294.06841,46.57914,
Kepler-258 c,Kepler-258,2,Transit,2014,33.653079,0.193,3.61,12.7,470,0,4942,0.915,0.82,,575.988,294.06841,46.57914,
Kepler-259 b,Kepler-259,2,Transit,2014,8.115317,0.079,2.8,8.25,879,0,5938,0.898,0.867,,1002.14,288.21197,46.61505,
Kepler-259 c,Kepler-259,2,Transit,2014,36.924931,0.217,2.7,7.75,530,0,5938,0.898,0.867,,1002.14,288.21197,46.61505,
Kepler-26 d,Kepler-26,4,Transit,2014,3.543919,0.039,1.07,1.24,652,0,4486,0.571,0.593,M0 V,335.307,284.94106,46.56645,
Kepler-26 b,Kepler-26,4,Transit,2011,12.28,0.08551,2.78,5.12,431,0.021,3914,0.512,0.544,M0 V,335.307,284.94106,46.56645,
Kepler-26 c,Kepler-26,4,Transit,2011,17.2559,0.10725,2.72,6.2,385,0.013,3914,0.512,0.544,M0 V,335.307,284.94106,46.56645,
Kepler-26 e,Kepler-26,4,Transit,2014,46.827915,0.22,2.41,6.39,276,0,4486,0.571,0.593,M0 V,335.307,284.94106,46.56645,
Kepler-260 b,Kepler-260,2,Transit,2014,8.187399,0.075,2.01,4.7,782,0,5250,0.862,1.013,,627.365,291.92597,38.01405,
Kepler-260 c,Kepler-260,2,Transit,2014,76.050178,0.332,1.74,3.68,372,0,5250,0.862,1.013,,627.365,291.92597,38.01405,
Kepler-261 b,Kepler-261,2,Transit,2014,10.381227,0.088,2.18,5.39,672,0,5098,0.794,0.834,,317.499,291.36473,37.60924,
Kepler-261 c,Kepler-261,2,Transit,2014,24.570858,0.156,2,4.66,505,0,5098,0.794,0.834,,317.499,291.36473,37.60924,
Kepler-262 b,Kepler-262,2,Transit,2014,13.060855,0.108,1.36,2.42,734,0,5841,0.881,0.816,,613.129,290.72872,37.25266,
Kepler-262 c,Kepler-262,2,Transit,2014,21.853722,0.152,1.64,3.33,618,0,5841,0.881,0.816,,613.129,290.72872,37.25266,
Kepler-263 b,Kepler-263,2,Transit,2014,16.568087,0.12,2.67,7.61,548,0,5265,0.785,0.793,,754.747,292.4698,37.56779,
Kepler-263 c,Kepler-263,2,Transit,2014,47.332773,0.242,2.47,6.66,386,0,5265,0.785,0.793,,754.747,292.4698,37.56779,
Kepler-264 b,Kepler-264,2,Transit,2014,40.806231,0.249,3.33,11.1,772,0,6158,1.55,1.426,,942.173,292.04463,37.37619,
Kepler-264 c,Kepler-264,2,Transit,2014,140.101261,0.566,2.83,8.4,511,0,6158,1.55,1.426,,942.173,292.04463,37.37619,
Kepler-265 b,Kepler-265,4,Transit,2014,6.846262,0.069,1.86,4.12,1022,0,5835,1.103,0.97,,1280.25,290.51048,41.24474,
Kepler-265 c,Kepler-265,4,Transit,2014,17.028937,0.127,2.63,7.41,755,0,5835,1.103,0.97,,1280.25,290.51048,41.24474,
Kepler-265 d,Kepler-265,4,Transit,2014,43.130617,0.236,2.49,6.76,554,0,5835,1.103,0.97,,1280.25,290.51048,41.24474,
Kepler-265 e,Kepler-265,4,Transit,2014,67.831024,0.319,2.59,7.22,476,0,5835,1.103,0.97,,1280.25,290.51048,41.24474,
Kepler-266 b,Kepler-266,2,Transit,2014,6.61833,0.071,2.48,6.71,1066,0,5885,1.028,0.947,,1370.79,294.48438,44.16694,
Kepler-266 c,Kepler-266,2,Transit,2014,107.723601,0.457,3.89,14.4,421,0,5885,1.028,0.947,,1370.79,294.48438,44.16694,
Kepler-267 b,Kepler-267,3,Transit,2014,3.353728,0.037,1.98,37.9,615,0,4258,0.555,0.5416,M1 V,264.993,299.83057,47.15757,
Kepler-267 c,Kepler-267,3,Transit,2014,6.87745,0.06,2.13,5.18,484,0,4258,0.555,0.5416,M1 V,264.993,299.83057,47.15757,
Kepler-267 d,Kepler-267,3,Transit,2014,28.464515,0.154,2.27,5.77,301,0,4258,0.555,0.5416,M1 V,264.993,299.83057,47.15757,
Kepler-268 b,Kepler-268,2,Transit,2014,25.934138,0.18,2.55,7.04,695,0,6081,1.274,1.109,,851.87,291.97616,38.05503,
Kepler-268 c,Kepler-268,2,Transit,2014,83.446393,0.391,3.38,11.4,471,0,6081,1.274,1.109,,851.87,291.97616,38.05503,
Kepler-269 b,Kepler-269,2,Transit,2014,5.326718,0.061,2.47,6.66,1007,0,5847,0.959,0.92,,2257.32,290.21515,41.77598,
Kepler-269 c,Kepler-269,2,Transit,2014,8.127899,0.081,1.69,3.5,875,0,5847,0.959,0.92,,2257.32,290.21515,41.77598,
Kepler-27 d,Kepler-27,3,Transit,2021,6.54629,0.06578,2.706,7.78,810,0,5251,0.817,0.926,,1044.36,292.23676,41.08587,
Kepler-27 b,Kepler-27,3,Transit,2011,15.3348,0.118,4,2895.31,610,0,5400,0.59,0.65,,1044.36,292.23676,41.08587,
Kepler-27 c,Kepler-27,3,Transit,2011,31.3309,0.191,4.9,4385.87,481,0,5400,0.59,0.65,,1044.36,292.23676,41.08587,
Kepler-270 b,Kepler-270,2,Transit,2014,11.476094,0.107,2.01,4.7,984,0,6067,1.461,1.17,,948.781,282.20012,44.42228,
Kepler-270 c,Kepler-270,2,Transit,2014,25.262887,0.18,1.77,3.78,756,0,6067,1.461,1.17,,948.781,282.20012,44.42228,
Kepler-271 d,Kepler-271,3,Transit,2016,5.249725,0.05554,0.66,0.219,954,0,5555,0.87,0.9,,404.542,283.00293,44.28411,
Kepler-271 c,Kepler-271,3,Transit,2014,7.410863,0.06993,0.95,0.809,850,0,5555,0.87,0.9,,404.542,283.00293,44.28411,
Kepler-271 b,Kepler-271,3,Transit,2014,10.435478,0.08784,1.23,2.04,759,0,5555,0.87,0.9,,404.542,283.00293,44.28411,
Kepler-272 b,Kepler-272,3,Transit,2014,2.971353,0.038,1.43,78,1200,0,5297,0.929,0.91,,889.608,299.12753,47.59383,
Kepler-272 c,Kepler-272,3,Transit,2014,6.057342,0.061,1.79,97.8,947,0,5297,0.929,0.91,,889.608,299.12753,47.59383,
Kepler-272 d,Kepler-272,3,Transit,2014,10.937304,0.091,2.25,5.69,777,0,5297,0.929,0.91,,889.608,299.12753,47.59383,
Kepler-273 b,Kepler-273,2,Transit,2014,2.936532,0.037,1.5,2.86,1209,0,5626,0.815,0.756,,713.964,291.30215,47.69766,
Kepler-273 c,Kepler-273,2,Transit,2014,8.014927,0.073,1.98,4.58,865,0,5626,0.815,0.756,,713.964,291.30215,47.69766,
Kepler-274 b,Kepler-274,2,Transit,2014,11.634788,0.101,1.54,2.99,961,0,6023,1.007,0.883,,1333.62,292.92279,38.47722,
Kepler-274 c,Kepler-274,2,Transit,2014,33.197861,0.204,1.84,4.04,678,0,6023,1.007,0.883,,1333.62,292.92279,38.47722,
Kepler-275 b,Kepler-275,3,Transit,2014,10.300682,0.098,2.34,6.08,1015,0,6165,1.383,1.189,,2034.25,292.4797,38.5149,
Kepler-275 c,Kepler-275,3,Transit,2014,16.088134,0.132,3.38,11.4,875,0,6165,1.383,1.189,,2034.25,292.4797,38.5149,
Kepler-275 d,Kepler-275,3,Transit,2014,35.676062,0.224,3.33,11.1,671,0,6165,1.383,1.189,,2034.25,292.4797,38.5149,
Kepler-276 b,Kepler-276,3,Transit,2014,14.12841,0.119,2.87,731.209,739,0,6105,1.046,0.845,,1144.86,293.5682,39.03631,
Kepler-276 c,Kepler-276,3,Transit,2013,31.884,0.18619,2.9,16.6,563,0,5693,1.03,1.1,,1144.86,293.5682,39.03631,
Kepler-276 d,Kepler-276,3,Transit,2013,48.648,0.24666,2.8,16.3,489,0,5693,1.03,1.1,,1144.86,293.5682,39.03631,
Kepler-277 b,Kepler-277,2,Transit,2013,17.324,0.14168,2.92,87.3,964,0,5946,1.69,1.12,,976.643,286.58319,39.07726,
Kepler-277 c,Kepler-277,2,Transit,2013,33.006,0.21781,3.36,64.2,778,0,5946,1.69,1.12,,976.643,286.58319,39.07726,
Kepler-278 b,Kepler-278,2,Transit,2014,30.1556,0.202,3.955,56,586,0.696,4965,2.861,1.227,K2 III-IV,443.03,290.10721,38.70227,
Kepler-278 c,Kepler-278,2,Transit,2014,51.111,0.287,3.268,34.9,492,0.616,4965,2.861,1.227,K2 III-IV,443.03,290.10721,38.70227,
Kepler-279 b,Kepler-279,4,Transit,2014,12.309681,0.112,3.62,4180.93,1104,0,6363,1.746,1.2,,1037.4,287.3913,42.19482,
Kepler-279 c,Kepler-279,4,Transit,2013,35.736,0.2236,4.3,49.4,774,0,6689,1.07,1.1,,1037.4,287.3913,42.19482,
Kepler-279 d,Kepler-279,4,Transit,2013,54.414,0.2901,3.1,37.5,574,0,6689,1.07,1.1,,1037.4,287.3913,42.19482,
Kepler-279 e,Kepler-279,4,Transit,2025,98.3531,0.439,4.13,56,552,0,6689,1.43,1.164,,1037.4,287.3913,42.19482,
Kepler-28 b,Kepler-28,2,Transit,2011,5.91,0.05687,1.959,1.63,585,0,4499,0.664,0.684,M0 V,438.359,292.13704,42.42948,
Kepler-28 c,Kepler-28,2,Transit,2011,8.99,0.07519,1.857,2.06,509,0.017,4499,0.664,0.684,M0 V,438.359,292.13704,42.42948,
Kepler-280 b,Kepler-280,2,Transit,2014,2.139542,0.032,1.45,2.7,1425,0,5744,0.886,0.962,,780.361,291.39053,42.18047,
Kepler-280 c,Kepler-280,2,Transit,2014,4.807091,0.056,2.01,4.7,1088,0,5744,0.886,0.962,,780.361,291.39053,42.18047,
Kepler-281 b,Kepler-281,3,Transit,2014,14.646008,0.117,2.82,324,694,0,5723,0.899,0.95,,1745.45,294.10815,44.77065,
Kepler-281 c,Kepler-281,3,Transit,2014,36.337373,0.215,5.31,161.124,513,0,5723,0.899,0.95,,1745.45,294.10815,44.77065,
Kepler-281 d,Kepler-281,3,Transit,2021,148.272003,0.5456,5.937,654,321,0,5717,0.884,0.984,,1745.45,294.10815,44.77065,
Kepler-282 b,Kepler-282,4,Transit,2014,9.220524,0.082,1.01,1.01,817,0,5602,0.904,0.86,,1337.61,284.67724,44.79764,
Kepler-282 c,Kepler-282,4,Transit,2014,13.638723,0.106,1.2,1.87,717,0,5602,0.904,0.86,,1337.61,284.67724,44.79764,
Kepler-282 d,Kepler-282,4,Transit,2013,24.806,0.15837,2.46,61,588,0,5656,0.89,0.97,,1337.61,284.67724,44.79764,
Kepler-282 e,Kepler-282,4,Transit,2013,44.347,0.23332,3.1,56.2,484,0,5656,0.89,0.97,,1337.61,284.67724,44.79764,
Kepler-283 b,Kepler-283,2,Transit,2014,11.008151,0.082,2.13,5.18,488,0,4351,0.566,0.596,,468.094,293.61374,47.83894,
Kepler-283 c,Kepler-283,2,Transit,2014,92.743711,0.341,1.82,3.97,240,0,4351,0.566,0.596,,468.094,293.61374,47.83894,
Kepler-284 b,Kepler-284,2,Transit,2014,12.699149,0.104,2.24,5.65,686,0,5615,0.814,0.766,,1031.95,293.14657,47.72971,
Kepler-284 c,Kepler-284,2,Transit,2014,37.514456,0.213,2.61,7.32,478,0,5615,0.814,0.766,,1031.95,293.14657,47.72971,
Kepler-285 b,Kepler-285,2,Transit,2014,2.633867,0.036,1.34,2.36,1131,0,5411,0.808,0.915,,824.31,291.39085,48.06554,
Kepler-285 c,Kepler-285,2,Transit,2014,6.186676,0.064,1.12,1.46,851,0,5411,0.808,0.915,,824.31,291.39085,48.06554,
Kepler-286 b,Kepler-286,4,Transit,2014,1.796302,0.027,1.24,2.07,1367,0,5580,0.863,0.83,,1226.85,290.67619,48.29424,
Kepler-286 c,Kepler-286,4,Transit,2014,3.468095,0.042,1.37,2.45,1098,0,5580,0.863,0.83,,1226.85,290.67619,48.29424,
Kepler-286 d,Kepler-286,4,Transit,2014,5.914323,0.061,1.33,2.33,919,0,5580,0.863,0.83,,1226.85,290.67619,48.29424,
Kepler-286 e,Kepler-286,4,Transit,2014,29.221289,0.176,1.77,3.78,539,0,5580,0.863,0.83,,1226.85,290.67619,48.29424,
Kepler-287 b,Kepler-287,2,Transit,2014,20.342199,0.145,2.33,83,667,0,5806,1.032,0.963,K7 V,835.86,290.92743,48.44346,
Kepler-287 c,Kepler-287,2,Transit,2014,44.851896,0.246,3.26,66,513,0,5806,1.032,0.963,K7 V,835.86,290.92743,48.44346,
Kepler-288 b,Kepler-288,3,Transit,2014,6.097326,0.065,1.67,3.43,1197,0,5918,1.091,0.842,,1194.15,288.9164,39.59475,
Kepler-288 c,Kepler-288,3,Transit,2014,19.305772,0.14,2.85,8.5,815,0,5918,1.091,0.842,,1194.15,288.9164,39.59475,
Kepler-288 d,Kepler-288,3,Transit,2014,56.633742,0.287,2.67,7.61,570,0,5918,1.091,0.842,,1194.15,288.9164,39.59475,
Kepler-289 b,Kepler-289,4,Transit,2014,34.5383,0.21183,2.49,3.7,607,0,5990,1,1.08,,704.438,297.46534,42.88285,
Kepler-289 d,Kepler-289,4,Transit,2014,66.0282,0.33,3.03,5.33,502.8,,5990,1,1.08,,704.438,297.46534,42.88285,
Kepler-289 c,Kepler-289,4,Transit,2014,125.8723,0.50155,11.23,157.18,394,0,5990,1,1.08,,704.438,297.46534,42.88285,
Kepler-289 e,Kepler-289,4,Transit,2025,330.0716,0.9342,2.94,17.4,286,0,5990,0.985,1.061,,704.438,297.46534,42.88285,
Kepler-29 b,Kepler-29,2,Transit,2011,10.33974,0.08482,2.55,5,777,0,5378,0.732,0.761,,832.532,298.34838,47.4913,
Kepler-29 c,Kepler-29,2,Transit,2011,13.28613,0.10027,2.34,4.5,715,0,5378,0.732,0.761,,832.532,298.34838,47.4913,
Kepler-290 d,Kepler-290,3,Transit,2023,0.764018,0.0154,0.86,0.566,1589,0,5142,0.755,0.84,,694.627,286.41003,42.68151,
Kepler-290 b,Kepler-290,3,Transit,2014,14.589347,0.11,2.25,5.69,594,0,5147,0.743,0.756,,694.627,286.41003,42.68151,
Kepler-290 c,Kepler-290,3,Transit,2014,36.77031,0.205,2.7,7.75,437,0,5147,0.743,0.756,,694.627,286.41003,42.68151,
Kepler-291 b,Kepler-291,2,Transit,2014,3.546511,0.047,2.16,5.31,1212,0,6002,1.016,1.023,,1786.48,287.9163,42.43727,
Kepler-291 c,Kepler-291,2,Transit,2014,5.700786,0.065,1.88,4.19,1035,0,6002,1.016,1.023,,1786.48,287.9163,42.43727,
Kepler-292 b,Kepler-292,5,Transit,2014,2.580827,0.035,1.32,2.3,1130,0,5299,0.826,0.865,,1056.48,295.7662,42.42428,
Kepler-292 c,Kepler-292,5,Transit,2014,3.715335,0.045,1.47,2.76,1001,0,5299,0.826,0.865,,1056.48,295.7662,42.42428,
Kepler-292 d,Kepler-292,5,Transit,2014,7.055679,0.068,2.23,5.6,808,0,5299,0.826,0.865,,1056.48,295.7662,42.42428,
Kepler-292 e,Kepler-292,5,Transit,2014,11.97901,0.097,2.67,7.61,678,0,5299,0.826,0.865,,1056.48,295.7662,42.42428,
Kepler-292 f,Kepler-292,5,Transit,2014,20.834237,0.141,2.35,6.12,563,0,5299,0.826,0.865,,1056.48,295.7662,42.42428,
Kepler-293 b,Kepler-293,2,Transit,2014,19.254196,0.144,3.07,9.64,657,0,5804,0.957,0.934,,974.633,286.35806,42.40649,
Kepler-293 c,Kepler-293,2,Transit,2014,54.155743,0.286,3.83,14,466,0,5804,0.957,0.934,,974.633,286.35806,42.40649,
Kepler-294 b,Kepler-294,2,Transit,2014,3.701212,0.048,1.77,3.78,1087,0,5913,0.976,0.947,,1357.01,287.39204,46.05926,
Kepler-294 c,Kepler-294,2,Transit,2014,6.6264,0.071,2.71,7.8,895,0,5913,0.976,0.947,,1357.01,287.39204,46.05926,
Kepler-295 b,Kepler-295,3,Transit,2014,12.645164,0.099,1.22,1.98,741,0,5603,0.898,0.89,,1699.19,285.34584,45.36778,
Kepler-295 c,Kepler-295,3,Transit,2014,21.526258,0.142,1.17,1.71,621,0,5603,0.898,0.89,,1699.19,285.34584,45.36778,
Kepler-295 d,Kepler-295,3,Transit,2014,33.884054,0.192,1.36,2.42,533,0,5603,0.898,0.89,,1699.19,285.34584,45.36778,
Kepler-296 c,Kepler-296,5,Transit,2014,5.841637,0.0521,2,4.66,606,0.33,3740,0.48,0.498,M2 V,167,286.54003,49.43726,
Kepler-296 b,Kepler-296,5,Transit,2014,10.864384,0.079,1.61,3.22,495,0.33,3740,0.48,0.498,M2 V,167,286.54003,49.43726,
Kepler-296 d,Kepler-296,5,Transit,2014,19.850291,0.118,2.09,5.02,403,0.33,3740,0.48,0.498,M2 V,167,286.54003,49.43726,
Kepler-296 e,Kepler-296,5,Transit,2014,34.14211,0.169,1.53,2.96,337,0.33,3740,0.48,0.498,M2 V,167,286.54003,49.43726,
Kepler-296 f,Kepler-296,5,Transit,2014,63.33627,0.255,1.8,3.89,274,0.33,3740,0.48,0.498,M2 V,167,286.54003,49.43726,
Kepler-297 b,Kepler-297,3,Transit,2014,38.871826,0.217,2.87,48.5,509,0,5619,0.915,0.927,,692.14,283.20916,48.77762,
Kepler-297 c,Kepler-297,3,Transit,2014,74.920137,0.336,6.54,42.1,409,0,5619,0.915,0.927,,692.14,283.20916,48.77762,
Kepler-297 d,Kepler-297,3,Transit,2023,150.018951,0.523,32.6,,325,0,5618,0.897,0.846,,692.14,283.20916,48.77762,
Kepler-298 b,Kepler-298,3,Transit,2014,10.475464,0.08,1.96,4.5,540,0,4465,0.582,0.66,,518.204,283.03984,48.82533,
Kepler-298 c,Kepler-298,3,Transit,2014,22.92881,0.136,1.93,4.38,416,0,4465,0.582,0.66,,518.204,283.03984,48.82533,
Kepler-298 d,Kepler-298,3,Transit,2014,77.473633,0.305,2.5,6.8,277,0,4465,0.582,0.66,,518.204,283.03984,48.82533,
Kepler-299 b,Kepler-299,4,Transit,2014,2.927128,0.04,1.32,2.3,1258,0,5617,1.032,1.004,,1052.24,283.20702,48.58052,
Kepler-299 c,Kepler-299,4,Transit,2014,6.885875,0.07,2.65,7.51,946,0,5617,1.032,1.004,,1052.24,283.20702,48.58052,
Kepler-299 d,Kepler-299,4,Transit,2014,15.054786,0.118,1.86,4.12,729,0,5617,1.032,1.004,,1052.24,283.20702,48.58052,
Kepler-299 e,Kepler-299,4,Transit,2014,38.285489,0.22,1.87,4.16,534,0,5617,1.032,1.004,,1052.24,283.20702,48.58052,
Kepler-30 b,Kepler-30,3,Transit,2012,29.33434,0.18,3.9,11.3,524,0.042,5498,0.95,0.99,,914.221,285.28365,38.94726,
Kepler-30 c,Kepler-30,3,Transit,2012,60.323105,0.3,12.3,640,411,0.0111,5498,0.95,0.99,,914.221,285.28365,38.94726,
Kepler-30 d,Kepler-30,3,Transit,2012,143.34394,0.5,8.8,23.1,308,0.022,5498,0.95,0.99,,914.221,285.28365,38.94726,
Kepler-300 b,Kepler-300,2,Transit,2014,10.446347,0.094,1.67,3.43,812,0,5986,0.9,1.07,,1098.45,295.28869,48.59972,
Kepler-300 c,Kepler-300,2,Transit,2014,40.714955,0.232,2.25,5.69,516,0,5986,0.9,1.07,,1098.45,295.28869,48.59972,
Kepler-301 b,Kepler-301,3,Transit,2014,2.508553,0.036,1.35,2.39,1278,0,5815,0.9,1.022,,719.166,283.9829,49.23295,
Kepler-301 c,Kepler-301,3,Transit,2014,5.419026,0.06,1.35,2.39,989,0,5815,0.9,1.022,,719.166,283.9829,49.23295,
Kepler-301 d,Kepler-301,3,Transit,2014,13.751243,0.112,1.75,3.71,725,0,5815,0.9,1.022,,719.166,283.9829,49.23295,
Kepler-302 b,Kepler-302,2,Transit,2014,30.184104,0.193,4.06,15.5,634,0,5740,1.22,1.021,,1402.58,294.31693,43.62924,
Kepler-302 c,Kepler-302,2,Transit,2014,127.282184,0.503,12.45,,392,0,5740,1.22,1.021,,1402.58,294.31693,43.62924,
Kepler-303 b,Kepler-303,2,Transit,2014,1.937055,0.024,0.89,0.64,802,0,3944,0.485,0.575,M0 V,209.738,283.13547,43.6567,
Kepler-303 c,Kepler-303,2,Transit,2014,7.061149,0.057,1.14,1.55,521,0,3944,0.485,0.575,M0 V,209.738,283.13547,43.6567,
Kepler-304 e,Kepler-304,4,Transit,2016,1.499147,0.02317,1.2,1.87,1137,0,4817,0.73,0.8,,434.684,294.4418,40.55754,
Kepler-304 b,Kepler-304,4,Transit,2014,3.295709,0.039,2.86,8.55,875,0,4731,0.687,0.737,,434.684,294.4418,40.55754,
Kepler-304 c,Kepler-304,4,Transit,2014,5.315946,0.054,2.17,5.35,746,0,4731,0.687,0.737,,434.684,294.4418,40.55754,
Kepler-304 d,Kepler-304,4,Transit,2014,9.653471,0.08,2.75,8,611,0,4731,0.687,0.737,,434.684,294.4418,40.55754,
Kepler-305 e,Kepler-305,4,Transit,2020,3.20538,0.04017,1.794,3.87,1000,0,4974,0.8273,0.82,,868.477,299.22426,40.34317,
Kepler-305 b,Kepler-305,4,Transit,2013,5.487,0.05746,3.6,10.5,836,0.005,5080,0.8,0.76,,868.477,299.22426,40.34317,
Kepler-305 c,Kepler-305,4,Transit,2013,8.291,0.07568,3.3,6,728,0,5080,0.8,0.76,,868.477,299.22426,40.34317,
Kepler-305 d,Kepler-305,4,Transit,2014,16.74,0.12091,2.76,6.2,576,0,5090,0.792,0.827,,868.477,299.22426,40.34317,
Kepler-306 b,Kepler-306,4,Transit,2014,4.646186,0.05,1.52,2.92,830,0,4954,0.719,0.75,,775.679,288.53871,40.61605,
Kepler-306 c,Kepler-306,4,Transit,2014,7.240193,0.067,2.35,6.12,716,0,4954,0.719,0.75,,775.679,288.53871,40.61605,
Kepler-306 d,Kepler-306,4,Transit,2014,17.326644,0.12,2.47,6.66,535,0,4954,0.719,0.75,,775.679,288.53871,40.61605,
Kepler-306 e,Kepler-306,4,Transit,2014,44.840975,0.227,2.27,5.77,390,0,4954,0.719,0.75,,775.679,288.53871,40.61605,
Kepler-307 b,Kepler-307,2,Transit,2013,10.4208,0.09359,2.43,7.44,797,0,5367,0.814,0.907,,575.581,297.79509,40.41764,
Kepler-307 c,Kepler-307,2,Transit,2013,13.0729,0.10896,2.2,3.64,739,0,5367,0.814,0.907,,575.581,297.79509,40.41764,
Kepler-308 b,Kepler-308,2,Transit,2014,9.694928,0.09,2.12,5.14,833,0,5895,0.941,0.92,,1335.92,295.78524,40.43958,
Kepler-308 c,Kepler-308,2,Transit,2014,15.38231,0.123,2.16,5.31,714,0,5895,0.941,0.92,,1335.92,295.78524,40.43958,
Kepler-309 b,Kepler-309,2,Transit,2014,5.923653,0.059,1.56,3.05,531,0,4713,0.721,0.816,M0 V,544.568,297.50989,46.96141,
Kepler-309 c,Kepler-309,2,Transit,2014,105.356383,0.401,2.51,6.85,204,0,4713,0.721,0.816,M0 V,544.568,297.50989,46.96141,
Kepler-31 b,Kepler-31,3,Transit,2011,20.8613,0.16,5.5,36.742,781,0,6340,1.22,1.21,,1664.64,294.02302,45.85305,
Kepler-31 c,Kepler-31,3,Transit,2011,42.6318,0.26,5.3,1493.7,615,0,6340,1.22,1.21,,1664.64,294.02302,45.85305,
Kepler-31 d,Kepler-31,3,Transit,2014,87.6451,0.4,3.9,2161.244,484,0,6340,1.22,1.21,,1664.64,294.02302,45.85305,
Kepler-310 b,Kepler-310,3,Transit,2014,13.930698,0.111,1.19,1.81,665,0,5797,0.876,0.854,,602.268,288.83928,46.98675,
Kepler-310 c,Kepler-310,3,Transit,2014,56.47542,0.281,3.38,11.4,417,0,5797,0.876,0.854,,602.268,288.83928,46.98675,
Kepler-310 d,Kepler-310,3,Transit,2014,92.876125,0.392,2.47,7,353,0,5797,0.876,0.854,,602.268,288.83928,46.98675,
Kepler-311 b,Kepler-311,3,Transit,2014,9.176092,0.087,1.7,3.53,960,0,5905,1.188,0.994,,778.654,282.06127,47.0855,
Kepler-311 c,Kepler-311,3,Transit,2014,19.738286,0.145,1.43,2.63,744,0,5905,1.188,0.994,,778.654,282.06127,47.0855,
Kepler-311 d,Kepler-311,3,Transit,2023,232.040326,0.7326,2.05,4.86,327,0,5903,1.156,0.974,,778.654,282.06127,47.0855,
Kepler-312 b,Kepler-312,2,Transit,2014,1.772419,0.031,1.29,2.21,1685,0,6115,1.467,1.314,,797.72,298.39577,42.45977,
Kepler-312 c,Kepler-312,2,Transit,2014,19.747412,0.153,3.15,10.1,754,0,6115,1.467,1.314,,797.72,298.39577,42.45977,
Kepler-313 b,Kepler-313,2,Transit,2014,14.970418,0.125,2.53,6.94,883,0,5727,1.536,1.114,,1079.3952,298.29487,48.7754,
Kepler-313 c,Kepler-313,2,Transit,2014,32.273273,0.208,2.57,7.13,683,0,5727,1.536,1.114,,1079.3952,298.29487,48.7754,
Kepler-314 b,Kepler-314,2,Transit,2014,2.461069,0.035,0.83,0.498,1195,0,5378,0.95,0.99,,268.881,294.67415,42.0756,
Kepler-314 c,Kepler-314,2,Transit,2014,5.960392,0.064,2.9,8.75,890,0,5378,0.95,0.99,,268.881,294.67415,42.0756,
Kepler-315 b,Kepler-315,2,Transit,2014,96.101141,0.402,3.77,13.7,409,0,5796,1.037,0.831,,1160.63,298.0231,43.36348,
Kepler-315 c,Kepler-315,2,Transit,2014,265.469335,0.791,4.15,16.1,291,0,5796,1.037,0.831,,1160.63,298.0231,43.36348,
Kepler-316 b,Kepler-316,2,Transit,2014,2.240508,0.027,1.06,1.2,837,0,4204,0.52,0.587,,384.938,290.82583,44.1839,
Kepler-316 c,Kepler-316,2,Transit,2014,6.827766,0.058,1.16,1.65,577,0,4204,0.52,0.587,,384.938,290.82583,44.1839,
Kepler-317 b,Kepler-317,2,Transit,2014,5.524242,0.061,2.09,109.8,976,0,5497,0.941,0.865,,940.584,294.94388,39.03205,
Kepler-317 c,Kepler-317,2,Transit,2014,8.77501,0.083,1.72,3.61,837,0,5497,0.941,0.865,,940.584,294.94388,39.03205,
Kepler-318 b,Kepler-318,2,Transit,2014,4.662715,0.056,4.71,19.9,1039,0,5746,1.189,1.073,,489.141,298.48283,46.79364,
Kepler-318 c,Kepler-318,2,Transit,2014,11.815007,0.105,3.68,13.1,762,0,5746,1.189,1.073,,489.141,298.48283,46.79364,
Kepler-319 b,Kepler-319,3,Transit,2014,4.362705,0.051,1.63,3.29,1023,0,5526,0.903,0.933,,503.436,288.81198,39.77064,
Kepler-319 c,Kepler-319,3,Transit,2014,6.941357,0.069,2.63,7.41,876,0,5526,0.903,0.933,,503.436,288.81198,39.77064,
Kepler-319 d,Kepler-319,3,Transit,2014,31.781925,0.191,2.29,5.86,528,0,5526,0.903,0.933,,503.436,288.81198,39.77064,
Kepler-32 f,Kepler-32,5,Transit,2012,0.74296,0.013,0.82,969.228,1026,0,3900,0.53,0.58,M1 V,323.847,297.84231,46.57436,
Kepler-32 e,Kepler-32,5,Transit,2012,2.896,0.033,1.5,4.082,652,0,3900,0.53,0.58,M1 V,323.847,297.84231,46.57436,
Kepler-32 b,Kepler-32,5,Transit,2011,5.90124,0.05,2.2,1303,514,0,3900,0.53,0.58,M1 V,323.847,297.84231,46.57436,
Kepler-32 c,Kepler-32,5,Transit,2011,8.7522,0.09,2,158.9,451,0,3900,0.53,0.58,M1 V,323.847,297.84231,46.57436,
Kepler-32 d,Kepler-32,5,Transit,2012,22.7802,0.13,2.7,67.481,328,0,3900,0.53,0.58,M1 V,323.847,297.84231,46.57436,
Kepler-320 b,Kepler-320,2,Transit,2014,8.371554,0.085,1.14,1.55,1292,0,6435,1.108,1.072,,826.613,293.21352,46.17515,
Kepler-320 c,Kepler-320,2,Transit,2014,17.934937,0.142,1.37,2.45,1002,0,6435,1.108,1.072,,826.613,293.21352,46.17515,
Kepler-321 b,Kepler-321,2,Transit,2014,4.915379,0.057,1.77,3.78,1042,0,5740,1.194,1.024,,384.542,294.4537,44.14576,
Kepler-321 c,Kepler-321,2,Transit,2014,13.093921,0.11,2.32,5.99,752,0,5740,1.194,1.024,,384.542,294.4537,44.14576,
Kepler-322 b,Kepler-322,2,Transit,2014,1.653888,0.027,1.01,1.01,1373,0,5388,0.89,0.908,,400.48,281.34875,44.29525,
Kepler-322 c,Kepler-322,2,Transit,2014,4.337234,0.051,1.67,3.43,996,0,5388,0.89,0.908,,400.48,281.34875,44.29525,
Kepler-323 b,Kepler-323,2,Transit,2014,1.678328,0.02778,1.381,3.9,1838,0.095,6004,1.12,1.015,,454.883,291.3823,38.12746,
Kepler-323 c,Kepler-323,2,Transit,2014,3.553823,0.0458,1.57,6.8,1431,0.095,6004,1.12,1.015,,454.883,291.3823,38.12746,
Kepler-324 b,Kepler-324,4,Transit,2014,4.385315,0.05,1.14,2414.4,935,0,5194,0.84,0.901,,501.574,286.47145,49.64909,
Kepler-324 e,Kepler-324,4,Transit,2021,13.9794,0.10972,2.039,235.014,635,0,5191,0.826,0.844,,501.574,286.47145,49.64909,
KOI-1831 d,Kepler-324,4,Transit,2018,34.169,0.19924,1.13,2.23,475,0,5233,0.835,0.901,,501.574,286.47145,49.64909,
Kepler-324 c,Kepler-324,4,Transit,2014,51.805612,0.26,3.15,6.2,410,0,5194,0.84,0.901,,501.574,286.47145,49.64909,
Kepler-325 b,Kepler-325,3,Transit,2014,4.544439,0.053,2.91,8.8,1017,0,5752,1.003,0.914,,823.242,289.83542,49.82561,
Kepler-325 c,Kepler-325,3,Transit,2014,12.762172,0.105,2.54,6.99,721,0,5752,1.003,0.914,,823.242,289.83542,49.82561,
Kepler-325 d,Kepler-325,3,Transit,2014,38.715185,0.22,2.79,8.2,498,0,5752,1.003,0.914,,823.242,289.83542,49.82561,
Kepler-326 b,Kepler-326,3,Transit,2014,2.248329,0.032,1.52,44.6,1127,0,5105,0.801,0.91,,487.675,294.32559,46.00226,
Kepler-326 c,Kepler-326,3,Transit,2014,4.580358,0.051,1.4,17.4,889,0,5105,0.801,0.91,,487.675,294.32559,46.00226,
Kepler-326 d,Kepler-326,3,Transit,2014,6.766888,0.066,1.21,6.9,781,0,5105,0.801,0.91,,487.675,294.32559,46.00226,
Kepler-327 b,Kepler-327,3,Transit,2014,2.549575,0.029,1.11,1.41,682,0,3799,0.492,0.5919,,241.987,292.6423,44.08763,
Kepler-327 c,Kepler-327,3,Transit,2014,5.212333,0.047,1.03,20.3,537,0,3799,0.492,0.5919,,241.987,292.6423,44.08763,
Kepler-327 d,Kepler-327,3,Transit,2014,13.969457,0.09,1.73,3.64,387,0,3799,0.492,0.5919,,241.987,292.6423,44.08763,
Kepler-328 b,Kepler-328,2,Transit,2013,34.921,0.2199,2.3,28.5,602,0,6064,1.06,1.15,,2213.19,295.80928,40.00849,
Kepler-328 c,Kepler-328,2,Transit,2013,71.312,0.354,5.4,39.4,475,0,6064,1.06,1.15,,2213.19,295.80928,40.00849,
Kepler-329 b,Kepler-329,2,Transit,2014,7.416397,0.061,1.4,2.54,547,0,4257,0.523,0.602,,439.719,299.26816,45.22729,
Kepler-329 c,Kepler-329,2,Transit,2014,18.684737,0.113,1.93,4.38,402,0,4257,0.523,0.602,,439.719,299.26816,45.22729,
Kepler-33 b,Kepler-33,5,Transit,2011,5.66793,0.0677,1.74,3.68,1336,0,5904,1.82,1.291,,1209.16,289.07753,46.00517,
Kepler-33 c,Kepler-33,5,Transit,2011,13.17562,0.1189,3.2,0.39,1009,0,5904,1.82,1.291,,1209.16,289.07753,46.00517,
Kepler-33 d,Kepler-33,5,Transit,2011,21.77596,0.1662,5.35,3.91,853,0,5904,1.82,1.291,,1209.16,289.07753,46.00517,
Kepler-33 e,Kepler-33,5,Transit,2011,31.7844,0.2138,4.02,5.57,752,0,5904,1.82,1.291,,1209.16,289.07753,46.00517,
Kepler-33 f,Kepler-33,5,Transit,2011,41.02902,0.2535,4.46,9.6,691,0,5904,1.82,1.291,,1209.16,289.07753,46.00517,
Kepler-330 b,Kepler-330,2,Transit,2014,8.25978,0.075,1.35,2.39,714,0,5117,0.722,0.848,,717.527,288.4474,44.80176,
Kepler-330 c,Kepler-330,2,Transit,2014,15.955387,0.116,1.95,4.46,573,0,5117,0.722,0.848,,717.527,288.4474,44.80176,
Kepler-331 b,Kepler-331,3,Transit,2014,8.457496,0.065,1.82,3.97,540,0,4347,0.492,0.653,,580.119,291.83435,39.30735,
Kepler-331 c,Kepler-331,3,Transit,2014,17.28111,0.105,1.84,4.04,425,0,4347,0.492,0.653,,580.119,291.83435,39.30735,
Kepler-331 d,Kepler-331,3,Transit,2014,32.134328,0.159,1.64,3.33,346,0,4347,0.492,0.653,,580.119,291.83435,39.30735,
Kepler-332 b,Kepler-332,3,Transit,2014,7.626324,0.07,1.17,1.71,703,0,4955,0.72,0.743,,344.19,286.66278,47.41369,
Kepler-332 c,Kepler-332,3,Transit,2014,15.995622,0.114,1.09,1.32,550,0,4955,0.72,0.743,,344.19,286.66278,47.41369,
Kepler-332 d,Kepler-332,3,Transit,2014,34.21154,0.189,1.18,1.76,427,0,4955,0.72,0.743,,344.19,286.66278,47.41369,
Kepler-333 b,Kepler-333,2,Transit,2014,12.551158,0.087,1.32,28.2,480,0,4259,0.534,0.601,,324.413,292.28612,40.91354,
Kepler-333 c,Kepler-333,2,Transit,2014,24.08821,0.135,1.11,1.41,386,0,4259,0.534,0.601,,324.413,292.28612,40.91354,
Kepler-334 b,Kepler-334,3,Transit,2014,5.470319,0.061,1.12,1.46,1090,0,5828,1.068,1.022,,426.59,287.14062,47.11512,
Kepler-334 c,Kepler-334,3,Transit,2014,12.758005,0.107,1.43,2.63,822,0,5828,1.068,1.022,,426.59,287.14062,47.11512,
Kepler-334 d,Kepler-334,3,Transit,2014,25.09849,0.168,1.41,2.57,656,0,5828,1.068,1.022,,426.59,287.14062,47.11512,
Kepler-335 b,Kepler-335,2,Transit,2014,6.562331,0.075,3.39,11.4,1290,0,5877,1.854,1.367,,1278.97,296.06429,45.4286,
Kepler-335 c,Kepler-335,2,Transit,2014,67.844469,0.356,3.07,9.64,592,0,5877,1.854,1.367,,1278.97,296.06429,45.4286,
Kepler-336 b,Kepler-336,3,Transit,2014,2.024823,0.033,1.02,1.04,1625,0,5867,1.304,1.09,,768.86,290.23762,41.33136,
Kepler-336 c,Kepler-336,3,Transit,2014,9.600001,0.092,2.1,5.06,967,0,5867,1.304,1.09,,768.86,290.23762,41.33136,
Kepler-336 d,Kepler-336,3,Transit,2014,20.678772,0.154,2.37,6.21,749,0,5867,1.304,1.09,,768.86,290.23762,41.33136,
Kepler-337 b,Kepler-337,2,Transit,2014,3.292781,0.045,1.54,2.99,1458,0,5684,1.761,1.081,,677.975,290.06051,47.16395,
Kepler-337 c,Kepler-337,2,Transit,2014,9.693201,0.093,2.05,4.86,1017,0,5684,1.761,1.081,,677.975,290.06051,47.16395,
Kepler-338 e,Kepler-338,4,Transit Timing Variations,2014,9.341,0.08979,1.56,8.5,1143,0.05,5999,1.735,1.14,,552.798,282.97906,40.78442,
Kepler-338 b,Kepler-338,4,Transit,2014,13.726976,0.117,2.44,30.6,1005,0.04,5923,1.735,1.105,,552.798,282.97906,40.78442,
Kepler-338 c,Kepler-338,4,Transit,2014,24.310856,0.172,2.34,6.08,831,0.03,5923,1.735,1.105,,552.798,282.97906,40.78442,
Kepler-338 d,Kepler-338,4,Transit,2014,44.431014,0.257,3,9.27,680,0.03,5923,1.735,1.105,,552.798,282.97906,40.78442,
Kepler-339 b,Kepler-339,3,Transit,2014,4.977656,0.055,1.42,2.6,1023,0,5631,0.802,0.87,,616.637,293.3517,48.44459,
Kepler-339 c,Kepler-339,3,Transit,2014,6.988055,0.069,1.15,7.3,914,0,5631,0.802,0.87,,616.637,293.3517,48.44459,
Kepler-339 d,Kepler-339,3,Transit,2014,10.558345,0.091,1.17,14.7,796,0,5631,0.802,0.87,,616.637,293.3517,48.44459,
Kepler-34 b,Kepler-34,1,Transit,2011,288.822,1.0896,8.564,69.92,294.4,0.182,5913,1.1618,1.0479,,1800.82,296.4358,44.64154,
Kepler-340 b,Kepler-340,2,Transit,2014,14.844387,0.134,2.53,6.94,1092,0,6620,1.85,1.65,,808.762,295.93347,40.30055,
Kepler-340 c,Kepler-340,2,Transit,2014,22.824669,0.178,3.37,11.3,946,0,6620,1.85,1.65,,808.762,295.93347,40.30055,
Kepler-341 b,Kepler-341,4,Transit,2014,5.195528,0.06,1.18,1.76,1085,0,6012,1.024,0.976,,1047.03,289.86156,43.47274,
Kepler-341 c,Kepler-341,4,Transit,2014,8.01041,0.08,1.7,3.53,940,0,6012,1.024,0.976,,1047.03,289.86156,43.47274,
Kepler-341 d,Kepler-341,4,Transit,2014,27.666313,0.182,1.85,4.08,622,0,6012,1.024,0.976,,1047.03,289.86156,43.47274,
Kepler-341 e,Kepler-341,4,Transit,2014,42.473269,0.242,1.99,4.62,539,0,6012,1.024,0.976,,1047.03,289.86156,43.47274,
Kepler-342 e,Kepler-342,4,Transit,2016,1.644225,0.02909,0.88,0.615,1897,0,6366,1.34,1.26,,781.611,292.67805,46.72668,
Kepler-342 b,Kepler-342,4,Transit,2014,15.170318,0.128,2.25,5.69,905,0,6175,1.472,1.213,,781.611,292.67805,46.72668,
Kepler-342 c,Kepler-342,4,Transit,2014,26.234138,0.185,1.96,4.5,754,0,6175,1.472,1.213,,781.611,292.67805,46.72668,
Kepler-342 d,Kepler-342,4,Transit,2014,39.459357,0.242,2.49,6.76,658,0,6175,1.472,1.213,,781.611,292.67805,46.72668,
Kepler-343 b,Kepler-343,2,Transit,2014,8.96855,0.088,2.41,6.39,1024,0,5807,1.433,1.055,,927.193,291.96066,42.43296,
Kepler-343 c,Kepler-343,2,Transit,2014,23.22182,0.167,2.02,4.74,746,0,5807,1.433,1.055,,927.193,291.96066,42.43296,
Kepler-344 b,Kepler-344,2,Transit,2014,21.963945,0.153,2.61,7.32,643,0,5774,0.976,0.931,,1002.94,292.49961,46.32434,
Kepler-344 c,Kepler-344,2,Transit,2014,125.596809,0.488,2.95,9.01,360,0,5774,0.976,0.931,,1002.94,292.49961,46.32434,
Kepler-345 b,Kepler-345,2,Transit,2014,7.415563,0.066,0.74,0.48,622,0,4504,0.623,0.61,,260,295.22885,45.97104,
Kepler-345 c,Kepler-345,2,Transit,2014,9.387427,0.077,1.2,2.2,575,0,4504,0.623,0.61,,260,295.22885,45.97104,
Kepler-346 b,Kepler-346,2,Transit,2014,6.511127,0.071,2.66,7.56,1008,0,6033,1.021,0.943,,984.105,288.01192,46.1176,
Kepler-346 c,Kepler-346,2,Transit,2014,23.851549,0.168,3.07,9.64,654,0,6033,1.021,0.943,,984.105,288.01192,46.1176,
Kepler-347 b,Kepler-347,3,Transit,2014,12.79836,0.11,1.97,4.54,908,0,6088,1.005,0.922,,1298.88,289.1996,49.30564,
Kepler-347 c,Kepler-347,3,Transit,2014,27.320871,0.183,1.75,3.71,705,0,6088,1.005,0.922,,1298.88,289.1996,49.30564,
Kepler-347 d,Kepler-347,3,Transit,2023,85.517344,0.3802,3.04,9.48,482,0,5592,1.451,1,,1298.88,289.1996,49.30564,
Kepler-348 b,Kepler-348,2,Transit,2014,7.05677,0.076,1.52,2.92,1196,0,6177,1.359,1.189,,570.783,297.25508,40.54839,
Kepler-348 c,Kepler-348,2,Transit,2014,17.265427,0.138,1.33,2.33,888,0,6177,1.359,1.189,,570.783,297.25508,40.54839,
Kepler-349 b,Kepler-349,2,Transit,2014,5.929778,0.065,1.9,94.5,972,0,5956,0.927,1.083,,940.724,293.67647,44.6156,
Kepler-349 c,Kepler-349,2,Transit,2014,12.247629,0.105,1.96,4.5,763,0,5956,0.927,1.083,,940.724,293.67647,44.6156,
Kepler-35 b,Kepler-35,1,Transit,2011,131.458,0.60347,8.16,40.363,352.9,0.042,5606,1.0284,0.8877,,1819.17,294.49696,46.68967,
Kepler-350 b,Kepler-350,3,Transit,2014,11.189562,0.104,1.85,16.9,1037,0,6186,1.534,1.19,,956.859,285.41958,39.7061,
Kepler-350 c,Kepler-350,3,Transit,2013,17.849,0.1385,3.1,6.1,888,0,6492,1.25,1,,956.859,285.41958,39.7061,
Kepler-350 d,Kepler-350,3,Transit,2013,26.136,0.1786,2.8,14.9,782,0,6492,1.25,1,,956.859,285.41958,39.7061,
Kepler-351 b,Kepler-351,3,Transit,2014,37.054919,0.214,3.06,4.8,498,0,5643,0.854,0.81,,1083.91,286.45279,42.65779,
Kepler-351 c,Kepler-351,3,Transit,2014,57.24809,0.287,3.19,11.1,431,0,5643,0.854,0.81,,1083.91,286.45279,42.65779,
Kepler-351 d,Kepler-351,3,Transit,2016,142.544247,0.5177,2.72,7.85,318,0,5225,0.78,0.81,,1083.91,286.45279,42.65779,
Kepler-352 d,Kepler-352,3,Transit,2021,6.88728,0.06574,0.806,0.449,788,0,5208,0.772,0.796,,252.733,299.89662,46.0519,
Kepler-352 b,Kepler-352,3,Transit,2014,10.05537,0.085,0.86,0.566,694,0,5212,0.781,0.798,,252.733,299.89662,46.0519,
Kepler-352 c,Kepler-352,3,Transit,2014,16.332995,0.118,1.24,2.07,591,0,5212,0.781,0.798,,252.733,299.89662,46.0519,
Kepler-353 b,Kepler-353,2,Transit,2014,5.795278,0.051,0.89,0.64,534,0,3903,0.504,0.553,,384.694,296.85656,41.75807,
Kepler-353 c,Kepler-353,2,Transit,2014,8.410894,0.065,1.38,2.48,472,0,3903,0.504,0.553,,384.694,296.85656,41.75807,
Kepler-354 b,Kepler-354,3,Transit,2014,5.47666,0.054,1.84,4.04,741,0,4648,0.674,0.652,,554.064,285.75153,41.33567,
Kepler-354 c,Kepler-354,3,Transit,2014,16.934402,0.115,1.31,2.27,508,0,4648,0.674,0.652,,554.064,285.75153,41.33567,
Kepler-354 d,Kepler-354,3,Transit,2014,24.209842,0.146,1.24,2.07,451,0,4648,0.674,0.652,,554.064,285.75153,41.33567,
Kepler-355 b,Kepler-355,2,Transit,2014,11.03189,0.102,1.46,2.73,840,0,6184,1.066,0.933,,1432.17,285.79949,42.81174,
Kepler-355 c,Kepler-355,2,Transit,2014,25.762294,0.179,2.71,7.8,633,0,6184,1.066,0.933,,1432.17,285.79949,42.81174,
Kepler-356 b,Kepler-356,2,Transit,2014,4.612696,0.057,1.57,3.09,1294,0,6133,1.335,1.163,,707.559,292.4211,37.68279,
Kepler-356 c,Kepler-356,2,Transit,2014,13.121632,0.115,1.81,3.93,913,0,6133,1.335,1.163,,707.559,292.4211,37.68279,
Kepler-357 b,Kepler-357,3,Transit,2014,6.475434,0.063,1.84,4.04,793,0,5036,0.834,0.794,,688.573,291.24297,44.00863,
Kepler-357 c,Kepler-357,3,Transit,2014,16.85837,0.12,2.67,7.61,576,0,5036,0.834,0.794,,688.573,291.24297,44.00863,
Kepler-357 d,Kepler-357,3,Transit,2014,49.499875,0.246,3.43,11.6,402,0,5036,0.834,0.794,,688.573,291.24297,44.00863,
Kepler-358 b,Kepler-358,2,Transit,2014,34.060467,0.21,2.72,7.85,554,0,5908,0.954,0.94,,1101.1,293.23023,48.28139,
Kepler-358 c,Kepler-358,2,Transit,2014,83.488369,0.381,2.85,8.5,411,0,5908,0.954,0.94,,1101.1,293.23023,48.28139,
Kepler-359 b,Kepler-359,3,Transit,2014,25.563222,0.178,3.53,12.2,671,0,6248,1.086,0.827,,1443.21,293.29361,42.19635,
Kepler-359 c,Kepler-359,3,Transit,2014,57.68802,0.307,4.3,2.9,512,0,6248,1.086,0.827,,1443.21,293.29361,42.19635,
Kepler-359 d,Kepler-359,3,Transit,2014,77.095691,0.372,4.01,2.7,464,0,6248,1.086,0.827,,1443.21,293.29361,42.19635,
Kepler-36 b,Kepler-36,2,Transit,2012,13.86825,0.11419,1.498,3.83,978,0,5979,1.634,1.034,,527.956,291.25019,49.23181,
Kepler-36 c,Kepler-36,2,Transit,2012,16.21865,0.12692,3.679,7.13,928,0,5979,1.634,1.034,,527.956,291.25019,49.23181,
Kepler-360 b,Kepler-360,2,Transit,2014,3.289672,0.044,1.65,3.36,1116,0,6053,1.058,0.994,,876.044,286.28471,44.78158,
Kepler-360 c,Kepler-360,2,Transit,2014,7.186434,0.075,2.1,5.06,860,0,6053,1.058,0.994,,876.044,286.28471,44.78158,
Kepler-361 b,Kepler-361,2,Transit,2014,8.486616,0.086,1.45,2.7,1060,0,6169,1.343,1.191,,930.32,296.80341,46.7411,
Kepler-361 c,Kepler-361,2,Transit,2014,55.188023,0.3,2.52,6.9,568,0,6169,1.343,1.191,,930.32,296.80341,46.7411,
Kepler-362 b,Kepler-362,2,Transit,2014,10.327186,0.087,0.88,0.615,838,0,5788,0.722,0.904,,1090.51,291.7716,47.52992,
Kepler-362 c,Kepler-362,2,Transit,2014,37.866281,0.207,1.45,2.7,543,0,5788,0.722,0.904,,1090.51,291.7716,47.52992,
Kepler-363 b,Kepler-363,3,Transit,2014,3.614568,0.048,1.16,1.65,1347,0,5593,1.485,1.226,,762.596,283.19208,41.30542,
Kepler-363 c,Kepler-363,3,Transit,2014,7.542427,0.079,1.69,66.4,1054,0,5593,1.485,1.226,,762.596,283.19208,41.30542,
Kepler-363 d,Kepler-363,3,Transit,2014,11.932125,0.107,2.05,4.86,905,0,5593,1.485,1.226,,762.596,283.19208,41.30542,
Kepler-364 b,Kepler-364,2,Transit,2014,25.745718,0.178,1.55,3.02,753,0,6108,1.284,1.076,,891.462,281.57,47.39862,
Kepler-364 c,Kepler-364,2,Transit,2014,59.980627,0.312,2.15,5.27,568,0,6108,1.284,1.076,,891.462,281.57,47.39862,
Kepler-365 b,Kepler-365,2,Transit,2014,10.664903,0.098,2.04,4.82,865,0,6012,1.048,1.02,,1038.99,295.62656,49.13041,
Kepler-365 c,Kepler-365,2,Transit,2014,17.784129,0.137,1.64,3.33,729,0,6012,1.048,1.02,,1038.99,295.62656,49.13041,
Kepler-366 b,Kepler-366,2,Transit,2014,3.281959,0.045,1.46,2.73,1326,0,6209,1.048,1.088,,1856.28,296.85203,49.08444,
Kepler-366 c,Kepler-366,2,Transit,2014,12.51616,0.11,1.79,3.86,848,0,6209,1.048,1.088,,1856.28,296.85203,49.08444,
Kepler-367 b,Kepler-367,2,Transit,2014,37.815724,0.201,1.3,2.24,401,0,4710,0.695,0.768,,188.027,297.29256,49.98175,
Kepler-367 c,Kepler-367,2,Transit,2014,53.578637,0.253,1.2,1.87,357,0,4710,0.695,0.768,,188.027,297.29256,49.98175,
Kepler-368 b,Kepler-368,2,Transit,2014,26.84768,0.186,3.26,10.7,800,0,5502,2.019,1.165,,770.978,291.88002,45.38784,
Kepler-368 c,Kepler-368,2,Transit,2014,72.379334,0.36,3.88,14.3,575,0,5502,2.019,1.165,,770.978,291.88002,45.38784,
Kepler-369 b,Kepler-369,2,Transit,2014,2.732756,0.03,1.13,1.51,687,0,3591,0.471,0.5,,214,293.67433,47.90847,
Kepler-369 c,Kepler-369,2,Transit,2014,14.871572,0.094,1.41,2.57,391,0,3591,0.471,0.5,,214,293.67433,47.90847,
Kepler-37 b,Kepler-37,4,Transit,2013,13.36702,0.1019,0.31,0.79,718,0.098,5357,0.789,0.79,,63.9207,284.05925,44.51837,
Kepler-37 c,Kepler-37,4,Transit,2013,21.301848,0.139,0.755,1.3,615,0.099,5357,0.789,0.79,,63.9207,284.05925,44.51837,
Kepler-37 d,Kepler-37,4,Transit,2013,39.792262,0.2109,2.03,2,499,0.1,5357,0.789,0.79,,63.9207,284.05925,44.51837,
Kepler-37 e,Kepler-37,4,Transit Timing Variations,2014,51.196,0.25,0.37,8.1,401,0,5288,0.772,0.8,,63.9207,284.05925,44.51837,
Kepler-370 b,Kepler-370,2,Transit,2014,4.57953,0.054,1.59,3.15,1040,0,5852,0.9,0.982,,1167.94,292.17107,40.91624,
Kepler-370 c,Kepler-370,2,Transit,2014,19.02293,0.14,1.91,4.31,647,0,5852,0.9,0.982,,1167.94,292.17107,40.91624,
Kepler-371 b,Kepler-371,2,Transit,2014,34.763278,0.2,1.89,4.23,554,0,5666,0.992,0.876,,813.192,292.32648,38.65754,
Kepler-371 c,Kepler-371,2,Transit,2014,67.968015,0.313,1.78,3.82,443,0,5666,0.992,0.876,,813.192,292.32648,38.65754,
Kepler-372 b,Kepler-372,3,Transit,2014,6.849692,0.075,1.36,2.42,1081,0,6509,1.137,1.202,,1493.95,291.25623,49.25893,
Kepler-372 c,Kepler-372,3,Transit,2014,20.053763,0.154,2.09,5.02,755,0,6509,1.137,1.202,,1493.95,291.25623,49.25893,
Kepler-372 d,Kepler-372,3,Transit,2014,30.092568,0.201,1.69,3.5,660,0,6509,1.137,1.202,,1493.95,291.25623,49.25893,
Kepler-373 b,Kepler-373,2,Transit,2014,5.535309,0.06,1.36,2.42,1054,0,5787,0.845,0.981,,1090.45,289.38799,50.59701,
Kepler-373 c,Kepler-373,2,Transit,2014,16.725948,0.126,1.24,2.07,729,0,5787,0.845,0.981,,1090.45,289.38799,50.59701,
Kepler-374 b,Kepler-374,3,Transit,2014,1.897806,0.029,1.03,1.08,1761,0,5977,0.911,1.033,,1265.61,294.13789,42.37041,
Kepler-374 c,Kepler-374,3,Transit,2014,3.282807,0.042,1.1,1.37,1467,0,5977,0.911,1.033,,1265.61,294.13789,42.37041,
Kepler-374 d,Kepler-374,3,Transit,2014,5.028219,0.056,1.31,2.27,1272,0,5977,0.911,1.033,,1265.61,294.13789,42.37041,
Kepler-375 b,Kepler-375,2,Transit,2014,12.125934,0.101,1.45,2.7,851,0,5826,0.837,0.891,,1238.81,288.61787,48.09836,
Kepler-375 c,Kepler-375,2,Transit,2014,19.986326,0.141,2.65,7.51,720,0,5826,0.837,0.891,,1238.81,288.61787,48.09836,
Kepler-376 b,Kepler-376,2,Transit,2014,4.920199,0.057,1.07,1.24,1242,0,5900,1.175,0.968,,923.067,291.60715,38.41032,
Kepler-376 c,Kepler-376,2,Transit,2014,14.172327,0.115,1.79,3.86,873,0,5900,1.175,0.968,,923.067,291.60715,38.41032,
Kepler-377 b,Kepler-377,2,Transit,2014,12.509529,0.109,1.39,2.51,875,0,5949,1.224,1.043,,823.804,295.42207,38.73567,
Kepler-377 c,Kepler-377,2,Transit,2014,27.014976,0.182,2.06,4.9,677,0,5949,1.224,1.043,,823.804,295.42207,38.73567,
Kepler-378 b,Kepler-378,2,Transit,2014,16.092361,0.112,0.75,0.347,503,0,4661,0.671,0.78,,152.094,294.94897,46.43887,
Kepler-378 c,Kepler-378,2,Transit,2014,28.906009,0.166,0.7,0.271,414,0,4661,0.671,0.78,,152.094,294.94897,46.43887,
Kepler-379 b,Kepler-379,2,Transit,2014,20.09838,0.152,1.66,3.39,775,0,6054,1.306,1.125,,731.274,295.7011,38.94582,
Kepler-379 c,Kepler-379,2,Transit,2014,62.784697,0.326,2.29,5.86,530,0,6054,1.306,1.125,,731.274,295.7011,38.94582,
Kepler-38 b,Kepler-38,1,Transit,2012,105.599,0.4632,4.3,122,475,0.032,5623,1.752,0.941,G4 V,1174.59,286.83031,42.27914,
Kepler-380 b,Kepler-380,2,Transit,2014,3.930821,0.05,1.19,1.81,1317,0,6045,1.224,0.99,,813.713,282.3947,48.75913,
Kepler-380 c,Kepler-380,2,Transit,2014,7.630004,0.078,1.27,2.15,1056,0,6045,1.224,0.99,,813.713,282.3947,48.75913,
Kepler-381 b,Kepler-381,3,Transit,2014,5.629021,0.066,0.99,0.937,1576,0,6152,1.568,1.144,,267.323,285.18287,43.83103,
Kepler-381 d,Kepler-381,3,Transit,2021,8.2563,0.08364,1.067,1.23,1387,0,6197,2.188,1.198,,267.323,285.18287,43.83103,
Kepler-381 c,Kepler-381,3,Transit,2014,13.391635,0.117,1.12,1.46,1180,0,6152,1.568,1.144,,267.323,285.18287,43.83103,
Kepler-382 b,Kepler-382,2,Transit,2014,5.262155,0.055,1.32,2.3,1166,0,5600,0.945,1.002,,935.446,299.13624,45.86996,
Kepler-382 c,Kepler-382,2,Transit,2014,12.162701,0.097,1.59,3.15,882,0,5600,0.945,1.002,,935.446,299.13624,45.86996,
Kepler-383 b,Kepler-383,2,Transit,2014,12.904532,0.095,1.32,2.3,545,0,4710,0.672,0.669,,470,291.34261,38.36316,
Kepler-383 c,Kepler-383,2,Transit,2014,31.200751,0.172,1.24,2.07,406,0,4710,0.672,0.669,,470,291.34261,38.36316,
Kepler-384 b,Kepler-384,2,Transit,2014,22.597053,0.148,1.12,1.46,670,0,5577,0.882,0.882,,895.678,286.02611,44.78286,
Kepler-384 c,Kepler-384,2,Transit,2014,45.348269,0.236,1.13,1.51,531,0,5577,0.882,0.882,,895.678,286.02611,44.78286,
Kepler-385 b,Kepler-385,3,Transit,2014,10.043686,0.097,2.73,12.8,951,0,6326,1.126,0.992,,1432.61,294.33851,50.33652,
Kepler-385 c,Kepler-385,3,Transit,2014,15.163161,0.127,3.04,13.2,829,0,6326,1.126,0.992,,1432.61,294.33851,50.33652,
Kepler-385 d,Kepler-385,3,Transit,2020,56.4159,0.2872,2.619,7.36,535,0,5829,1.157,1.05,,1432.61,294.33851,50.33652,
Kepler-386 b,Kepler-386,2,Transit,2014,12.31043,0.096,1.39,2.51,651,0,5178,0.767,0.825,,882.462,289.85892,48.69381,
Kepler-386 c,Kepler-386,2,Transit,2014,25.193458,0.155,1.58,3.12,513,0,5178,0.767,0.825,,882.462,289.85892,48.69381,
Kepler-387 b,Kepler-387,2,Transit,2014,6.791636,0.068,1.03,1.08,994,0,5774,1.046,0.85,,801.052,287.79827,45.65677,
Kepler-387 c,Kepler-387,2,Transit,2014,11.837549,0.098,0.89,0.64,826,0,5774,1.046,0.85,,801.052,287.79827,45.65677,
Kepler-388 b,Kepler-388,2,Transit,2014,3.173315,0.036,0.81,0.457,830,0,4498,0.586,0.635,,425,284.82806,44.60865,
Kepler-388 c,Kepler-388,2,Transit,2014,13.297004,0.093,0.86,0.566,515,0,4498,0.586,0.635,,425,284.82806,44.60865,
Kepler-389 b,Kepler-389,2,Transit,2014,3.244107,0.041,1.51,2.89,1047,0,5376,0.792,0.765,,816.559,291.96001,44.90006,
Kepler-389 c,Kepler-389,2,Transit,2014,14.51143,0.11,1.46,2.73,636,0,5376,0.792,0.765,,816.559,291.96001,44.90006,
Kepler-39 b,Kepler-39,1,Transit,2011,21.08721,0.164,13.9,6388.1,897,0.112,6350,1.4,1.29,F7 V,1057.41,296.96033,46.0343,
Kepler-390 b,Kepler-390,2,Transit,2014,6.738088,0.065,0.82,0.477,786,0,5166,0.776,0.787,,435.277,291.62881,41.20884,
Kepler-390 c,Kepler-390,2,Transit,2014,13.060022,0.101,0.79,0.418,630,0,5166,0.776,0.787,,435.277,291.62881,41.20884,
Kepler-391 b,Kepler-391,2,Transit,2014,7.4175,0.083,2.5,1100,930,0.46,5038,2.879,1.27,K2 III-IV,869.236,290.62188,51.05735,
Kepler-391 c,Kepler-391,2,Transit,2014,20.501,0.164,2.88,450,662,0.27,5038,2.879,1.27,K2 III-IV,869.236,290.62188,51.05735,
Kepler-392 b,Kepler-392,2,Transit,2014,5.341853,0.059,1,0.972,1125,0,5938,1.129,0.874,,681.428,288.66083,43.36819,
Kepler-392 c,Kepler-392,2,Transit,2014,10.423118,0.093,1.1,1.37,901,0,5938,1.129,0.874,,681.428,288.66083,43.36819,
Kepler-393 b,Kepler-393,2,Transit,2014,9.182417,0.091,1.29,2.21,1052,0,6189,1.382,1.256,,881.404,290.9952,45.19219,
Kepler-393 c,Kepler-393,2,Transit,2014,14.613612,0.124,1.33,2.33,901,0,6189,1.382,1.256,,881.404,290.9952,45.19219,
Kepler-394 d,Kepler-394,3,Transit,2021,5.61358,0.05904,1.501,2.86,1165,0,6398,1.101,1.141,,1058.72,296.30198,50.67231,
Kepler-394 b,Kepler-394,3,Transit,2014,8.005013,0.083,1.6,3.19,1035,0,6402,1.132,0.87,,1058.72,296.30198,50.67231,
Kepler-394 c,Kepler-394,3,Transit,2014,12.130686,0.11,1.66,3.39,901,0,6402,1.132,0.87,,1058.72,296.30198,50.67231,
Kepler-395 b,Kepler-395,2,Transit,2014,7.054346,0.061,1.03,1.08,576,0,4262,0.556,0.6228,,421.382,293.51119,45.13663,
Kepler-395 c,Kepler-395,2,Transit,2014,34.989262,0.177,1.32,2.3,341,0,4262,0.556,0.6228,,421.382,293.51119,45.13663,
Kepler-396 b,Kepler-396,2,Transit,2013,42.994,0.24067,3.5,75.5,496,0,5656,1.06,0.85,,223.757,296.13281,48.97731,
Kepler-396 c,Kepler-396,2,Transit,2013,88.505,0.38946,5.3,17.9,390,0,5656,1.06,0.85,,223.757,296.13281,48.97731,
Kepler-397 b,Kepler-397,2,Transit,2014,22.250949,0.144,2.46,6.62,539,0,5307,0.767,0.844,,969,295.89404,42.38052,
Kepler-397 c,Kepler-397,2,Transit,2014,135.498527,0.48,6.18,31.6,295,0,5307,0.767,0.844,,969,295.89404,42.38052,
Kepler-398 b,Kepler-398,3,Transit,2014,4.081423,0.044,0.93,0.749,755,0,4493,0.613,0.649,,177.355,291.46885,40.3437,
Kepler-398 d,Kepler-398,3,Transit,2016,6.83437,0.0618,0.88,0.615,636,0,4557,0.67,0.72,,177.355,291.46885,40.3437,
Kepler-398 c,Kepler-398,3,Transit,2014,11.419412,0.087,1.01,1.01,536,0,4493,0.613,0.649,,177.355,291.46885,40.3437,
Kepler-399 b,Kepler-399,3,Transit,2014,14.425281,0.103,0.96,0.84,773,0,5502,0.68,0.902,,740.537,299.50172,40.67077,
Kepler-399 c,Kepler-399,3,Transit,2014,26.67569,0.155,1.43,2.63,630,0,5502,0.68,0.902,,740.537,299.50172,40.67077,
Kepler-399 d,Kepler-399,3,Transit,2014,58.034616,0.261,1.89,4.23,486,0,5502,0.68,0.902,,740.537,299.50172,40.67077,
Kepler-4 b,Kepler-4,1,Transit,2009,3.21346,0.0456,4.002,24.472,1650,0,5857,1.487,1.223,,487.916,285.61545,50.13577,
Kepler-40 b,Kepler-40,1,Transit,2010,6.87349,0.08,13.11,699.2,1620,0,6510,2.13,1.48,F5 IV,2305.01,296.81369,47.52654,
Kepler-400 b,Kepler-400,2,Transit,2014,9.024389,0.087,1.65,3.36,939,0,5886,1.145,1.08,,845.97,290.94447,40.48005,
Kepler-400 c,Kepler-400,2,Transit,2014,17.340824,0.134,1.49,2.83,755,0,5886,1.145,1.08,,845.97,290.94447,40.48005,
Kepler-401 b,Kepler-401,3,Transit,2014,14.383035,0.122,1.71,3.57,889,0,6117,1.333,1.173,,965.56,290.08275,50.86344,
Kepler-401 c,Kepler-401,3,Transit,2014,47.318218,0.269,2.15,5.27,598,0,6117,1.333,1.173,,965.56,290.08275,50.86344,
Kepler-401 d,Kepler-401,3,Transit,2016,184.256405,0.66886,2.27,5.77,380,0,6184,1.29,1.17,,965.56,290.08275,50.86344,
Kepler-402 b,Kepler-402,4,Transit,2014,4.028751,0.051,1.22,1.98,1311,0,6090,1.264,1.072,,625.339,288.3702,43.35461,
Kepler-402 c,Kepler-402,4,Transit,2014,6.124821,0.068,1.56,3.05,1140,0,6090,1.264,1.072,,625.339,288.3702,43.35461,
Kepler-402 d,Kepler-402,4,Transit,2014,8.921099,0.087,1.38,2.48,1006,0,6090,1.264,1.072,,625.339,288.3702,43.35461,
Kepler-402 e,Kepler-402,4,Transit,2014,11.242861,0.102,1.46,2.73,931,0,6090,1.264,1.072,,625.339,288.3702,43.35461,
Kepler-403 b,Kepler-403,3,Transit,2014,7.031462,0.076,1.25,2.1,1194,0,6090,1.329,1.299,,840.269,289.92143,46.74453,
Kepler-403 d,Kepler-403,3,Transit,2016,13.611591,0.12178,1.42,2.6,958,0,6209,1.45,1.25,,840.269,289.92143,46.74453,
Kepler-403 c,Kepler-403,3,Transit,2014,54.280749,0.297,1.75,3.71,604,0,6090,1.329,1.299,,840.269,289.92143,46.74453,
Kepler-404 b,Kepler-404,2,Transit,2014,11.829851,0.102,1.27,2.15,730,0,5654,0.884,0.86,,812.524,286.39858,45.34352,
Kepler-404 c,Kepler-404,2,Transit,2014,14.751166,0.118,1.72,3.61,678,0,5654,0.884,0.86,,812.524,286.39858,45.34352,
Kepler-405 b,Kepler-405,2,Transit,2014,10.613839,0.095,2.08,4.98,785,0,5818,0.893,0.873,,1065.08,291.40946,38.34001,
Kepler-405 c,Kepler-405,2,Transit,2014,29.726682,0.188,4.66,19.6,557,0,5818,0.893,0.873,,1065.08,291.40946,38.34001,
Kepler-406 b,Kepler-406,2,Transit,2014,2.42629,0.03599,1.43,6.35,1302,0,5538,1.07,1.07,,364.03,291.84818,44.96828,
Kepler-406 c,Kepler-406,2,Transit,2014,4.62332,0.05531,0.85,2.71,1050,0,5538,1.07,1.07,,364.03,291.84818,44.96828,
Kepler-407 b,Kepler-407,2,Transit,2014,0.669312,0.01531,1.19,1.93,1983,0,5487,1.04,0.99,G,338.368,286.0363,49.6145,
Kepler-407 c,Kepler-407,2,Radial Velocity,2014,3000,3.270904,12.3,4000,146.7,0.2215,5476,1.01,1,G,338.368,286.0363,49.6145,
Kepler-408 b,Kepler-408,1,Transit,2014,2.46502,0.03592,0.82,5,1561,0,6104,1.23,1.08,,88.7832,284.78622,48.42326,
Kepler-409 b,Kepler-409,1,Transit,2014,68.958322,0.3192,1.199,6,438,0.69,5421,0.897,0.913,,68.173,293.67921,46.85273,
Kepler-41 b,Kepler-41,1,Transit,2011,1.855558,0.03101,14.46,177.98,1790,0,5750,1.29,1.15,G2 V,1093.08,294.51325,45.98165,
Kepler-410 A b,Kepler-410 A,1,Transit,2013,17.833648,0.1226,2.838,8.44,866,0.17,6273,1.352,1.214,,147.527,283.15104,45.14008,
Kepler-411 b,Kepler-411,4,Transit,2013,3.005156,0.0375,2.401,25.6,1138,0.146,4974,0.82,0.87,K2 V,153.676,287.6057,49.52339,
Kepler-411 c,Kepler-411,4,Transit,2016,7.834435,0.0739,4.421,26.4,838,0.108,4974,0.82,0.87,K2 V,153.676,287.6057,49.52339,
Kepler-411 e,Kepler-411,4,Transit Timing Variations,2018,31.509728,0.186,3.28,10.8,503,0.016,4974,0.82,0.87,K2 V,153.676,287.6057,49.52339,
Kepler-411 d,Kepler-411,4,Transit,2018,58.02035,0.279,3.319,15.2,410,0.128,4974,0.82,0.87,K2 V,153.676,287.6057,49.52339,
Kepler-412 b,Kepler-412,1,Transit,2014,1.72086,0.02897,15.031,299.078,1850,0.0038,5750,1.287,1.167,G3 V,1086.24,286.11031,43.68096,
Kepler-413 b,Kepler-413,1,Transit,2014,66.262,0.3553,4.347,67,335,0.1181,4700,0.7761,0.82,,847.536,288.51067,51.16242,
Kepler-414 b,Kepler-414,2,Transit Timing Variations,2014,4.7,0.0543,1.71,3.5,1024,0,5536,0.946,0.89,,413.46,297.96156,48.24434,
Kepler-414 c,Kepler-414,2,Transit Timing Variations,2014,7.171,0.07195,3.01,29.9,890,0,5536,0.946,0.89,,413.46,297.96156,48.24434,
Kepler-415 b,Kepler-415,2,Transit Timing Variations,2014,4.176,0.0426,1.21,119.9,694,0,4362,0.643,0.67,,530.487,293.8045,38.63905,
Kepler-415 c,Kepler-415,2,Transit Timing Variations,2014,8.708,0.0695,2.01,4.7,543,0,4362,0.643,0.67,,530.487,293.8045,38.63905,
Kepler-416 d,Kepler-416,3,Transit,2023,3.076447,0.0407,1.61,3.22,1253,0,5670,1.022,0.949,,690.819,291.55696,39.22729,
Kepler-416 b,Kepler-416,3,Transit Timing Variations,2014,6.319,0.0674,2.48,58.2,986,0,5718,1.075,1,,690.819,291.55696,39.22729,
Kepler-416 c,Kepler-416,3,Transit Timing Variations,2014,12.209,0.10454,2.352,6.13,791,0,5718,1.075,1,,690.819,291.55696,39.22729,
Kepler-417 b,Kepler-417,2,Transit Timing Variations,2014,12.331,0.1006,2.31,11,671,0,5177,0.806,0.9,,973.989,293.82418,42.77965,
Kepler-417 c,Kepler-417,2,Transit Timing Variations,2014,15.943,0.1194,2.69,7.7,616,0,5177,0.806,0.9,,973.989,293.82418,42.77965,
Kepler-418 c,Kepler-418,2,Transit,2021,12.2183,0.10632,5.221,23.7,835,0,5822,1.081,0.957,,1002.53,294.43352,38.35547,
Kepler-418 b,Kepler-418,2,Transit,2014,86.67856,0.39249,13.45,349.611,434,0.2,5820,1.09,0.98,,1002.53,294.43352,38.35547,
Kepler-419 b,Kepler-419,2,Transit,2014,69.7546,0.37,10.8,794.5,613,0.833,6430,1.74,1.39,,1011.36,295.41791,51.18476,
Kepler-419 c,Kepler-419,2,Transit Timing Variations,2014,675.47,1.68,12.6,2320.1,315.6,0.184,6430,1.74,1.39,,1011.36,295.41791,51.18476,
Kepler-42 c,Kepler-42,3,Transit,2011,0.453285,0.006,0.73,60.337,720,0,3068,0.17,0.13,M,40.0595,292.2196,44.61737,
Kepler-42 b,Kepler-42,3,Transit,2011,1.213767,0.0116,0.78,0.706,519,0.04,3068,0.17,0.13,M,40.0595,292.2196,44.61737,
Kepler-42 d,Kepler-42,3,Transit,2011,1.865169,0.0154,0.57,0.358,450,0.02,3068,0.17,0.13,M,40.0595,292.2196,44.61737,
Kepler-421 b,Kepler-421,1,Transit,2014,704.1984,1.219,4.16,16.1,185,0.041,5308,0.757,0.794,G9/K0,348.558,283.25681,45.08768,
Kepler-422 b,Kepler-422,1,Transit,2014,7.891448,0.082,12.89,136.66,1028,0,5972,1.24,1.15,,722.795,282.62963,46.32328,
Kepler-423 b,Kepler-423,1,Transit,2014,2.684328,0.03585,13.361,189.101,1605,0.019,5560,0.95,0.85,G4 V,758.753,292.85572,46.39119,
Kepler-424 b,Kepler-424,2,Transit,2014,3.311864,0.044,9.98,327.35,1116,0,5460,0.94,1.01,,698.646,298.62498,48.57745,
Kepler-424 c,Kepler-424,2,Radial Velocity,2014,223.3,0.73,12.7,2215.18,298.8,,5460,0.94,1.01,,698.646,298.62498,48.57745,
Kepler-425 b,Kepler-425,1,Transit,2014,3.797018,0.0464,10.962,79.45,1070,0.33,5170,0.86,0.93,K1 V,646.647,290.35798,40.5677,
Kepler-426 b,Kepler-426,1,Transit,2014,3.217519,0.0414,12.22,108.06,1300,0.18,5725,0.92,0.91,G1 V,843.695,289.43467,49.47346,
Kepler-427 b,Kepler-427,1,Transit,2014,10.290994,0.091,13.79,92.17,1100,0.57,5800,1.35,0.96,G2 V,1017.8,288.25458,43.70484,
Kepler-428 b,Kepler-428,1,Transit,2014,3.525633,0.0433,12.11,403.63,1070,0.22,5150,0.8,0.87,K1 V,686.284,290.58174,40.57731,
Kepler-43 b,Kepler-43,1,Transit,2011,3.024095,0.046,13.664,1026.591,1620,0.017,6041,1.42,1.32,F8 V,1005.84,285.24083,46.66824,
Kepler-430 b,Kepler-430,2,Transit,2015,35.968,0.2244,3.25,10.6,667,0,5884,1.485,1.166,,917.477,292.8086,49.57942,
Kepler-430 c,Kepler-430,2,Transit,2015,110.979,0.4757,1.75,3.71,458,0,5884,1.485,1.166,,917.477,292.8086,49.57942,
Kepler-431 b,Kepler-431,3,Transit,2015,6.803,0.0719,0.764,0.37,1032,0,6004,1.092,1.071,,486.546,281.11231,43.22777,
Kepler-431 c,Kepler-431,3,Transit,2015,8.703,0.0847,0.668,0.229,951,0,6004,1.092,1.071,,486.546,281.11231,43.22777,
Kepler-431 d,Kepler-431,3,Transit,2015,11.922,0.1045,1.11,1.41,856,0,6004,1.092,1.071,,486.546,281.11231,43.22777,
Kepler-432 b,Kepler-432,2,Transit,2015,52.501129,0.301,12.834,1719.46,812,0.5134,4995,4.06,1.32,,848.023,293.28223,48.28592,
Kepler-432 c,Kepler-432,2,Radial Velocity,2015,406.2,1.177491,13.3,772.327,,0.498,4995,4.06,1.32,,848.023,293.28223,48.28592,a
Kepler-433 b,Kepler-433,1,Transit,2015,5.334084,0.0679,16.25,896.24,1776,0.119,6360,2.26,1.46,,1878.31,297.59362,40.97725,
Kepler-434 b,Kepler-434,1,Transit,2015,12.87471,0.1143,12.67,908.96,1000,0.131,5977,1.38,1.198,,1222.54,293.58639,42.92886,
Kepler-435 b,Kepler-435,1,Transit,2015,8.600154,0.0948,22.31,266.97,1729,0.114,6161,3.21,1.538,,1418.77,292.2873,43.19725,
Kepler-436 c,Kepler-436,2,Transit,2016,16.797139,0.11452,2.33,6.04,503,0,4685,0.71,0.75,,588.867,301.72078,44.41209,
Kepler-436 b,Kepler-436,2,Transit,2015,64.00205,0.339,2.73,7.9,322,0.19,4651,0.697,0.729,,588.867,301.72078,44.41209,
Kepler-437 b,Kepler-437,1,Transit,2015,66.65062,0.288,2.14,5.22,308,0.02,4551,0.68,0.707,,304,297.34733,44.02692,
Kepler-438 b,Kepler-438,1,Transit,2015,35.23319,0.166,1.12,1.46,288,0.03,3748,0.52,0.544,,195.9429,281.64572,41.95107,
Kepler-439 b,Kepler-439,1,Transit,2015,178.1396,0.563,2.24,5.65,291,0.03,5431,0.866,0.884,,757.048,280.80152,44.03397,
Kepler-44 b,Kepler-44,1,Transit,2011,3.246729,0.0446,12.22,317.82,1544,0.066,5800,1.35,1.12,G2 IV,1188,300.10235,45.76219,
Kepler-440 b,Kepler-440,1,Transit,2015,101.11141,0.242,1.86,4.12,229,0.34,4134,0.559,0.575,,301.03,285.35007,41.45237,
Kepler-441 b,Kepler-441,1,Transit,2015,207.2482,0.64,1.64,3.33,189,0.1,4340,0.55,0.572,,268.003,284.56695,49.01271,
Kepler-442 b,Kepler-442,1,Transit,2015,112.3053,0.409,1.34,2.36,241,0.04,4402,0.598,0.609,,365.965,285.3666,39.28007,
Kepler-443 b,Kepler-443,1,Transit,2015,177.6693,0.495,2.33,6.04,233,0.11,4723,0.706,0.738,,802.271,288.61048,49.96855,
Kepler-444 b,Kepler-444,5,Transit,2015,3.600105,0.04178,0.403,0.037,938,0.16,5046,0.752,0.758,K,36.4396,289.75283,41.63188,
Kepler-444 c,Kepler-444,5,Transit,2015,4.545884,0.04881,0.497,0.079,868,0.31,5046,0.752,0.758,K,36.4396,289.75283,41.63188,
Kepler-444 d,Kepler-444,5,Transit,2015,6.189392,0.06,0.53,0.2,783,0.18,5046,0.752,0.758,K,36.4396,289.75283,41.63188,
Kepler-444 e,Kepler-444,5,Transit,2015,7.743493,0.0696,0.546,0.1,727,0.1,5046,0.752,0.758,K,36.4396,289.75283,41.63188,
Kepler-444 f,Kepler-444,5,Transit,2015,9.740486,0.0811,0.741,0.332,673,0.29,5046,0.752,0.758,K,36.4396,289.75283,41.63188,
Kepler-445 b,Kepler-445,3,Transit,2015,2.984151,0.0217,1.58,3.12,401,0,3157,0.21,0.18,M4,127.201,298.73634,46.49912,
Kepler-445 c,Kepler-445,3,Transit,2015,4.871229,0.0301,2.51,6.85,341,0,3157,0.21,0.18,M4,127.201,298.73634,46.49912,
Kepler-445 d,Kepler-445,3,Transit,2015,8.15275,0.0439,1.25,2.1,305,0,3157,0.21,0.18,M4,127.201,298.73634,46.49912,
Kepler-446 b,Kepler-446,3,Transit,2015,1.565409,0.0182,1.5,2.86,648,0,3359,0.24,0.22,M4,96.339,282.2501,44.921,
Kepler-446 c,Kepler-446,3,Transit,2015,3.036179,0.0283,1.11,1.41,520,0,3359,0.24,0.22,M4,96.339,282.2501,44.921,
Kepler-446 d,Kepler-446,3,Transit,2015,5.148921,0.0403,1.35,2.39,436,0,3359,0.24,0.22,M4,96.339,282.2501,44.921,
Kepler-447 b,Kepler-447,1,Transit,2015,7.794301,0.0769,18.49,435.41,882,0.123,5493,1.05,1,G8 V,268.041,285.26853,48.55988,
Kepler-449 b,Kepler-449,2,Transit,2015,12.58242,0.1027,2.056,4.88,917,0.03,5649,1.467,1.02,,241.949,293.73279,41.90064,
Kepler-449 c,Kepler-449,2,Transit,2015,33.6727,0.1979,2.764,8.07,661,0.05,5649,1.467,1.02,,241.949,293.73279,41.90064,
Kepler-45 b,Kepler-45,1,Transit,2011,2.455239,0.03,10.76,160.497,1000,0.11,3820,0.55,0.59,M,381.949,292.87293,41.06417,
Kepler-450 d,Kepler-450,3,Transit,2015,7.51464,0.0827,0.837,17.6,1199,0.14,6197,1.6416,1.19,,455.982,295.48658,51.01352,
Kepler-450 c,Kepler-450,3,Transit,2015,15.413135,0.13351,2.62,12.5,944,0.02,6197,1.6416,1.19,,455.982,295.48658,51.01352,
Kepler-450 b,Kepler-450,3,Transit,2015,28.454851,0.20092,6.14,19.4,769,0.02,6197,1.6416,1.19,,455.982,295.48658,51.01352,
Kepler-452 b,Kepler-452,1,Transit,2015,384.843,1.046,1.63,3.29,265,0,5757,1.11,1.037,G2,551.727,296.00375,44.27759,
Kepler-453 b,Kepler-453,1,Transit,2015,240.503,0.7903,6.204,16,273.6,0.0359,5527,0.833,0.944,,442.846,283.24133,46.37847,
Kepler-454 b,Kepler-454,3,Transit,2015,10.573753,0.09528,2.37,5.4,916,0.32,5687,1.066,1.03,,230.869,287.47865,38.22908,
Kepler-454 c,Kepler-454,3,Radial Velocity,2015,524.19,1.287,12.9,1433.406,249.6,0.0053,5687,1.066,1.03,,230.869,287.47865,38.22908,
Kepler-454 d,Kepler-454,3,Radial Velocity,2023,4073,5.1,13.3,734.184,125.4,0.089,5687,1.066,1.03,,230.869,287.47865,38.22908,
Kepler-46 d,Kepler-46,3,Transit,2014,6.766589,0.067,1.64,3.33,845,0,5309,0.79,0.883,,777.06,289.26874,42.60418,
Kepler-46 b,Kepler-46,3,Transit,2012,33.60134,0.1968,9.057,1907,543,0.01,5155,0.938,0.902,,777.06,289.26874,42.60418,
Kepler-46 c,Kepler-46,3,Transit Timing Variations,2012,57.011,0.2799,13.5,119.499,455,0.0146,5155,0.938,0.902,,777.06,289.26874,42.60418,
Kepler-461 b,Kepler-461,1,Transit,2016,8.313783,0.07895,2.58,7.18,886,0,5634,0.91,0.98,,692.158,292.24906,46.16479,
Kepler-462 b,Kepler-462,2,Transit,2016,84.6866,0.4172,3,53.9,611,0.042,7500,1.57,1.59,,596.625,299.82115,43.81428,
Kepler-462 c,Kepler-462,2,Transit,2018,207.62,0.7584,4,6,453,0.11,7500,1.57,1.59,,596.625,299.82115,43.81428,
Kepler-463 b,Kepler-463,1,Transit,2016,8.981017,0.07925,3.05,9.53,880,0,5661,0.9,0.87,,394.804,298.93682,44.85786,
Kepler-464 b,Kepler-464,1,Transit,2016,7.256965,0.07931,3.3,10.9,1163,0,5933,1.59,1.21,,667.604,294.83511,48.98232,
Kepler-465 b,Kepler-465,1,Transit,2016,9.940672,0.09195,2.95,9.01,996,0,6310,1.29,1.23,,553.077,284.55579,46.06389,
Kepler-466 c,Kepler-466,2,Transit,2016,3.709214,0.04658,1.25,2.1,1206,0,5927,1.05,1.04,,530.122,295.64866,48.49552,
Kepler-466 b,Kepler-466,2,Transit,2016,51.079263,0.26769,2.85,8.5,503,0,5927,1.05,1.04,,530.122,295.64866,48.49552,
Kepler-467 b,Kepler-467,1,Transit,2016,24.993242,0.16848,2.25,5.69,712,0,5809,1.37,1.05,,466.265,287.36291,38.64973,
Kepler-468 b,Kepler-468,1,Transit,2016,38.478757,0.2213,13.34,,484,0,5498,0.87,0.96,,442.871,288.90228,49.37041,
Kepler-47 b,Kepler-47,3,Transit,2012,49.4643,0.2877,3.05,2.07,490.2,0.021,5636,0.936,0.957,,1025.02,295.29789,46.92043,
Kepler-47 d,Kepler-47,3,Transit,2019,187.366,0.6992,7.04,19.02,314.4,0.024,5636,0.936,0.957,,1025.02,295.29789,46.92043,
Kepler-47 c,Kepler-47,3,Transit,2012,303.227,0.9638,4.65,3.17,267.8,0.044,5636,0.936,0.957,,1025.02,295.29789,46.92043,
Kepler-471 b,Kepler-471,1,Transit,2016,5.014235,0.0626,14.96,,1308,0,6733,1.8,1.49,,1249.41,299.09752,43.49759,
Kepler-472 b,Kepler-472,1,Transit,2016,4.176256,0.04823,3.22,10.5,876,0,4996,0.78,0.85,,306.602,296.52452,39.24985,
Kepler-473 b,Kepler-473,1,Transit,2016,14.557317,0.12048,4.08,15.6,879,0,5816,1.34,1.06,,905.937,286.63008,38.94559,
Kepler-474 b,Kepler-474,1,Transit,2016,5.660673,0.06092,3.06,9.59,1115,0,5785,1.08,0.99,,841.496,292.32152,43.88117,
Kepler-475 b,Kepler-475,1,Transit,2016,3.105508,0.03989,2.49,6.76,980,0,5009,0.79,0.86,,280.069,287.05169,40.21142,
Kepler-476 b,Kepler-476,1,Transit,2016,14.006406,0.1126,3.08,9.69,807,0,5837,1.09,1.03,,813.535,295.16376,43.96307,
Kepler-477 b,Kepler-477,1,Transit,2016,11.119907,0.0911,2.07,4.94,649,0,5240,0.79,0.87,,367,288.06745,42.35531,
Kepler-478 b,Kepler-478,1,Transit,2016,13.221758,0.1032,2.71,7.8,640,0,5210,0.8,0.85,,420,292.48701,46.19619,
Kepler-479 b,Kepler-479,1,Transit,2016,12.493413,0.09636,2.12,5.14,649,0,5247,0.81,0.86,,344.901,291.02189,37.76987,
Kepler-48 b,Kepler-48,5,Transit,2012,4.778,0.05394,1.88,3.94,932,0,5194,0.89,0.88,,306.738,299.13931,40.94894,
Kepler-48 c,Kepler-48,5,Transit,2012,9.67395,0.08633,2.71,14.61,736,0,5194,0.89,0.88,,306.738,299.13931,40.94894,
Kepler-48 d,Kepler-48,5,Transit,2014,42.8961,0.23302,2.04,7.93,448,0,5194,0.89,0.88,,306.738,299.13931,40.94894,
Kepler-48 e,Kepler-48,5,Radial Velocity,2014,982,1.898275,13.4,657,171.5,0.0031,5194,0.89,0.88,,306.738,299.13931,40.94894,
Kepler-48 f,Kepler-48,5,Radial Velocity,2023,5219.681854,5.719188,13.8,298.581,95.7,0.0153,5190,0.836,0.916,,306.738,299.13931,40.94894,
Kepler-480 b,Kepler-480,1,Transit,2016,4.919584,0.06024,2.78,8.15,1312,0,6322,1.34,1.25,,847.508,294.46392,49.76505,
Kepler-481 b,Kepler-481,1,Transit,2016,10.060826,0.08926,2.5,6.8,899,0,5802,1.09,1.01,,813.724,291.90699,49.26208,
Kepler-482 b,Kepler-482,1,Transit,2016,56.354186,0.25787,2.36,6.17,352,0,4871,0.72,0.75,,313.068,296.82293,48.10776,
Kepler-483 b,Kepler-483,1,Transit,2016,30.229104,0.19471,3.21,10.4,755,0,6346,1.47,1.28,,860.355,291.64678,41.88468,
Kepler-484 b,Kepler-484,1,Transit,2016,10.045569,0.09036,2.28,5.82,766,0,5668,0.87,0.96,,382.136,284.39428,46.24911,
Kepler-485 b,Kepler-485,1,Transit,2016,3.24326,0.04401,14.41,,1243,0,5958,1.09,1.07,,1140.95,294.99634,50.47005,
Kepler-487 d,Kepler-487,3,Transit,2021,2.41839,0.03445,2.775,8.12,1226,0,5422,0.887,0.874,,872.343,295.28723,41.222,
Kepler-487 b,Kepler-487,3,Transit,2016,15.358768,0.11819,11.42,,662,0,5444,0.88,0.91,,872.343,295.28723,41.222,
Kepler-487 c,Kepler-487,3,Transit,2016,38.651998,0.21864,2.68,7.65,487,0,5444,0.88,0.91,,872.343,295.28723,41.222,
Kepler-489 b,Kepler-489,1,Transit,2016,17.276296,0.12109,7.72,46.1,538,0,5014,0.76,0.82,,369.645,290.83324,38.18419,
Kepler-49 d,Kepler-49,4,Transit,2014,2.576549,0.031,1.6,235.982,717,0,4252,0.559,0.549,M1 V,311.222,292.29452,40.59181,
Kepler-49 b,Kepler-49,4,Transit,2012,7.2,0.05929,2.579,9.77,509,0,4096,0.618,0.607,M1 V,311.222,292.29452,40.59181,
Kepler-49 c,Kepler-49,4,Transit,2012,10.91,0.07821,2.444,8.38,443,0.008,4096,0.618,0.607,M1 V,311.222,292.29452,40.59181,
Kepler-49 e,Kepler-49,4,Transit,2014,18.596108,0.116,1.56,1.038,371,0,4252,0.559,0.549,M1 V,311.222,292.29452,40.59181,
Kepler-490 b,Kepler-490,1,Transit,2016,3.268695,0.0453,11.65,,1597,0,6045,1.12,1.08,,1523,295.02566,46.95595,
Kepler-491 b,Kepler-491,1,Transit,2016,4.225385,0.05191,8.92,59,1111,0,5582,1.03,1.04,,630.785,287.13058,42.35015,
Kepler-493 b,Kepler-493,1,Transit,2016,3.003877,0.0439,15.13,,1438,0,6457,1.54,1.36,,1745.77,295.30753,38.88157,
Kepler-495 b,Kepler-495,2,Transit,2016,3.413036,0.0427,5.23,23.8,1200,0,5346,0.83,0.86,,658.924,285.93074,39.09812,
Kepler-495 c,Kepler-495,2,Transit,2021,5.89661,0.0614,1.219,1.98,1000,0,5392,1.087,0.888,,658.924,285.93074,39.09812,
Kepler-496 b,Kepler-496,1,Transit,2016,8.308649,0.0747,2.32,5.99,747,0,5293,0.82,0.86,,605.274,291.6409,41.2411,
Kepler-497 b,Kepler-497,1,Transit,2016,3.573204,0.0457,6.04,30.4,1210,0,5834,1.11,1.09,,1291.98,290.76596,38.92795,
Kepler-498 b,Kepler-498,1,Transit,2016,9.613754,0.0897,3.03,9.43,931,0,5744,0.96,0.98,,938.844,290.35816,44.51872,
Kepler-499 b,Kepler-499,1,Transit,2016,5.632528,0.0598,2.17,5.35,844,0,5312,0.83,0.87,,556.726,295.10995,43.9151,
Kepler-5 b,Kepler-5,1,Transit,2009,3.548466,0.0538,15.984,670.939,1750,0,6297,1.793,1.374,,899.777,299.40703,44.03504,
Kepler-50 b,Kepler-50,2,Transit,2012,7.81254,0.077,1.71,8.9,1196,0,6225,1.58,1.24,,250.11,288.10093,50.03368,
Kepler-50 c,Kepler-50,2,Transit,2012,9.37647,0.087,2.17,8.2,1125,0,6225,1.58,1.24,,250.11,288.10093,50.03368,
Kepler-500 b,Kepler-500,1,Transit,2016,8.508324,0.08361,2.58,7.18,909,0,5813,1.03,1.02,,807.48,295.95135,43.85199,
Kepler-501 c,Kepler-501,2,Transit,2021,3.62276,0.0467,1.681,3.47,1304,0,5794,1.216,1.032,,1125.24,297.20149,41.73015,
Kepler-501 b,Kepler-501,2,Transit,2016,5.640678,0.0627,4.3,17.1,1125,0,5904,1.04,1.03,,1125.24,297.20149,41.73015,
Kepler-502 b,Kepler-502,1,Transit,2016,4.286864,0.0535,4.77,20.4,1217,0,6125,1.22,1.15,,1591.04,291.08013,43.86019,
Kepler-504 b,Kepler-504,1,Transit,2016,9.549275,0.0646,1.59,3.15,374,0,3519,0.33,0.33,,99.0688,284.92196,45.97233,
Kepler-505 b,Kepler-505,1,Transit,2016,27.52198,0.1445,2.6,7.27,314,0,3931,0.53,0.55,,283.41,287.85795,42.54268,
Kepler-506 b,Kepler-506,1,Transit,2016,6.883406,0.07437,2.73,7.9,1080,0,6236,1.19,1.19,,228.439,284.63519,40.71983,
Kepler-507 b,Kepler-507,1,Transit,2016,3.568097,0.04781,1.3,5.697,1407,0,6113,1.32,1.16,,391.644,297.01881,50.40905,
Kepler-508 b,Kepler-508,1,Transit,2016,25.308897,0.17274,1.64,3.33,710,0,6025,1.25,1.16,,324.618,295.40425,42.98128,
Kepler-509 b,Kepler-509,1,Transit,2016,41.746004,0.23702,2.49,6.76,584,0,6060,1.2,1.1,,332.443,289.66439,48.70616,
Kepler-51 b,Kepler-51,4,Transit,2012,45.154,0.2514,7.1,2.1,543,0.04,6018,0.94,1.04,,783.831,296.47976,49.93765,
Kepler-51 c,Kepler-51,4,Transit,2012,85.312,0.384,9,4,439,0.014,6018,0.94,1.04,,783.831,296.47976,49.93765,
Kepler-51 d,Kepler-51,4,Transit,2014,130.194,0.509,9.7,7.6,381,0.008,6018,0.94,1.04,,783.831,296.47976,49.93765,
Kepler-51 e,Kepler-51,4,Transit Timing Variations,2024,264.284,0.79508,2.18,5.4,,0.02,5674,0.87,0.96,,783.831,296.47976,49.93765,a
Kepler-510 b,Kepler-510,1,Transit,2016,19.556594,0.1352,2.47,6.66,797,0,5746,1.41,0.91,,386.177,287.65502,39.24417,
Kepler-511 c,Kepler-511,2,Transit,2021,26.629499,0.17177,4.21,16.5,742,0,5866,1.417,0.958,,651.999,282.94554,47.57492,
Kepler-511 b,Kepler-511,2,Transit,2016,296.637865,0.85672,6.35,33.1,332,0,5770,1.2,1,,651.999,282.94554,47.57492,
Kepler-512 b,Kepler-512,1,Transit,2016,34.43588,0.21395,2.69,7.7,652,0,5997,1.3,1.17,,467.375,298.26892,48.91674,
Kepler-513 b,Kepler-513,1,Transit,2016,28.862356,0.1779,2.2,5.48,623,0,5849,1.06,1.02,,468.258,285.04162,50.07539,
Kepler-514 b,Kepler-514,1,Transit,2016,5.651796,0.06559,1.72,3.61,1248,0,6106,1.44,1.28,,455.336,286.24717,50.24237,
Kepler-515 b,Kepler-515,1,Transit,2016,19.963713,0.1333,1.46,2.73,564,0,5293,0.83,0.9,,255,290.49391,52.05561,
Kepler-516 b,Kepler-516,1,Transit,2016,24.854624,0.1992,5.74,27.9,1095,0,7099,2.02,1.62,,687.094,295.60876,38.73574,
Kepler-517 b,Kepler-517,1,Transit,2016,60.928323,0.28682,2.67,7.61,467,0,5690,0.98,0.95,,289.907,293.67551,41.29521,
Kepler-518 b,Kepler-518,1,Transit,2016,8.512036,0.07996,2.11,5.1,839,0,5842,0.88,0.96,,337.901,287.09002,41.37376,
Kepler-519 b,Kepler-519,1,Transit,2016,24.307895,0.15932,2.1,5.06,532,0,5260,0.8,0.89,,246.61,299.31967,41.38474,
Kepler-52 b,Kepler-52,3,Transit,2012,7.877357,0.0637,2.1,135,553,0,4075,0.52,0.54,M0 V,321.542,286.73802,49.97574,
Kepler-52 c,Kepler-52,3,Transit,2012,16.385002,0.10379,1.84,45.4,433,0.012,4075,0.52,0.54,M0 V,321.542,286.73802,49.97574,
Kepler-52 d,Kepler-52,3,Transit,2014,36.445171,0.182,1.95,88.877,332,0,4263,0.556,0.577,M0 V,321.542,286.73802,49.97574,
Kepler-520 c,Kepler-520,2,Transit,2016,5.211043,0.06035,1.07,1.24,1107,0,6112,1.09,1.1,,623.901,293.18029,41.61774,
Kepler-520 b,Kepler-520,2,Transit,2016,19.674161,0.14628,1.66,3.39,711,0,6112,1.09,1.1,,623.901,293.18029,41.61774,
Kepler-521 b,Kepler-521,1,Transit,2016,22.208132,0.17116,3.18,10.2,803,0,6406,1.46,1.34,,830.638,298.81638,43.99802,
Kepler-522 b,Kepler-522,1,Transit,2016,38.584228,0.25029,6.91,38.2,761,0,6392,1.98,1.54,,639.239,288.15397,44.06882,
Kepler-523 b,Kepler-523,1,Transit,2016,5.835983,0.06159,1.96,4.5,884,0,5515,0.86,0.93,,253.295,284.06112,45.50681,
Kepler-524 c,Kepler-524,2,Transit,2016,1.888979,0.03046,0.96,0.84,1574,0,6014,1.1,1.09,,1058.24,296.85918,49.16201,
Kepler-524 b,Kepler-524,2,Transit,2016,7.974198,0.07955,1.91,4.31,974,0,6014,1.1,1.09,,1058.24,296.85918,49.16201,
Kepler-525 b,Kepler-525,1,Transit,2016,18.684049,0.14386,2.63,7.41,832,0,5573,1.15,0.95,,992.852,296.18342,47.35878,
Kepler-526 b,Kepler-526,1,Transit,2016,5.458498,0.06518,1.99,4.62,1099,0,5894,1.14,1.15,,666.146,297.65093,47.39622,
Kepler-527 b,Kepler-527,1,Transit,2016,13.285356,0.11646,2.84,8.45,1157,0,6388,1.45,1.28,,750.04,290.95791,47.40627,
Kepler-528 b,Kepler-528,1,Transit,2016,19.782974,0.14219,2.08,4.98,708,0,5807,1.06,1.01,,784.23,295.68486,47.74809,
Kepler-529 b,Kepler-529,3,Transit,2016,1.980358,0.0309,1.86,4.12,1662,0,6087,1.14,1.07,,799.008,285.88841,47.88036,
Kepler-529 c,Kepler-529,3,Transit,2016,12.834502,0.1075,2,4.66,891,0,6087,1.14,1.07,,799.008,285.88841,47.88036,
Kepler-529 d,Kepler-529,3,Transit,2021,35.866199,0.2134,2.795,8.22,633,0,6078,1.189,1.005,,799.008,285.88841,47.88036,
Kepler-53 d,Kepler-53,3,Transit,2014,9.751962,0.091,2.12,37.191,870,0,6085,0.958,0.966,,1366.07,290.46179,40.5625,
Kepler-53 b,Kepler-53,3,Transit,2012,18.648953,0.1361,2.89,111,701,0,5858,0.89,0.98,,1366.07,290.46179,40.5625,
Kepler-53 c,Kepler-53,3,Transit,2012,38.558304,0.22091,3.17,36,550,0,5858,0.89,0.98,,1366.07,290.46179,40.5625,
Kepler-530 b,Kepler-530,1,Transit,2016,39.309419,0.21491,3.01,9.32,488,0,5697,0.89,0.97,,457.709,283.34029,48.54906,
Kepler-531 b,Kepler-531,1,Transit,2016,29.884857,0.17446,2.78,8.15,453,0,4893,0.75,0.78,,252.762,286.52466,48.68355,
Kepler-532 b,Kepler-532,1,Transit,2016,12.924916,0.10151,2.57,7.13,620,0,5192,0.79,0.87,,312.798,298.66091,48.6063,
Kepler-533 b,Kepler-533,1,Transit,2016,28.511205,0.16704,3.38,11.4,423,0,4758,0.72,0.78,,302.955,293.68569,48.82499,
Kepler-534 c,Kepler-534,2,Transit,2021,7.37869,0.0761,1.227,2.02,933,0,5936,0.965,1.075,,570.659,296.41857,49.54015,
Kepler-534 b,Kepler-534,2,Transit,2016,15.959945,0.1272,2.24,5.65,721,0,5884,0.98,1.05,,570.659,296.41857,49.54015,
Kepler-535 b,Kepler-535,1,Transit,2016,4.903322,0.06011,2.36,6.17,1247,0,6123,1.27,1.18,,685.599,296.56666,49.69617,
Kepler-536 b,Kepler-536,1,Transit,2016,1.827082,0.02835,3.1,9.8,1877,0,5524,0.89,0.92,,462.322,297.73636,49.6371,
Kepler-537 b,Kepler-537,1,Transit,2016,3.247555,0.04317,1.41,2.57,1181,0,5763,0.99,1.07,,439.4,289.88058,51.27699,
Kepler-538 b,Kepler-538,1,Transit,2016,81.73778,0.3554,2.215,12.9,417,0.21,5534,0.8717,0.892,,155.956,297.48655,49.6234,
Kepler-539 b,Kepler-539,2,Transit,2016,125.63243,0.4988,8.373,308.295,387.6,0.39,5820,0.952,1.048,G2 V,307.318,299.12246,41.8668,
Kepler-539 c,Kepler-539,2,Transit Timing Variations,2016,1000,2.42,13.3,762.792,253,0.5,5820,0.952,1.048,G2 V,307.318,299.12246,41.8668,
Kepler-54 b,Kepler-54,3,Transit,2012,8.010943,0.0619,2.1,0.98,453,0.022,3705,0.5,0.51,M1 V,271.701,294.77392,43.0562,
Kepler-54 c,Kepler-54,3,Transit,2012,12.071725,0.0809,1.23,0.7,395,0,3705,0.5,0.51,M1 V,271.701,294.77392,43.0562,
Kepler-54 d,Kepler-54,3,Transit,2014,20.995694,0.126,1.53,12.095,328,0,4252,0.554,0.518,M1 V,271.701,294.77392,43.0562,
Kepler-540 b,Kepler-540,1,Transit,2016,172.704978,0.58822,2.71,7.8,355,0,5946,1.08,1.02,,390.374,290.625,44.87378,
Kepler-541 b,Kepler-541,1,Transit,2016,5.080058,0.06447,3.36,11.2,1673,0,6166,2.06,1.41,,1060.68,294.14965,38.45821,
Kepler-542 b,Kepler-542,1,Transit,2016,13.144976,0.10703,1.57,3.09,698,0,5526,0.9,0.93,,436.016,292.21497,38.54855,
Kepler-543 b,Kepler-543,1,Transit,2016,13.89962,0.1023,2.5,6.8,521,0,4671,0.67,0.7,,221.802,287.21873,38.86254,
Kepler-544 b,Kepler-544,1,Transit,2016,21.416169,0.15482,2.12,5.14,748,0,6206,1.22,1.16,,963.18,294.02907,39.05179,
Kepler-545 b,Kepler-545,1,Transit,2016,13.249341,0.11248,2.69,7.7,806,0,5882,1.07,1.04,,818.001,290.56632,40.69208,
Kepler-546 b,Kepler-546,1,Transit,2016,4.14702,0.0502,7,39.1,1258,0,5967,1.15,1.11,,1019.65,283.25757,40.99041,
Kepler-547 b,Kepler-547,1,Transit,2016,6.010384,0.058,4,15.1,768,0,4828,0.73,0.78,,378.972,286.11859,44.34521,
Kepler-548 b,Kepler-548,1,Transit,2016,4.454194,0.0495,11.99,,1017,0,5535,0.9,0.93,,751.776,299.90592,45.43961,
Kepler-549 d,Kepler-549,3,Transit,2023,24.614806,0.1575,4.2,16.4,586,0,5312,0.986,0.859,,635.145,283.02285,47.26114,
Kepler-549 b,Kepler-549,3,Transit,2016,42.949565,0.23236,2.57,11,487,0,5360,0.84,0.88,,635.145,283.02285,47.26114,
Kepler-549 c,Kepler-549,3,Transit,2016,117.040498,0.45332,2.93,8.91,349,0,5360,0.84,0.88,,635.145,283.02285,47.26114,
Kepler-55 d,Kepler-55,5,Transit,2014,2.211099,0.029,1.59,3.15,931,0,4503,0.619,0.631,,578.796,285.16833,44.02649,
Kepler-55 e,Kepler-55,5,Transit,2014,4.617534,0.048,1.55,3.02,728,0,4503,0.619,0.631,,578.796,285.16833,44.02649,
Kepler-55 f,Kepler-55,5,Transit,2014,10.198545,0.081,1.59,3.15,559,0,4503,0.619,0.631,,578.796,285.16833,44.02649,
Kepler-55 b,Kepler-55,5,Transit,2012,27.948145,0.1593,2.43,43,400,0,4362,0.58,0.62,,578.796,285.16833,44.02649,
Kepler-55 c,Kepler-55,5,Transit,2012,42.151642,0.2095,2.21,69.8,349,0,4362,0.58,0.62,,578.796,285.16833,44.02649,
Kepler-550 b,Kepler-550,1,Transit,2016,8.600104,0.0747,4.42,17.9,760,0,5322,0.83,0.87,,531.944,297.70018,47.8637,
Kepler-551 b,Kepler-551,1,Transit,2016,12.376466,0.0893,2.73,7.9,483,0,4286,0.63,0.65,,311.175,285.48505,48.05438,
Kepler-552 b,Kepler-552,1,Transit,2016,5.263416,0.0612,3.95,14.8,1103,0,5863,1.04,1.03,,843.689,290.74769,48.24198,
Kepler-553 b,Kepler-553,2,Transit,2016,4.030467,0.04766,4.741,116.007,1089,0,5191,0.902,0.889,,728.525,298.55089,48.33254,
Kepler-553 c,Kepler-553,2,Transit,2016,328.24017,0.898,11.579,2129.45,251,0.346,5191,0.902,0.889,,728.525,298.55089,48.33254,
Kepler-554 b,Kepler-554,1,Transit,2016,1.902209,0.03022,4.29,17,1346,0,5447,0.92,0.93,,690.525,296.4069,51.35819,
Kepler-555 b,Kepler-555,1,Transit,2016,16.217754,0.1201,2.83,8.4,664,0,5894,1.04,1.03,,973.121,285.51687,38.93246,
Kepler-556 b,Kepler-556,1,Transit,2016,11.722922,0.09833,2.24,5.65,766,0,5740,0.98,1,,674.598,290.52948,38.94273,
Kepler-557 b,Kepler-557,1,Transit,2016,3.70599,0.0469,2.67,7.61,1281,0,6068,1.16,1.11,,2097.12,293.70842,41.61511,
Kepler-558 b,Kepler-558,1,Transit,2016,29.007905,0.1759,2.37,6.21,498,0,5242,0.81,0.85,,661.876,284.65797,42.65268,
Kepler-559 b,Kepler-559,1,Transit,2016,17.587523,0.1277,3.61,12.7,706,0,5630,0.95,0.96,,776.708,296.63689,43.80279,
Kepler-56 b,Kepler-56,3,Transit,2012,10.5016,0.1028,6.51,22.1,1378,0.04,4840,4.23,1.32,,912.994,293.7583,41.87181,
Kepler-56 c,Kepler-56,3,Transit,2012,21.40239,0.1652,9.8,181,1087,0,4840,4.23,1.32,,912.994,293.7583,41.87181,
Kepler-56 d,Kepler-56,3,Radial Velocity,2016,1002,2.16,12.8,1784,324.8,0.2,4819,4.218,1.29,,912.994,293.7583,41.87181,
Kepler-560 b,Kepler-560,1,Transit,2016,18.477644,0.0899,1.72,3.61,298,0.17,3556,0.33,0.34,,109.308,300.20664,45.01824,
Kepler-561 c,Kepler-561,2,Transit,2016,5.350162,0.05947,2.68,7.65,989,0,5646,0.94,0.96,,621.378,293.74711,45.1072,
Kepler-561 b,Kepler-561,2,Transit,2016,58.362049,0.29256,6.96,38.7,446,0,5646,0.94,0.96,,621.378,293.74711,45.1072,
Kepler-562 b,Kepler-562,1,Transit,2016,18.009314,0.1333,5.21,23.7,658,0,5575,0.9,0.93,,992.769,290.1196,46.27374,
Kepler-563 b,Kepler-563,1,Transit,2016,22.184327,0.1418,3.09,9.75,546,0,5066,0.77,0.8,,565.207,292.44618,46.28975,
Kepler-564 b,Kepler-564,1,Transit,2016,3.750832,0.0484,4.63,19.4,1129,0,5626,0.92,0.95,,863.037,296.83837,46.62639,
Kepler-565 b,Kepler-565,1,Transit,2016,4.243747,0.0501,3.64,12.9,1063,0,5735,0.95,0.98,,1041,283.61808,47.19678,
Kepler-566 b,Kepler-566,1,Transit,2016,18.427946,0.1247,2.15,5.27,526,0,5132,0.79,0.83,,564.277,291.55447,47.81444,
Kepler-567 b,Kepler-567,1,Transit,2016,16.542974,0.1229,2.25,5.69,611,0,5148,0.79,0.84,,558.81,297.67261,48.30235,
Kepler-568 b,Kepler-568,1,Transit,2016,11.023475,0.0794,2.26,5.73,429,0,3768,0.53,0.55,,130.645,298.10613,48.40164,
Kepler-569 b,Kepler-569,1,Transit,2016,34.188905,0.19784,3.16,10.1,526,0,5616,0.93,0.95,,638.301,283.50722,48.55263,
Kepler-57 b,Kepler-57,2,Transit,2012,5.72,0.05988,3.135,25.06,850,0.0162,5188,0.826,0.859,,644.14,293.64131,44.65707,
Kepler-57 c,Kepler-57,2,Transit,2012,11.6,0.09588,2.196,6.86,671,0.0725,5188,0.826,0.859,,644.14,293.64131,44.65707,
Kepler-570 b,Kepler-570,1,Transit,2016,4.301662,0.0497,2.45,6.57,1009,0,5496,0.9,0.93,,568.148,290.43761,48.79186,
Kepler-571 b,Kepler-571,1,Transit,2016,4.798599,0.0546,2.64,7.46,978,0,5527,0.9,0.93,,723.875,286.55104,49.41873,
Kepler-572 b,Kepler-572,1,Transit,2016,17.205235,0.1192,2.58,7.18,553,0,5212,0.79,0.83,,504.667,291.22117,50.58135,
Kepler-573 b,Kepler-573,1,Transit,2016,22.183297,0.14527,2.79,8.2,646,0,5746,1.02,0.99,,771.471,289.5212,51.23741,
Kepler-574 b,Kepler-574,1,Transit,2016,7.658804,0.0723,2.39,6.3,858,0,5612,0.91,0.95,,682.896,290.24705,52.14911,
Kepler-575 b,Kepler-575,1,Transit,2016,9.378919,0.0788,2.39,6.3,803,0,5710,0.95,0.97,,853.977,286.96389,37.82961,
Kepler-576 b,Kepler-576,1,Transit,2016,29.911368,0.179,3.27,10.7,541,0,5672,0.97,0.99,,617.55,295.18289,38.6542,
Kepler-577 b,Kepler-577,1,Transit,2016,25.695783,0.1348,2.55,7.04,314,0,4984,0.73,0.78,,524.247,294.71199,39.07373,
Kepler-578 b,Kepler-578,1,Transit,2016,1.616884,0.0266,2,4.66,1774,0,5334,0.83,0.87,,541.432,288.75499,39.5637,
Kepler-579 b,Kepler-579,1,Transit,2016,9.668577,0.0854,2,4.66,730,0,5636,0.96,0.99,,530.765,295.00208,39.95286,
Kepler-58 e,Kepler-58,4,Transit,2023,4.458149,0.0533,1.61,597.796,1212,0,6100,1.083,1.017,,969.252,296.35863,39.1152,
Kepler-58 b,Kepler-58,4,Transit,2012,10.218495,0.09291,2.78,35.5,920,0.04,5843,1.03,0.95,,969.252,296.35863,39.1152,
Kepler-58 c,Kepler-58,4,Transit,2012,15.574157,0.12307,2.86,53,799,0,5843,1.03,0.95,,969.252,296.35863,39.1152,
Kepler-58 d,Kepler-58,4,Transit,2014,40.101371,0.236,2.94,245.343,583,0,6099,1.127,1.024,,969.252,296.35863,39.1152,
Kepler-580 b,Kepler-580,1,Transit,2016,8.22242,0.0683,2.57,7.13,558,0,4298,0.64,0.67,,323.899,283.49975,40.55281,
Kepler-581 b,Kepler-581,1,Transit,2016,40.606982,0.2259,2.63,7.41,521,0,5772,1,1,,703.758,295.43266,40.64819,
Kepler-582 b,Kepler-582,1,Transit,2016,18.492357,0.1254,3.68,13.1,603,0,5564,0.91,0.93,,613.179,297.50372,41.05703,
Kepler-583 b,Kepler-583,1,Transit,2016,6.510025,0.0689,2.28,5.82,1017,0,5523,0.91,0.94,,867.271,282.11132,42.35455,
Kepler-584 b,Kepler-584,1,Transit,2016,35.18103,0.2281,4.21,16.5,664,0,6195,1.24,1.17,,1848.84,288.23062,42.41362,
Kepler-585 b,Kepler-585,1,Transit,2016,2.75236,0.03841,2.83,8.4,1178,0,5593,0.93,0.96,,585.187,286.52849,43.87338,
Kepler-586 b,Kepler-586,1,Transit,2016,2.104722,0.0331,2.79,8.2,1365,0,5575,0.92,0.94,,693.766,293.0572,45.55113,
Kepler-587 b,Kepler-587,1,Transit,2016,10.940278,0.0952,2.23,5.6,764,0,5549,0.89,0.92,,787.894,288.67066,47.39912,
Kepler-588 b,Kepler-588,1,Transit,2016,4.221625,0.052,2.63,7.41,1176,0,5835,1,1.01,,1209.4,284.25725,47.68891,
Kepler-589 c,Kepler-589,2,Transit,2021,3.52466,0.0426,1.117,1.45,1098,0,5372,0.916,0.832,,612.803,280.64143,47.75206,
Kepler-589 b,Kepler-589,2,Transit,2016,16.549649,0.1196,2.27,5.77,656,0,5296,0.83,0.88,,612.803,280.64143,47.75206,
Kepler-59 b,Kepler-59,2,Transit,2012,11.868171,0.09943,1.1,4.1,864,0,6074,0.94,1.04,,1163.22,287.03949,46.64017,
Kepler-59 c,Kepler-59,2,Transit,2012,17.980124,0.13114,1.98,3.81,752,0,6074,0.94,1.04,,1163.22,287.03949,46.64017,
Kepler-590 b,Kepler-590,1,Transit,2016,5.852963,0.0647,4.02,15.2,1056,0,6000,1.15,1.1,,1421.81,296.38555,48.23342,
Kepler-591 b,Kepler-591,1,Transit,2016,81.16943,0.3554,3.39,11.4,436,0,5677,0.94,0.97,,785.137,286.02405,48.43173,
Kepler-592 b,Kepler-592,1,Transit,2016,2.820192,0.0397,2.39,6.3,1367,0,5913,1.04,1.04,,1153.13,285.79074,48.68324,
Kepler-593 b,Kepler-593,1,Transit,2016,21.21709,0.1508,2.87,8.6,706,0,5967,1.1,1.08,,973.76,294.95139,48.65117,
Kepler-594 b,Kepler-594,1,Transit,2016,13.646182,0.1089,2.18,5.39,678,0,5485,0.87,0.91,,769.2,288.92173,49.76202,
Kepler-595 c,Kepler-595,2,Transit,2020,12.38602,0.0983,1.009,3.3,679,0,5138,0.821,0.93,,643.009,294.57036,50.67301,
Kepler-595 b,Kepler-595,2,Transit,2016,25.302909,0.1582,3.708,17.4,535,0,5138,0.821,0.93,,643.009,294.57036,50.67301,
Kepler-596 b,Kepler-596,1,Transit,2016,21.300227,0.15161,3.46,11.8,725,0,6267,1.32,1.21,,1023.85,289.50068,51.68571,
Kepler-597 b,Kepler-597,1,Transit,2016,13.023659,0.10916,2.37,6.21,743,0,5683,0.95,0.97,,663.418,293.47009,39.25282,
Kepler-598 b,Kepler-598,2,Transit,2016,3.701754,0.04487,1.5,2.86,1050,0,5307,0.86,0.87,,681.086,293.12345,40.9348,
Kepler-598 c,Kepler-598,2,Transit,2020,86.4945,0.36672,3.024,9.4,367,0,5245,0.9003,0.9,,681.086,293.12345,40.9348,
Kepler-599 b,Kepler-599,1,Transit,2016,15.655627,0.1128,2.84,8.45,623,0,5127,0.79,0.83,,558.517,285.9116,41.06951,
Kepler-6 b,Kepler-6,1,Transit,2009,3.2347,0.04852,14.617,212.31,1460,0,5647,1.391,1.209,,587.039,296.83725,48.23997,
Kepler-60 b,Kepler-60,3,Transit,2012,7.1334,0.07255,1.71,4.19,1102,0,5905,1.257,1.041,,1025.1,288.96125,42.26505,
Kepler-60 c,Kepler-60,3,Transit,2012,8.9187,0.08422,1.9,3.85,1023,0.039,5905,1.257,1.041,,1025.1,288.96125,42.26505,
Kepler-60 d,Kepler-60,3,Transit,2012,11.8981,0.10203,1.99,4.16,929,0.002,5905,1.257,1.041,,1025.1,288.96125,42.26505,
Kepler-600 b,Kepler-600,1,Transit,2016,23.675176,0.1536,2.9,8.75,528,0,5279,0.81,0.84,,619.723,283.83306,41.97864,
Kepler-601 b,Kepler-601,1,Transit,2016,5.378868,0.05494,1.9,4.27,833,0,5160,0.79,0.85,,414.825,282.00469,42.17647,
Kepler-602 b,Kepler-602,1,Transit,2016,15.284695,0.1224,2.09,5.02,852,0,6062,1.13,1.08,,1159.31,296.0319,42.14186,
Kepler-603 d,Kepler-603,3,Transit,2016,6.217129,0.07117,1.32,2.3,1098,0,5808,1.01,1.01,,1539.63,294.28097,42.29093,
Kepler-603 b,Kepler-603,3,Transit,2016,21.053586,0.16052,2.65,7.51,731,0,5808,1.01,1.01,,1539.63,294.28097,42.29093,
Kepler-603 c,Kepler-603,3,Transit,2016,127.907577,0.53439,6.5,34.5,401,0,5808,1.01,1.01,,1539.63,294.28097,42.29093,
Kepler-604 b,Kepler-604,1,Transit,2016,25.855018,0.1735,2.59,7.22,637,0,5890,1.03,1.02,,1026.49,292.31598,42.62624,
Kepler-605 c,Kepler-605,2,Transit,2016,2.358952,0.03336,0.86,0.566,1278,0,5462,0.88,0.91,,556.58,287.2954,43.27987,
Kepler-605 b,Kepler-605,2,Transit,2016,3.383538,0.04244,1.44,2.67,1133,0,5462,0.88,0.91,,556.58,287.2954,43.27987,
Kepler-606 b,Kepler-606,1,Transit,2016,24.31576,0.17,3.31,11,683,0,6161,1.22,1.13,,1215.11,292.42737,44.38124,
Kepler-607 b,Kepler-607,2,Transit,2016,0.638163,0.0137,0.87,0.59,1874,0,5196,0.8,0.84,,519.122,291.05715,44.63231,
Kepler-607 c,Kepler-607,2,Transit,2021,39.6768,0.21507,2.76,8.05,473,0,5244,0.888,0.808,,519.122,291.05715,44.63231,
Kepler-608 b,Kepler-608,1,Transit,2016,6.412515,0.0685,3.64,12.9,1069,0,5820,1.01,1,,946.683,293.8829,44.63807,
Kepler-609 b,Kepler-609,1,Transit,2016,6.521211,0.0682,3.35,11.2,932,0,5971,1.14,1.09,,1065.82,292.2203,44.69999,
Kepler-61 b,Kepler-61,1,Transit,2013,59.87756,0.24861,2.15,5.27,273,0.25,4017,0.62,0.635,K7 V,335.079,295.30449,42.47532,
Kepler-610 b,Kepler-610,2,Transit,2016,6.996927,0.0719,4.19,16.3,888,0,5943,1.13,1.1,,845.824,293.17132,45.06559,
Kepler-610 c,Kepler-610,2,Transit,2016,151.86392,0.5594,3.3,10.9,318,0,5943,1.13,1.1,,845.824,293.17132,45.06559,
Kepler-611 b,Kepler-611,1,Transit,2016,2.437033,0.0351,1.65,3.36,1513,0,5761,1.01,1.01,,1395.56,286.00491,45.4803,
Kepler-612 b,Kepler-612,1,Transit,2016,3.722156,0.0452,2.84,8.45,1046,0,5693,0.96,0.98,,1445.53,291.35463,45.74786,
Kepler-613 b,Kepler-613,1,Transit,2016,15.779796,0.1232,2.29,5.86,713,0,5723,0.96,0.98,,861.494,282.78684,46.24498,
Kepler-614 b,Kepler-614,1,Transit,2016,14.034915,0.1027,2.39,6.3,641,0,5268,0.81,0.85,,527.995,298.38489,46.27599,
Kepler-615 b,Kepler-615,1,Transit,2016,10.355847,0.085,1.74,3.68,620,0,4655,0.69,0.73,,330,282.45069,46.32137,
Kepler-616 b,Kepler-616,3,Transit,2016,9.997619,0.0927,2.43,6.48,860,0,5753,0.97,0.98,,945.775,294.98914,46.83831,
Kepler-616 d,Kepler-616,3,Transit,2021,51.067402,0.2749,2.653,7.52,499,0,6004,0.977,1.061,,945.775,294.98914,46.83831,
Kepler-616 c,Kepler-616,3,Transit,2016,90.411356,0.4024,3.41,11.5,413,0,5753,0.97,0.98,,945.775,294.98914,46.83831,
Kepler-617 b,Kepler-617,1,Transit,2016,1.682696,0.0219,1.32,2.3,750,0,3712,0.48,0.51,M1 V,173.354,283.74072,47.51612,
Kepler-618 b,Kepler-618,1,Transit,2016,3.59577,0.0449,2.6,7.27,1296,0,5860,1.08,1.05,,1221.96,286.24985,48.06093,
Kepler-619 c,Kepler-619,3,Transit,2016,1.208465,0.02216,1.69,3.5,1767,0,5980,1.11,1.09,,900.678,290.84909,48.41598,
Kepler-619 b,Kepler-619,3,Transit,2016,5.404272,0.06014,3.16,10.1,1073,0,5980,1.11,1.09,,900.678,290.84909,48.41598,
Kepler-619 d,Kepler-619,3,Transit,2023,11.678942,0.1021,4.17,16.2,830,0,6122,0.964,1.041,,900.678,290.84909,48.41598,
Kepler-62 b,Kepler-62,5,Transit,2013,5.714932,0.0553,1.31,9,750,0,4925,0.64,0.69,K2 V,300.874,283.21256,45.3497,
Kepler-62 c,Kepler-62,5,Transit,2013,12.4417,0.0929,0.54,4,578,0,4925,0.64,0.69,K2 V,300.874,283.21256,45.3497,
Kepler-62 d,Kepler-62,5,Transit,2013,18.16406,0.12,1.95,14,510,0,4925,0.64,0.69,K2 V,300.874,283.21256,45.3497,
Kepler-62 e,Kepler-62,5,Transit,2013,122.3874,0.427,1.61,36,270,0,4925,0.64,0.69,K2 V,300.874,283.21256,45.3497,
Kepler-62 f,Kepler-62,5,Transit,2013,267.291,0.718,1.41,35,208,0,4925,0.64,0.69,K2 V,300.874,283.21256,45.3497,
Kepler-620 b,Kepler-620,1,Transit,2016,12.913754,0.1053,3.32,11,849,0,6155,1.22,1.15,,1355.28,291.15939,51.33482,
Kepler-621 b,Kepler-621,1,Transit,2016,2.628114,0.031,2.3,5.9,737,0,4521,0.68,0.72,,389,290.92725,39.91412,
Kepler-622 b,Kepler-622,1,Transit,2016,14.282267,0.0978,2.13,5.18,446,0,4201,0.61,0.64,,284.761,284.47845,40.93317,
Kepler-623 b,Kepler-623,1,Transit,2016,9.070977,0.0854,3.01,9.32,825,0,5443,0.86,0.9,,737.702,296.98673,47.47735,
Kepler-624 b,Kepler-624,1,Transit,2016,14.586496,0.11638,2.31,5.95,852,0,6117,1.18,1.1,,748.188,295.19336,39.53969,
Kepler-625 c,Kepler-625,2,Transit,2016,4.165365,0.05379,1.05,1.16,1048,0,5789,0.96,1.04,,760.708,292.15047,39.63753,
Kepler-625 b,Kepler-625,2,Transit,2016,7.751925,0.08137,1.99,4.62,852,0,5789,0.96,1.04,,760.708,292.15047,39.63753,
Kepler-626 b,Kepler-626,1,Transit,2016,14.485852,0.10913,2.29,5.86,784,0,5813,1.05,1.01,,635.643,288.69868,39.7082,
Kepler-627 b,Kepler-627,1,Transit,2016,40.699444,0.22661,3.73,13.4,685,0,6424,1.49,1.3,,984.307,292.10422,39.76786,
Kepler-629 b,Kepler-629,1,Transit,2016,7.238585,0.07107,1.38,2.48,816,0,5444,0.84,0.93,,372.05,289.41791,39.94508,
Kepler-63 b,Kepler-63,1,Transit,2013,9.43415,0.08,6.11,120,791,0.45,5576,0.901,0.984,G5,194.033,289.22629,49.54828,
Kepler-630 b,Kepler-630,1,Transit,2016,161.474394,0.56201,3.18,10.2,343,0,5829,1.04,1.02,,839.784,293.42706,39.9424,
Kepler-631 b,Kepler-631,1,Transit,2016,17.979791,0.14017,2.9,8.75,828,0,6185,1.33,1.24,,761.966,296.88572,40.22817,
Kepler-632 b,Kepler-632,1,Transit,2016,30.996607,0.1885,2.21,5.52,500,0,5322,0.84,0.91,,349,297.25261,40.2886,
Kepler-633 b,Kepler-633,2,Transit,2016,8.503407,0.08185,1.63,3.29,1021,0,5899,1.15,1.02,,680.54,295.21733,40.59216,
Kepler-633 c,Kepler-633,2,Transit,2021,23.783199,0.16246,2.296,5.89,725,0,5877,1.265,0.997,,680.54,295.21733,40.59216,
Kepler-634 b,Kepler-634,1,Transit,2016,5.169502,0.05765,1.89,4.23,1309,0,6075,1.24,1.03,,888.027,291.19509,40.70274,
Kepler-635 b,Kepler-635,1,Transit,2016,23.44971,0.18332,2.64,7.46,802,0,6174,1.51,1.33,,1141.08,289.77326,40.8007,
Kepler-636 b,Kepler-636,1,Transit,2016,16.080661,0.1185,4.45,18.1,614,0,5203,0.8,0.85,,310.301,293.59206,41.09509,
Kepler-637 b,Kepler-637,1,Transit,2016,23.205846,0.16619,4.75,20.2,1002,0,6096,2.56,1.64,,786.091,292.41726,41.41684,
Kepler-638 b,Kepler-638,1,Transit,2016,6.079729,0.06695,1.83,4.01,1111,0,5382,0.93,0.88,,991.214,284.91942,41.61721,
Kepler-639 b,Kepler-639,1,Transit,2016,10.214205,0.09358,2.38,6.26,957,0,5896,1.29,1.14,,850.242,292.18683,41.72694,
Kepler-640 b,Kepler-640,1,Transit,2016,22.24814,0.15418,2.56,7.08,609,0,5653,0.94,1.01,,557.787,296.0322,42.13174,
Kepler-641 b,Kepler-641,1,Transit,2016,9.489616,0.0895,1.85,4.08,926,0,5713,1.13,1.02,,969.918,291.82353,42.51619,
Kepler-642 b,Kepler-642,1,Transit,2016,4.417459,0.05631,2.9,8.75,1810,0,6570,1.66,1.4,,781.582,293.83455,42.62495,
Kepler-643 b,Kepler-643,1,Transit,2016,16.338896,0.13485,10.16,321.008,963,0.37,4908,2.52,1,,1063.58,290.32724,42.89823,
Kepler-644 b,Kepler-644,1,Transit,2016,3.173917,0.04641,3.15,10.1,1655,0,6747,1.81,1.49,,1318.05,295.4757,43.49311,
Kepler-645 b,Kepler-645,1,Transit,2016,3.275823,0.04541,2.1,5.06,1730,0,6170,1.21,1.13,,1173.57,290.32271,44.03586,
Kepler-646 b,Kepler-646,1,Transit,2016,15.873646,0.11251,1.99,4.62,632,0,5634,0.91,0.93,,451.794,290.47146,44.38704,
Kepler-647 b,Kepler-647,2,Transit,2016,16.225465,0.12237,1.17,1.71,788,0,6020,1.07,1.03,,1087.87,284.7883,44.59162,
Kepler-647 c,Kepler-647,2,Transit,2020,29.6663,0.18291,4.001,15.1,644,0,5907,1.5457,1.07,,1087.87,284.7883,44.59162,
Kepler-648 b,Kepler-648,1,Transit,2016,17.421175,0.13324,3.22,10.5,674,0,5741,0.98,1.05,,636.03,283.89962,45.01691,
Kepler-649 b,Kepler-649,1,Transit,2016,29.907227,0.17522,2.26,5.73,564,0,5871,0.94,0.97,,513.748,285.65583,45.07945,
Kepler-65 b,Kepler-65,4,Transit,2012,2.15491,0.035,1.42,2.4,1740,0.028,6211,1.41,1.25,,303.728,288.68872,41.15111,
Kepler-65 c,Kepler-65,4,Transit,2012,5.859944,0.068,2.58,5.4,1246,0.02,6211,1.41,1.25,,303.728,288.68872,41.15111,
Kepler-65 d,Kepler-65,4,Transit,2012,8.13123,0.084,1.52,4.14,1117,0.014,6211,1.41,1.25,,303.728,288.68872,41.15111,
Kepler-65 e,Kepler-65,4,Radial Velocity,2019,258.8,0.853931,13.9,260,389.1,0.283,6220,1.437,1.248,,303.728,288.68872,41.15111,
Kepler-650 b,Kepler-650,1,Transit,2016,3.032146,0.0421,2.96,9.06,1507,0,5849,1.35,1.08,,884.378,289.00095,45.1543,
Kepler-651 b,Kepler-651,1,Transit,2016,21.385215,0.14078,2.37,6.21,574,0,5522,0.87,0.92,,509.408,287.33273,46.20344,
Kepler-652 b,Kepler-652,1,Transit,2016,4.182003,0.04958,2.49,6.76,974,0,5490,0.88,0.97,,394.55,288.00809,46.47361,
Kepler-653 c,Kepler-653,2,Transit,2016,0.900376,0.01855,0.78,0.399,2078,0,5665,1.19,1.02,,595.634,282.21304,46.71779,
Kepler-653 b,Kepler-653,2,Transit,2016,14.70749,0.11945,1.95,4.46,819,0,5665,1.19,1.02,,595.634,282.21304,46.71779,
Kepler-654 b,Kepler-654,1,Transit,2016,13.724651,0.11664,2.07,4.94,831,0,5865,1.11,1.04,,974.124,297.06839,46.83425,
Kepler-655 b,Kepler-655,1,Transit,2016,46.406336,0.25697,2.71,7.8,588,0,6170,1.24,1.15,,752.562,297.25907,46.84316,
Kepler-656 b,Kepler-656,2,Transit,2016,1.260259,0.02231,3.12,9.91,1569,0,5281,0.82,0.86,,890.352,288.32788,47.38154,
Kepler-656 c,Kepler-656,2,Transit,2023,5.254494,0.0602,1.41,2.57,975,0,5550,0.954,1.05,,890.352,288.32788,47.38154,
Kepler-657 b,Kepler-657,1,Transit,2016,24.543504,0.17337,3.52,12.2,616,0,5808,1.01,1.01,,1691.88,291.1973,47.30775,
Kepler-658 b,Kepler-658,1,Transit,2016,1.287077,0.0188,1.63,3.29,871,0,4103,0.6,0.63,,388.384,282.98362,47.57839,
Kepler-659 b,Kepler-659,1,Transit,2016,17.671796,0.1204,2.5,6.8,513,0,4870,0.74,0.79,,722.64,287.60818,47.50969,
Kepler-66 b,Kepler-66,1,Transit,2013,17.815815,0.1352,2.8,8.25,699,0,5962,0.966,1.038,G0 V,1202.96,293.98154,46.68773,
Kepler-660 b,Kepler-660,1,Transit,2016,9.273582,0.0759,2.57,7.13,649,0,4779,0.71,0.75,,568.431,288.1383,47.72456,
Kepler-661 b,Kepler-661,1,Transit,2016,6.029301,0.0585,3.07,9.64,678,0,4483,0.67,0.7,,534.788,283.71075,47.86317,
Kepler-662 b,Kepler-662,1,Transit,2016,21.676975,0.1408,2.18,5.39,530,0,4897,0.74,0.79,,815.637,290.46508,47.92913,
Kepler-663 b,Kepler-663,1,Transit,2016,4.996783,0.0559,2.6,7.27,917,0,5264,0.82,0.86,,1063.09,297.80822,47.94663,
Kepler-664 b,Kepler-664,1,Transit,2016,2.525593,0.0374,2.66,7.56,1406,0,5754,1.02,1.01,,1210.12,288.7549,48.2262,
Kepler-665 b,Kepler-665,1,Transit,2016,16.013102,0.1148,2.6,7.27,593,0,4913,0.74,0.79,,612.838,297.02559,48.47857,
Kepler-666 b,Kepler-666,1,Transit,2016,4.498761,0.0542,2.4,6.35,1133,0,5887,1.05,1.03,,1508.71,298.45689,48.79159,
Kepler-667 b,Kepler-667,1,Transit,2016,41.439628,0.2288,4.73,20.1,516,0,5327,0.87,0.91,,2302.45,295.55499,49.0173,
Kepler-668 b,Kepler-668,1,Transit,2016,8.353906,0.0768,2.7,7.75,790,0,5352,0.82,0.87,,784.618,285.49928,49.27727,
Kepler-669 b,Kepler-669,1,Transit,2016,4.125547,0.0529,4.83,20.8,1243,0,6038,1.2,1.15,,2063.41,291.93616,49.25395,
Kepler-67 b,Kepler-67,1,Transit,2013,15.7259,0.1171,2.94,8.96,602,0,5331,0.778,0.865,G9 V,1131.19,294.15335,46.1664,
Kepler-670 b,Kepler-670,1,Transit,2016,2.816505,0.0383,13.18,,1219,0,5709,0.99,0.99,,939.744,297.01546,49.2253,
Kepler-671 b,Kepler-671,1,Transit,2016,4.280959,0.0503,2.69,7.7,1012,0,5624,0.95,0.97,,1168.26,294.26575,49.31409,
Kepler-672 b,Kepler-672,1,Transit,2016,38.377462,0.2163,2.5,6.8,529,0,5627,0.92,0.95,,1033.93,291.722,49.48085,
Kepler-673 b,Kepler-673,1,Transit,2016,3.728731,0.0455,6.54,34.8,1023,0,5355,0.84,0.88,,918.21,290.78576,50.05406,
Kepler-674 b,Kepler-674,1,Transit,2016,2.243382,0.028,1.69,3.5,822,0,4192,0.57,0.6,,342.254,285.17619,50.14969,
Kepler-675 b,Kepler-675,1,Transit,2016,2.337438,0.0325,2.44,6.53,1070,0,4945,0.75,0.79,,665.68,293.83345,50.23035,
Kepler-676 b,Kepler-676,1,Transit,2016,11.598222,0.0798,3.04,9.48,396,0,3701,0.49,0.51,,295.196,296.22203,50.28736,
Kepler-677 b,Kepler-677,1,Transit,2016,6.575317,0.067,5.38,25,1015,0,5723,0.99,1,,1954.08,290.09805,50.32157,
Kepler-678 b,Kepler-678,1,Transit,2016,7.275037,0.0732,5.14,23.1,833,0,5520,0.91,0.94,,1826.15,295.45526,50.49451,
Kepler-679 b,Kepler-679,1,Transit,2016,12.393586,0.0983,3.01,9.32,677,0,5403,0.84,0.87,,922.244,296.02134,50.5678,
Kepler-68 b,Kepler-68,4,Transit,2013,5.398753,0.06135,2.357,8.03,1275,0.09,5847,1.2564,1.057,,144.166,291.03231,49.04021,
Kepler-68 c,Kepler-68,4,Transit,2013,9.605027,0.09008,0.979,1.3,1052,0.099,5847,1.2564,1.057,,144.166,291.03231,49.04021,
Kepler-68 d,Kepler-68,4,Radial Velocity,2013,632.62,1.469,13.9,267,260.8,0.102,5847,1.2564,1.057,,144.166,291.03231,49.04021,
Kepler-68 e,Kepler-68,4,Radial Velocity,2023,3455,4.6,11.2,86.449,147.3,0.33,5847,1.2564,1.057,,144.166,291.03231,49.04021,
Kepler-680 b,Kepler-680,1,Transit,2016,3.689926,0.0469,2.42,6.44,1147,0,5890,1.11,1.08,,1492.48,291.62238,50.61818,
Kepler-681 b,Kepler-681,1,Transit,2016,26.394356,0.1635,3.08,9.69,489,0,5021,0.76,0.8,,686.923,289.39974,51.25024,
Kepler-682 b,Kepler-682,1,Transit,2016,12.611907,0.1058,7.37,42.6,753,0,5559,0.89,0.92,,1979.25,289.11222,51.73736,
Kepler-683 b,Kepler-683,1,Transit,2016,2.539183,0.0355,1.97,4.54,1332,0,5703,0.95,0.96,,1023.07,291.43996,37.90563,
Kepler-684 b,Kepler-684,1,Transit,2016,6.770302,0.064,3.36,11.2,812,0,5493,0.86,0.89,,1731.27,290.87049,38.2736,
Kepler-685 b,Kepler-685,1,Transit,2016,1.625522,0.0265,10.58,78.8,1579,0,5963,1.16,1.11,,938.715,293.87191,38.42292,
Kepler-686 b,Kepler-686,1,Transit,2016,1.594745,0.0258,12.15,,1539,0,5649,0.92,0.94,,1490.94,285.21382,39.02747,
Kepler-687 b,Kepler-687,1,Transit,2016,20.50587,0.1326,3.52,12.2,518,0,4841,0.73,0.77,,633.66,289.31546,39.15329,
Kepler-688 b,Kepler-688,1,Transit,2016,3.895937,0.046,9.76,68.7,1005,0,5715,0.96,0.98,,1357.75,294.65523,39.30834,
Kepler-689 b,Kepler-689,1,Transit,2016,22.366561,0.1449,2.89,8.7,536,0,5518,0.88,0.91,,1131.73,294.71063,39.5217,
Kepler-69 b,Kepler-69,2,Transit,2013,13.722341,0.094,2.24,5.65,779,0.16,5638,0.93,0.81,G4 V,730.625,293.2609,44.86887,
Kepler-69 c,Kepler-69,2,Transit,2013,242.4613,0.64,1.71,3.57,299,0.14,5638,0.93,0.81,G4 V,730.625,293.2609,44.86887,
Kepler-690 b,Kepler-690,1,Transit,2016,7.748094,0.081,5.95,29.6,964,0,5913,1.16,1.11,,1665.31,294.48992,39.77148,
Kepler-691 b,Kepler-691,1,Transit,2016,8.114379,0.0649,2.09,5.02,460,0,3715,0.5,0.53,,279.115,288.81173,40.03323,
Kepler-692 b,Kepler-692,1,Transit,2016,21.812935,0.1495,3.11,9.85,639,0,5440,0.86,0.9,,991.336,294.77681,40.1537,
Kepler-693 b,Kepler-693,1,Transit,2016,15.375633,0.1121,10.18,73.8,600,0,4881,0.72,0.76,,1151.51,283.25353,40.35822,
Kepler-694 b,Kepler-694,1,Transit,2016,6.365842,0.0659,2.8,8.25,914,0,5700,0.95,0.97,,1023.06,291.14953,40.42046,
Kepler-695 b,Kepler-695,1,Transit,2016,3.04033,0.0374,9.21,62.3,1021,0,5181,0.8,0.84,,842.947,299.31609,40.82238,
Kepler-696 b,Kepler-696,1,Transit,2016,4.190426,0.0535,6.14,31.3,1234,0,5903,1.08,1.06,,1416.44,293.49659,41.13756,
Kepler-697 b,Kepler-697,1,Transit,2016,3.709871,0.0471,4.13,16,1151,0,5513,0.88,0.92,,1277.33,283.86439,41.34639,
Kepler-698 b,Kepler-698,1,Transit,2016,16.329762,0.1255,3.68,13.1,727,0,5612,0.91,0.94,,1995.57,288.51,41.30175,
Kepler-7 b,Kepler-7,1,Transit,2009,4.885489,0.06067,18.181,140.163,1630,0,5933,1.966,1.359,,922.562,288.58149,41.08973,
Kepler-700 b,Kepler-700,1,Transit,2016,80.872064,0.3577,5.99,30,452,0,5692,0.96,0.98,,1491.76,287.15422,41.56578,
Kepler-701 b,Kepler-701,1,Transit,2016,10.355332,0.0895,2.84,8.45,777,0,5343,0.84,0.88,,774.152,288.99418,41.63331,
Kepler-702 b,Kepler-702,1,Transit,2016,10.526294,0.088,9.17,61.8,713,0,5419,0.86,0.9,,992.071,293.8781,41.66172,
Kepler-703 b,Kepler-703,1,Transit,2016,4.583522,0.0535,8.2,51.1,1038,0,6185,1.27,1.18,,1156.83,299.18686,41.7427,
Kepler-704 b,Kepler-704,1,Transit,2016,3.761821,0.047,2.61,7.32,1121,0,5616,0.96,0.97,,1228.83,283.31637,41.83709,
Kepler-705 b,Kepler-705,1,Transit,2016,56.056054,0.232,2.11,5.1,265,0,3722,0.51,0.53,,276.881,289.50856,41.81202,
Kepler-707 b,Kepler-707,1,Transit,2016,2.237493,0.0325,1.33,2.33,1160,0,5099,0.76,0.8,,591.776,290.00756,42.11647,
Kepler-708 b,Kepler-708,1,Transit,2016,3.167892,0.0426,2.93,8.91,1221,0,5692,0.96,0.97,,1394.22,293.81646,42.21252,
Kepler-709 b,Kepler-709,1,Transit,2016,16.08525,0.1173,2.92,8.85,613,0,5071,0.77,0.8,,664.843,292.10527,42.38031,
Kepler-710 b,Kepler-710,1,Transit,2016,4.347286,0.0524,1.88,4.19,1174,0,5611,0.91,0.94,,1448.34,291.96413,42.69613,
Kepler-711 b,Kepler-711,1,Transit,2016,23.589144,0.1429,3.41,11.5,487,0,5222,0.8,0.84,,624.575,297.46005,42.83982,
Kepler-712 b,Kepler-712,2,Transit,2016,21.022477,0.13615,3.41,11.5,521,0,5148,0.78,0.84,,872.493,294.90967,42.9352,
Kepler-712 c,Kepler-712,2,Transit,2016,226.89047,0.66479,4.85,21,236,0,5148,0.78,0.84,,872.493,294.90967,42.9352,
Kepler-713 b,Kepler-713,1,Transit,2016,7.411141,0.0748,2.48,6.71,905,0,5785,0.99,0.98,,1089.87,295.65138,43.02978,
Kepler-714 b,Kepler-714,1,Transit,2016,8.098888,0.0832,9.67,67.6,986,0,5995,1.12,1.09,,2083.37,282.69947,43.27274,
Kepler-715 b,Kepler-715,1,Transit,2016,10.00653,0.0933,3.75,13.5,876,0,5871,1.04,1.04,,1327.44,283.6308,43.37936,
Kepler-716 c,Kepler-716,2,Transit,2020,3.96999,0.04548,1.393,2.52,992,0,5012,0.7422,0.83,,635.009,290.39318,43.36386,
Kepler-716 b,Kepler-716,2,Transit,2016,10.371685,0.08628,2.9,8.75,720,0,5099,0.78,0.83,,635.009,290.39318,43.36386,
Kepler-717 b,Kepler-717,1,Transit,2016,4.4084,0.052,2.42,6.44,1139,0,5485,0.85,0.88,,2805.48,292.96551,43.34634,
Kepler-718 b,Kepler-718,1,Transit,2016,2.05235,0.0322,16.56,,1497,0,6191,1.3,1.18,,1302.33,299.56187,43.50352,
Kepler-719 b,Kepler-719,1,Transit,2016,5.007318,0.0556,8.52,54.5,998,0,5777,0.98,0.99,,2497.51,295.53606,43.88441,
Kepler-720 b,Kepler-720,1,Transit,2016,4.708327,0.0539,8.41,53.4,1162,0,5618,0.92,0.95,,1065.37,298.63565,44.17094,
Kepler-721 b,Kepler-721,1,Transit,2016,5.392025,0.0583,2.64,7.46,850,0,5075,0.78,0.82,,926.598,284.43051,44.48038,
Kepler-722 b,Kepler-722,2,Transit,2016,4.093573,0.0514,2.63,7.41,1182,0,5863,1.05,1.03,,1239.5,290.26329,44.55641,
Kepler-722 c,Kepler-722,2,Transit,2016,105.144749,0.4471,2.82,8.35,401,0,5863,1.05,1.03,,1239.5,290.26329,44.55641,
Kepler-723 b,Kepler-723,1,Transit,2016,4.082275,0.0479,12.19,,1016,0,5539,0.89,0.92,,1071.8,284.83044,44.65809,
Kepler-724 b,Kepler-724,1,Transit,2016,3.314946,0.0433,3.29,10.8,1155,0,5437,0.86,0.9,,853.119,293.45484,44.79278,
Kepler-725 b,Kepler-725,2,Transit,2016,39.64372,0.2238,10.8,81.6,514,0.231,5395,0.88,0.95,,758.469,283.97749,44.81156,
Kepler-725 c,Kepler-725,2,Transit Timing Variations,2025,207.541,0.6744,3.08,9.7,268,0.436,5395,0.88,0.95,,758.469,283.97749,44.81156,
Kepler-726 b,Kepler-726,1,Transit,2016,21.804511,0.1406,3.26,10.7,543,0,5452,0.85,0.88,,762.081,291.71728,44.88735,
Kepler-727 b,Kepler-727,1,Transit,2016,5.154484,0.0546,2.53,6.94,964,0,5441,0.86,0.89,,831.842,294.84693,45.03442,
Kepler-728 b,Kepler-728,1,Transit,2016,5.743477,0.0625,3.34,11.1,982,0,5660,0.93,0.95,,1765.23,291.09236,45.11551,
Kepler-729 b,Kepler-729,1,Transit,2016,3.166354,0.0432,3.58,12.5,1273,0,5633,0.91,0.94,,1921.15,286.36006,45.41427,
Kepler-730 c,Kepler-730,2,Transit,2018,2.851883,0.03997,1.569,3.09,1607,0,5620,1.411,1.047,,1935.04,285.55479,45.57884,
Kepler-730 b,Kepler-730,2,Transit,2016,6.491683,0.0694,12.33,,1219,0,5620,1.411,1.047,,1935.04,285.55479,45.57884,
Kepler-731 b,Kepler-731,1,Transit,2016,3.855604,0.0505,13.88,,1212,0,5849,1.06,1.03,,1257.16,296.39319,45.56853,
Kepler-732 c,Kepler-732,2,Transit,2016,0.893041,0.0143,1.27,2.15,893,0,3631,0.46,0.49,,174.826,283.73173,45.95853,
Kepler-732 b,Kepler-732,2,Transit,2016,9.467814,0.0691,2.18,5.39,407,0,3631,0.46,0.49,,174.826,283.73173,45.95853,
Kepler-733 b,Kepler-733,1,Transit,2016,20.834247,0.1483,2.82,8.35,595,0,5418,0.86,0.9,,916.706,293.01819,45.91471,
Kepler-734 b,Kepler-734,1,Transit,2016,6.104853,0.0583,3.56,12.4,784,0,5326,0.78,0.85,,1157.21,297.04561,46.02739,
Kepler-735 b,Kepler-735,1,Transit,2016,11.51517,0.0965,2.95,9.01,657,0,5107,0.8,0.85,,695.059,284.68883,46.17214,
Kepler-736 b,Kepler-736,1,Transit,2016,3.601472,0.0428,2.93,8.91,996,0,5217,0.81,0.86,,1005.43,285.39131,46.18093,
Kepler-737 b,Kepler-737,1,Transit,2016,28.599154,0.1422,1.96,4.5,298,0,3813,0.48,0.51,,205.118,291.86298,46.42916,
Kepler-738 b,Kepler-738,1,Transit,2016,24.587216,0.1552,2.5,6.8,530,0,5327,0.82,0.86,,1113.65,287.56965,46.5679,
Kepler-739 b,Kepler-739,1,Transit,2016,12.532485,0.1054,3.32,11,775,0,5601,0.9,0.93,,1370.65,290.06799,46.57915,
Kepler-74 b,Kepler-74,1,Transit,2013,7.340711,0.0781,10.76,200.22,1078,0,6000,1.12,1.18,F8 V,1177.55,293.09253,41.35551,
Kepler-740 b,Kepler-740,1,Transit,2016,3.584101,0.0462,4.57,18.9,1131,0,5438,0.87,0.91,,1442.02,286.48226,46.69246,
Kepler-741 b,Kepler-741,1,Transit,2016,7.039024,0.0744,2.97,9.11,1051,0,6129,1.24,1.16,,1661.87,289.43173,46.6175,
Kepler-742 b,Kepler-742,1,Transit,2016,8.360868,0.0744,3.24,10.6,690,0,4642,0.71,0.76,,489.253,283.86597,46.78965,
Kepler-743 b,Kepler-743,1,Transit,2016,3.179263,0.04166,1.21,1.92,1101,0,5486,0.85,0.94,,278.987,295.57423,42.80643,
Kepler-744 b,Kepler-744,1,Transit,2016,12.062224,0.09735,1.62,3.26,750,0,5594,0.93,0.94,,449.964,296.49605,47.18278,
Kepler-745 b,Kepler-745,1,Transit,2016,9.931436,0.0915,2.16,5.31,931,0,5849,1.04,1.04,,1780.38,291.49944,37.05926,
Kepler-746 b,Kepler-746,1,Transit,2016,3.481593,0.0435,1.11,1.41,1156,0,5418,0.93,0.91,,450,290.68221,37.35516,
Kepler-747 b,Kepler-747,1,Transit,2016,35.617606,0.1916,5.27,24.1,456,0,5096,0.78,0.82,,3347.16,288.41652,41.02982,
Kepler-748 b,Kepler-748,1,Transit,2016,7.407428,0.0745,2.52,6.9,938,0,5934,1.1,1.07,,1705.99,292.26288,37.23697,
Kepler-749 b,Kepler-749,1,Transit,2016,17.317166,0.1054,3.1,9.8,454,0,5009,0.75,0.79,,721.027,299.89733,43.90407,
Kepler-75 b,Kepler-75,1,Transit,2013,8.884912,0.0818,11.77,3209.9,767,0.57,5200,0.89,0.91,K0 V,835.356,291.13762,36.57734,
Kepler-750 c,Kepler-750,2,Transit,2016,4.08899,0.05009,1.62,3.26,1537,0,6160,1.23,1.15,,1296.02,289.09683,44.00436,
Kepler-750 b,Kepler-750,2,Transit,2016,9.428872,0.08742,3.07,9.64,1163,0,6160,1.23,1.15,,1296.02,289.09683,44.00436,
Kepler-751 b,Kepler-751,1,Transit,2016,17.444906,0.1263,2.46,6.62,679,0,5387,0.84,0.87,,760.43,294.84381,44.07769,
Kepler-752 b,Kepler-752,1,Transit,2016,18.827473,0.1353,2.81,8.3,632,0,5373,0.83,0.87,,1232.29,292.26815,37.95567,
Kepler-753 b,Kepler-753,1,Transit,2016,5.747725,0.054,1.91,4.31,641,0,4346,0.65,0.68,,274.767,291.90324,37.90237,
Kepler-754 b,Kepler-754,1,Transit,2016,14.559624,0.116,2.01,4.7,758,0,5935,1.08,1.06,,1770.27,293.25411,37.84615,
Kepler-755 b,Kepler-755,2,Transit,2016,1.26909,0.02156,1.76,3.75,1331,0,5043,0.77,0.82,,399.034,296.86093,41.09732,
Kepler-755 c,Kepler-755,2,Transit,2016,2.853134,0.037,1.26,2.13,1016,0,5043,0.77,0.82,,399.034,296.86093,41.09732,
Kepler-756 b,Kepler-756,1,Transit,2016,1.224866,0.0219,1.12,1.46,1741,0,5282,0.79,0.82,,852,290.60797,41.20109,
Kepler-757 b,Kepler-757,1,Transit,2016,1.022679,0.019,1.36,2.42,1734,0,6014,1.13,1.08,,1068.68,296.68049,41.38653,
Kepler-758 c,Kepler-758,4,Transit,2016,4.75794,0.05768,1.69,3.5,1372,0,6228,1.42,1.16,,1502.32,293.08461,41.1354,
Kepler-758 e,Kepler-758,4,Transit,2016,8.193472,0.0829,1.53,2.96,1144,0,6228,1.42,1.16,,1502.32,293.08461,41.1354,
Kepler-758 b,Kepler-758,4,Transit,2016,12.10971,0.10754,2.48,6.71,1005,0,6228,1.42,1.16,,1502.32,293.08461,41.1354,
Kepler-758 d,Kepler-758,4,Transit,2016,20.49662,0.1527,2.12,5.14,843,0,6228,1.42,1.16,,1502.32,293.08461,41.1354,
Kepler-759 b,Kepler-759,1,Transit,2016,41.805985,0.2329,2.27,5.77,533,0,5860,1.04,1.04,,1073.48,290.13142,41.38143,
Kepler-76 b,Kepler-76,1,Orbital Brightness Modulation,2013,1.54493,0.0274,15.244,638.838,2140,0,6409,1.32,1.2,F,822.96,294.19212,39.61897,
Kepler-760 c,Kepler-760,2,Transit,2016,2.466974,0.03489,1.48,2.79,1139,0,5322,0.85,0.89,,792.336,287.5932,44.17943,
Kepler-760 b,Kepler-760,2,Transit,2016,8.704194,0.08087,3.06,9.59,748,0,5322,0.85,0.89,,792.336,287.5932,44.17943,
Kepler-761 b,Kepler-761,1,Transit,2016,10.128048,0.0874,2.03,4.78,767,0,5706,0.93,0.95,,830.707,290.5036,44.14362,
Kepler-762 b,Kepler-762,1,Transit,2016,3.770552,0.0493,12.68,,1302,0,5944,1.08,1.06,,1898.26,291.27566,47.32951,
Kepler-763 b,Kepler-763,3,Transit,2016,1.196552,0.0205,1.22,1.98,1414,0,5166,0.8,0.84,,962.459,292.14455,47.15736,
Kepler-763 c,Kepler-763,3,Transit,2023,4.096676,0.0466,1.42,2.6,938,0,4999,0.843,0.8,,962.459,292.14455,47.15736,
Kepler-763 d,Kepler-763,3,Transit,2023,6.50327,0.0634,1.67,3.43,804,0,4999,0.843,0.8,,962.459,292.14455,47.15736,
Kepler-764 b,Kepler-764,1,Transit,2016,7.336839,0.0724,1.64,3.33,875,0,5557,0.89,0.92,,1047.84,297.39312,47.16458,
Kepler-765 b,Kepler-765,1,Transit,2016,27.665523,0.1754,2.43,6.48,641,0,5901,1.06,1.05,,1076.28,283.1846,47.15571,
Kepler-766 b,Kepler-766,1,Transit,2016,6.100278,0.066,3.39,11.4,990,0,5992,1.15,1.1,,2297.62,293.18451,37.96984,
Kepler-767 b,Kepler-767,1,Transit,2016,161.52801,0.5874,6.64,35.7,366,0,5694,0.94,0.96,,2251.03,291.57916,38.03581,
Kepler-768 b,Kepler-768,1,Transit,2016,11.391003,0.092,1.79,3.86,618,0,5108,0.78,0.82,,784.56,294.11569,38.39344,
Kepler-769 b,Kepler-769,2,Transit,2016,7.42609,0.0778,2.92,8.85,1037,0,6186,1.28,1.19,,1169.57,292.71309,38.35817,
Kepler-769 c,Kepler-769,2,Transit,2016,15.987017,0.1297,1.79,3.86,803,0,6186,1.28,1.19,,1169.57,292.71309,38.35817,
Kepler-77 b,Kepler-77,1,Transit,2013,3.578781,0.04501,10.761,136.661,1440,0,5520,0.99,0.95,G5 V,639.411,289.60794,44.34543,
Kepler-770 c,Kepler-770,3,Transit,2016,1.475322,0.0309,1.2,1.87,2740,0,5598,0.92,0.94,,930.457,286.49046,38.37487,
Kepler-770 d,Kepler-770,3,Transit,2016,4.152447,0.0616,1.4,2.54,1941,0,5598,0.92,0.94,,930.457,286.49046,38.37487,
Kepler-770 b,Kepler-770,3,Transit,2016,18.925403,0.1694,2.3,5.9,1171,0,5598,0.92,0.94,,930.457,286.49046,38.37487,
Kepler-771 b,Kepler-771,1,Transit,2016,8.734858,0.0843,1.82,3.97,890,0,5906,1.05,1.03,,1393.85,287.44411,38.08842,
Kepler-772 b,Kepler-772,1,Transit,2016,12.992073,0.11153,1.82,3.97,866,0,5714,1.11,0.98,,1130.21,291.42358,38.21656,
Kepler-773 b,Kepler-773,1,Transit,2016,3.7491,0.04682,1.43,2.63,1160,0,5850,1.01,1.04,,547.026,290.88462,38.05755,
Kepler-774 b,Kepler-774,1,Transit,2016,11.089572,0.1082,3.17,10.2,1422,0,6403,2.42,1.57,,917.804,291.03186,38.21189,
Kepler-775 b,Kepler-775,1,Transit,2016,0.974869,0.01834,1.19,1.81,1612,0,5468,0.84,0.92,,398.676,291.43328,41.70332,
Kepler-776 b,Kepler-776,1,Transit,2016,4.897188,0.0523,1.28,2.18,904,0,5071,0.78,0.83,,727.904,287.27261,41.6356,
Kepler-777 b,Kepler-777,1,Transit,2016,5.728126,0.0519,1.47,2.76,569,0,4043,0.56,0.58,,443.106,282.72411,44.34651,
Kepler-778 b,Kepler-778,1,Transit,2016,3.755744,0.0453,1.68,3.46,977,0,5102,0.77,0.81,,938.168,287.47749,44.23747,
Kepler-779 b,Kepler-779,1,Transit,2016,7.097142,0.0533,0.92,0.721,425,0,3804,0.44,0.46,,283.155,285.62852,44.31079,
Kepler-78 b,Kepler-78,1,Transit,2013,0.355007,0.00901,1.201,1.68,2223,0,5058,0.7475,0.779,G,124.376,293.74195,44.44825,
Kepler-780 b,Kepler-780,1,Transit,2016,0.677375,0.015,0.89,0.64,2099,0,5769,1.02,1.01,,557.652,281.76635,44.29249,
Kepler-781 b,Kepler-781,1,Transit,2016,13.214073,0.1019,2.89,8.7,629,0,5162,0.78,0.81,,1064.47,287.65359,47.41478,
Kepler-782 b,Kepler-782,1,Transit,2016,158.685331,0.54494,3.21,10.4,350,0,5867,1.01,0.98,,446.844,288.86825,47.75947,
Kepler-783 b,Kepler-783,2,Transit,2016,4.292646,0.04958,0.78,0.399,991,0,5521,0.89,0.93,,516.09,291.06286,47.48479,
Kepler-783 c,Kepler-783,2,Transit,2020,7.05395,0.06903,2.332,6.04,840,0,5411,0.8721,0.94,,516.09,291.06286,47.48479,
Kepler-784 c,Kepler-784,2,Transit,2023,17.157236,0.1309,1.55,3.02,844,0,5676,1.487,1.016,,1303.72,295.92067,47.44862,
Kepler-784 b,Kepler-784,2,Transit,2016,31.592265,0.22111,1.58,3.12,688,0,5674,1.32,1,,1303.72,295.92067,47.44862,
Kepler-785 b,Kepler-785,1,Transit,2016,1.973761,0.025,13.02,,753,0,4739,0.71,0.77,,642.051,292.06831,38.8422,
Kepler-786 b,Kepler-786,1,Transit,2016,53.529349,0.25483,2.43,6.48,348,0,4838,0.74,0.81,,485.318,293.74392,38.93922,
Kepler-787 b,Kepler-787,1,Transit,2016,0.92831,0.0159,1.28,2.18,1115,0,4248,0.62,0.65,,503.568,291.69248,38.57291,
Kepler-788 b,Kepler-788,1,Transit,2016,8.398463,0.0835,2.55,7.04,984,0,6159,1.23,1.16,,1775.8,290.00042,38.53986,
Kepler-789 b,Kepler-789,1,Transit,2016,8.638477,0.0951,2.12,5.14,1419,0,5870,1.02,1.01,,1480.16,295.97515,38.94664,
Kepler-79 b,Kepler-79,4,Transit,2012,13.48451,0.11929,3.51,7.6,929,0.022,6389,1.316,1.244,,1020.72,300.51711,44.38155,
Kepler-79 c,Kepler-79,4,Transit,2012,27.4026,0.19144,3.76,4.6,734,0.038,6389,1.316,1.244,,1020.72,300.51711,44.38155,
Kepler-79 d,Kepler-79,4,Transit,2014,52.0897,0.2937,7.15,5.3,592,0.051,6389,1.316,1.244,,1020.72,300.51711,44.38155,
Kepler-79 e,Kepler-79,4,Transit,2014,81.0665,0.39445,3.53,3.8,511,0.025,6389,1.316,1.244,,1020.72,300.51711,44.38155,
Kepler-790 b,Kepler-790,1,Transit,2016,13.734698,0.101,2.18,5.39,634,0,5208,0.8,0.84,,703.168,286.91715,38.87221,
Kepler-791 b,Kepler-791,1,Transit,2016,14.553976,0.1256,3.05,9.53,939,0,6383,1.47,1.3,,1266.34,293.5958,39.02943,
Kepler-792 b,Kepler-792,1,Transit,2016,11.301192,0.0988,1.96,4.5,852,0,5971,1.12,1.09,,1425.47,292.00682,38.8207,
Kepler-793 b,Kepler-793,1,Transit,2016,4.241536,0.0491,1.37,2.45,1177,0,5745,0.97,0.98,,985.699,295.21673,38.77443,
Kepler-794 b,Kepler-794,1,Transit,2016,11.131251,0.10036,2.11,5.1,952,0,5839,1.38,1.19,,931.192,288.13368,38.99689,
Kepler-795 b,Kepler-795,1,Transit,2016,29.619342,0.1803,1.68,3.46,580,0,5631,0.96,0.94,,492.122,291.019,38.54557,
Kepler-796 b,Kepler-796,1,Transit,2016,6.400876,0.07317,1.3,2.24,1109,0,5475,1.09,0.93,,817.584,287.3079,39.14471,
Kepler-797 b,Kepler-797,1,Transit,2016,27.072377,0.181,2.17,5.35,605,0,5680,0.95,0.96,,1315.26,297.20891,41.78164,
Kepler-798 b,Kepler-798,1,Transit,2016,13.719334,0.1174,2.39,6.3,864,0,6224,1.29,1.19,,972.274,292.47828,42.14228,
Kepler-799 c,Kepler-799,2,Transit,2021,15.1942,0.1214,2.781,8.15,893,0,5588,1.593,1.031,,1509.084,287.1749,44.87848,
Kepler-799 b,Kepler-799,2,Transit,2016,133.460523,0.5167,6.88,37.9,433,0,5681,0.93,0.95,,1509.084,287.1749,44.87848,
Kepler-8 b,Kepler-8,1,Transit,2010,3.522499,0.0474,15.872,187.52,1680,0,6213,1.486,1.213,,1021.87,281.28813,42.4511,
Kepler-80 f,Kepler-80,6,Transit,2016,0.986787,0.0175,1.21,4459.73,1054,0.186,4540,0.678,0.73,K5,369.451,296.11258,39.97875,
Kepler-80 d,Kepler-80,6,Transit,2014,3.07222,0.0372,1.53,6.75,722,0.0041,4540,0.678,0.73,K5,369.451,296.11258,39.97875,
Kepler-80 e,Kepler-80,6,Transit,2014,4.64489,0.0491,1.6,4.13,629,0.0035,4540,0.678,0.73,K5,369.451,296.11258,39.97875,
Kepler-80 b,Kepler-80,6,Transit,2012,7.05246,0.0648,2.67,6.93,547,0.0049,4540,0.678,0.73,K5,369.451,296.11258,39.97875,
Kepler-80 c,Kepler-80,6,Transit,2012,9.52355,0.0792,2.74,6.74,495,0.0079,4540,0.678,0.73,K5,369.451,296.11258,39.97875,
Kepler-80 g,Kepler-80,6,Transit,2017,14.64558,0.110096,1.13,0.065,418,0.1303,4540,0.678,0.83,K5,369.451,296.11258,39.97875,a
Kepler-800 b,Kepler-800,1,Transit,2016,14.13176,0.1106,2.85,8.5,675,0,5315,0.82,0.85,,1019.26,286.57477,44.79519,
Kepler-801 b,Kepler-801,1,Transit,2016,11.419283,0.0795,2,4.66,419,0,4435,0.63,0.67,,440.426,286.07518,44.66463,
Kepler-802 b,Kepler-802,1,Transit,2016,40.058747,0.2265,3.54,12.3,489,0,5507,0.9,0.93,,780.585,286.0158,45.00774,
Kepler-803 b,Kepler-803,1,Transit,2016,50.286382,0.26721,3.79,13.8,543,0,5919,1.12,1.05,,639.771,299.22167,44.6939,
Kepler-804 c,Kepler-804,2,Transit,2016,9.65185,0.08654,1.14,1.55,890,0,5817,1.05,1.01,,649.65,293.37221,44.78518,
Kepler-804 b,Kepler-804,2,Transit,2016,14.374574,0.11287,1.94,4.42,779,0,5817,1.05,1.01,,649.65,293.37221,44.78518,
Kepler-805 b,Kepler-805,1,Transit,2016,30.863893,0.19852,2.89,8.7,743,0,6112,1.65,1.19,,638.49,293.23002,45.05336,
Kepler-806 b,Kepler-806,1,Transit,2016,8.092196,0.07684,1.14,1.55,1089,0,5770,1.16,0.99,,361.896,296.0072,44.85357,
Kepler-808 b,Kepler-808,1,Transit,2016,0.631332,0.01314,1.46,2.73,1322,0,4653,0.71,0.76,,321,291.59415,48.44549,
Kepler-809 b,Kepler-809,1,Transit,2016,55.63934,0.2901,3.01,9.32,478,0,5734,0.98,0.99,,961.405,289.08363,48.01807,
Kepler-81 b,Kepler-81,3,Transit,2012,5.955,0.0522,2.42,17.2,635,0,4385,0.59,0.64,M0 V,348.291,293.63694,42.82483,
Kepler-81 c,Kepler-81,3,Transit,2012,12.04,0.08347,2.37,4.3,502,0,4385,0.59,0.64,M0 V,348.291,293.63694,42.82483,
Kepler-81 d,Kepler-81,3,Transit,2014,20.837846,0.128,1.21,1.92,418,0,4500,0.595,0.648,M0 V,348.291,293.63694,42.82483,
Kepler-810 b,Kepler-810,1,Transit,2016,4.597254,0.055,1.93,4.38,1105,0,5803,1.04,1.03,,1458.59,296.61486,48.08256,
Kepler-811 b,Kepler-811,1,Transit,2016,23.584477,0.15911,2.7,7.75,730,0,5747,1.24,1.01,,985.041,285.42416,47.83456,
Kepler-812 b,Kepler-812,1,Transit,2016,10.117165,0.1024,3.55,12.3,1163,0,6761,1.71,1.45,,1482.74,288.85528,48.20852,
Kepler-813 b,Kepler-813,1,Transit,2016,19.129473,0.1439,2.14,5.22,817,0,5743,0.93,0.95,,840,285.66268,48.43533,
Kepler-814 b,Kepler-814,1,Transit,2016,6.146985,0.0695,2.12,5.14,1164,0,6162,1.22,1.15,,2055.77,284.91053,48.43159,
Kepler-815 b,Kepler-815,1,Transit,2016,8.575036,0.09473,4.11,15.8,1374,0,5028,3.42,1.25,,1259.28,285.22112,47.8813,
Kepler-816 b,Kepler-816,1,Transit,2016,10.506826,0.0895,10.24,74.5,668,0,5286,0.85,0.9,,983.697,293.36282,39.21244,
Kepler-817 b,Kepler-817,1,Transit,2016,3.990106,0.0493,9.03,60.2,1124,0,5861,1.03,1.03,,1484.46,296.08185,39.16161,
Kepler-818 b,Kepler-818,1,Transit,2016,10.035386,0.0886,5.11,22.9,786,0,5638,0.92,0.94,,925.037,296.23511,39.37029,
Kepler-819 b,Kepler-819,1,Transit,2016,33.199565,0.1894,2.76,8.05,485,0,5279,0.81,0.86,,664.306,295.37083,39.17729,
Kepler-82 d,Kepler-82,5,Transit,2014,2.382961,0.034,1.77,885.098,1253,0,5428,0.945,0.946,,904.326,292.87337,42.96616,
Kepler-82 e,Kepler-82,5,Transit,2014,5.902206,0.063,2.47,254.02,926,0,5428,0.945,0.946,,904.326,292.87337,42.96616,
Kepler-82 b,Kepler-82,5,Transit,2012,26.44,0.1683,4.07,12.15,562,0.0033,5401,0.898,0.91,,904.326,292.87337,42.96616,
Kepler-82 c,Kepler-82,5,Transit,2012,51.54,0.2626,5.34,13.9,450,0.007,5401,0.898,0.91,,904.326,292.87337,42.96616,
Kepler-82 f,Kepler-82,5,Transit Timing Variations,2019,75.732,0.3395,4.84,20.9,423.6,0.0014,5401,0.898,0.91,,904.326,292.87337,42.96616,
Kepler-820 b,Kepler-820,1,Transit,2016,127.83381,0.56004,6.09,30.8,554,0,6260,1.36,1.23,,1387.2,291.02015,39.22061,
Kepler-821 b,Kepler-821,1,Transit,2016,1.922799,0.029,1.31,2.27,1215,0,5191,0.8,0.84,,614.571,285.61739,39.37947,
Kepler-822 b,Kepler-822,1,Transit,2016,3.222969,0.04078,1.77,3.78,1239,0,5928,1.08,1.06,,860.391,292.27609,39.55011,
Kepler-823 b,Kepler-823,1,Transit,2016,4.168091,0.0507,1.57,3.09,1277,0,5643,0.96,0.98,,1389.27,284.58257,39.22017,
Kepler-824 b,Kepler-824,1,Transit,2016,4.514366,0.055,1.87,4.16,1231,0,6035,1.22,1.15,,1201.4,290.47741,39.732,
Kepler-825 b,Kepler-825,2,Transit,2016,3.773601,0.0453,1.53,2.96,1270,0,5976,1.08,1.03,,807.85,294.76983,39.39841,
Kepler-825 c,Kepler-825,2,Transit,2016,8.181825,0.0759,1.84,4.04,981,0,5976,1.08,1.03,,807.85,294.76983,39.39841,
Kepler-826 b,Kepler-826,1,Transit,2016,4.487589,0.05202,1.25,2.1,1305,0,6079,1.15,1.05,,779.596,284.86011,39.24051,
Kepler-827 b,Kepler-827,1,Transit,2016,51.929276,0.2742,5.63,27,574,0,5602,0.91,0.93,,2046.68,294.966,42.70856,
Kepler-828 b,Kepler-828,1,Transit,2016,0.567857,0.01228,1.51,2.89,1848,0,5039,0.77,0.81,,575.322,286.88726,42.47123,
Kepler-829 b,Kepler-829,1,Transit,2016,6.883376,0.0678,2.11,5.1,857,0,5698,0.97,0.98,,1073.76,282.33283,42.46381,
Kepler-83 d,Kepler-83,3,Transit,2014,5.169796,0.051,1.94,4.1,569,0,4648,0.594,0.58,M0 V,400.409,282.23252,43.66557,
Kepler-83 b,Kepler-83,3,Transit,2012,9.77,0.07295,2.83,2.94,460,0,4082,0.61,0.66,M0 V,400.409,282.23252,43.66557,
Kepler-83 c,Kepler-83,3,Transit,2012,20.09,0.11796,2.36,2.03,362,0,4082,0.61,0.66,M0 V,400.409,282.23252,43.66557,
Kepler-830 b,Kepler-830,1,Transit,2016,11.296951,0.1033,1.7,3.53,907,0,6037,1.11,1.07,,1122,295.05424,42.75683,
Kepler-831 b,Kepler-831,1,Transit,2016,5.621539,0.05984,1.27,2.15,992,0,5732,0.97,0.99,,593.54,294.98556,42.72774,
Kepler-832 b,Kepler-832,1,Transit,2016,7.139694,0.075,2.06,4.9,965,0,5596,0.9,0.92,,1688.12,295.92611,45.38387,
Kepler-833 b,Kepler-833,1,Transit,2016,18.7547,0.1139,2.02,4.74,382,0,4339,0.62,0.64,,467.37,290.47991,45.60058,
Kepler-834 b,Kepler-834,1,Transit,2016,13.323883,0.0862,2.02,4.74,378,0,4554,0.66,0.7,,633.937,287.05447,45.18034,
Kepler-835 b,Kepler-835,1,Transit,2016,11.419094,0.107,2.79,8.2,921,0,5954,1.11,1.08,,2406.33,283.57422,45.7348,
Kepler-836 b,Kepler-836,1,Transit,2016,11.361123,0.1013,2.73,7.9,869,0,5895,1.04,1.03,,980.035,287.45277,45.7044,
Kepler-837 b,Kepler-837,1,Transit,2016,16.560595,0.1144,2.56,7.08,701,0,5403,0.81,0.85,,901.907,285.24676,45.95011,
Kepler-838 b,Kepler-838,1,Transit,2016,15.74958,0.1266,2.73,7.9,777,0,5770,0.96,0.98,,1104.04,285.43547,45.97596,
Kepler-839 b,Kepler-839,1,Transit,2016,37.814451,0.2316,2.57,7.13,626,0,6058,1.31,1.22,,944.561,291.07468,45.24254,
Kepler-84 d,Kepler-84,5,Transit,2014,4.224537,0.052,1.38,2.48,1254,0,6031,1.169,1.06,,1023.9,298.25202,40.49608,
Kepler-84 b,Kepler-84,5,Transit,2012,8.726,0.0827,2.23,40,985,0,6039,1.43,1,,1023.9,298.25202,40.49608,
Kepler-84 c,Kepler-84,5,Transit,2012,12.883,0.1072,2.36,20.2,865,0,6039,1.43,1,,1023.9,298.25202,40.49608,
Kepler-84 e,Kepler-84,5,Transit,2014,27.434389,0.181,2.6,7.27,672,0,6031,1.169,1.06,,1023.9,298.25202,40.49608,
Kepler-84 f,Kepler-84,5,Transit,2014,44.552169,0.25,2.2,5.48,572,0,6031,1.169,1.06,,1023.9,298.25202,40.49608,
Kepler-841 b,Kepler-841,1,Transit,2016,124.41984,0.479,5.23,23.8,416,0,5324,0.81,0.85,,998.961,284.25136,48.8096,
Kepler-842 b,Kepler-842,1,Transit,2016,1.219568,0.0204,1.6,3.19,1252,0,4848,0.73,0.78,,532.726,292.3286,49.65352,
Kepler-843 b,Kepler-843,1,Transit,2016,2.05388,0.0313,2.59,7.22,1523,0,5830,1.03,1.02,,1165.66,296.32198,48.97144,
Kepler-844 b,Kepler-844,1,Transit,2016,2.613021,0.0298,1.68,3.46,713,0,4128,0.57,0.59,,431.776,287.85785,48.77396,
Kepler-845 b,Kepler-845,1,Transit,2016,0.92786,0.01668,2.04,4.82,1361,0,4913,0.75,0.79,,431.051,290.95764,49.20373,
Kepler-846 b,Kepler-846,1,Transit,2016,19.807922,0.1399,2.48,6.71,624,0,5579,0.91,0.94,,1127.12,287.05707,49.04601,
Kepler-847 b,Kepler-847,1,Transit,2016,2.343232,0.0315,1.18,1.76,1054,0,4940,0.77,0.83,,513.103,283.50481,49.45094,
Kepler-848 b,Kepler-848,1,Transit,2016,6.911344,0.07586,1.7,3.53,1086,0,5695,1.2,1.01,,1378.47,293.28829,48.81161,
Kepler-849 b,Kepler-849,1,Transit,2016,394.62508,1.137,8.082,298.759,362.7,0.078,5950,1.822,1.259,,822.134,290.8518,48.52132,
Kepler-85 b,Kepler-85,4,Transit,2012,8.3,0.07885,1.778,1.84,809,0.02,5505,0.875,0.928,,765.025,290.97344,45.29028,
Kepler-85 c,Kepler-85,4,Transit,2012,12.51,0.10363,1.978,2.15,706,0.027,5505,0.875,0.928,,765.025,290.97344,45.29028,
Kepler-85 d,Kepler-85,4,Transit,2014,17.91323,0.13,1.2,8.697,626,0,5436,0.893,0.947,,765.025,290.97344,45.29028,
Kepler-85 e,Kepler-85,4,Transit,2014,25.216751,0.163,1.27,0.6,559,0,5436,0.893,0.947,,765.025,290.97344,45.29028,
Kepler-850 b,Kepler-850,1,Transit,2016,7.193039,0.0744,1.78,3.82,995,0,5932,1.09,1.06,,1661.28,293.08445,48.57536,
Kepler-851 b,Kepler-851,1,Transit,2016,8.506997,0.0802,1.68,3.46,900,0,5455,0.85,0.89,,839.255,294.68022,49.14011,
Kepler-852 b,Kepler-852,1,Transit,2016,44.93098,0.27967,2.54,6.99,565,0,6100,1.16,1.19,,1619.03,297.39159,48.56069,
Kepler-853 b,Kepler-853,1,Transit,2016,7.168925,0.079,1.69,3.5,1187,0,6350,1.55,1.3,,568.676,283.93678,49.11027,
Kepler-855 b,Kepler-855,1,Transit,2016,7.886631,0.0762,8.35,52.7,996,0,5835,1.03,1.03,,1506.58,295.09496,43.53757,
Kepler-856 b,Kepler-856,1,Transit,2016,8.027681,0.0787,9.3,63.3,824,0,5535,0.93,0.96,,1351.17,289.60384,46.31491,
Kepler-857 b,Kepler-857,1,Transit,2016,85.351294,0.3751,6.8,37.2,390,0,5773,0.99,0.99,,983.502,294.6324,43.40045,
Kepler-858 b,Kepler-858,1,Transit,2016,76.13602,0.33939,4.87,21.1,399,0,5653,0.91,0.96,,298.532,288.84886,51.20904,
Kepler-859 b,Kepler-859,1,Transit,2016,20.381776,0.13157,3.09,9.75,528,0,5020,0.77,0.81,,839.903,286.74183,43.19012,
Kepler-860 b,Kepler-860,1,Transit,2016,5.101379,0.058,3.24,10.6,1050,0,5836,1.06,1.04,,1056.36,295.57727,46.2547,
Kepler-861 b,Kepler-861,1,Transit,2016,3.949631,0.0463,2.28,5.82,966,0,5047,0.78,0.82,,850.327,292.35396,46.22625,
Kepler-862 b,Kepler-862,1,Transit,2016,3.148665,0.039,2.21,5.52,1097,0,5333,0.84,0.88,,1039.03,297.77925,46.49267,
Kepler-863 b,Kepler-863,1,Transit,2016,15.594619,0.122,2.9,8.75,718,0,5678,0.95,0.96,,1499.66,297.66447,43.24899,
Kepler-864 c,Kepler-864,2,Transit,2023,2.421503,0.0382,1.62,3.26,1532,0,6213,1.195,1.27,,2022.9,285.05709,46.32061,
Kepler-864 b,Kepler-864,2,Transit,2016,5.833761,0.0687,2.4,6.35,1143,0,5754,1,1,,2022.9,285.05709,46.32061,
Kepler-865 c,Kepler-865,2,Transit,2023,6.209202,0.061,0.89,0.64,914,0,5440,0.885,0.782,,586.137,297.72423,43.52728,
Kepler-865 b,Kepler-865,2,Transit,2016,14.163993,0.1057,2.49,6.76,694,0,5570,0.92,0.93,,586.137,297.72423,43.52728,
Kepler-866 b,Kepler-866,1,Transit,2016,2.617033,0.0331,1.63,3.29,996,0,4751,0.71,0.75,,646.667,290.12221,43.08541,
Kepler-867 b,Kepler-867,1,Transit,2016,150.242127,0.5375,4.64,19.4,327,0,5541,0.91,0.92,,1195.54,287.28526,51.24995,
Kepler-868 b,Kepler-868,1,Transit,2016,5.032518,0.0575,2.05,4.86,1047,0,5614,0.89,0.93,,1593.13,282.36353,46.67524,
Kepler-869 b,Kepler-869,1,Transit,2016,40.428776,0.2244,3.61,12.7,494,0,5664,0.95,0.97,,939.455,289.4246,50.99412,
Kepler-87 b,Kepler-87,2,Transit,2013,114.73635,0.481,13.49,324.2,478,0.036,5600,1.82,1.1,,1232.9,297.91684,46.96511,
Kepler-87 c,Kepler-87,2,Transit,2013,191.2318,0.676,6.14,6.4,403,0.039,5600,1.82,1.1,,1232.9,297.91684,46.96511,
Kepler-870 b,Kepler-870,1,Transit,2016,21.358762,0.1539,2.78,8.15,691,0,5857,1.02,1.01,,1259.46,295.40256,50.4786,
Kepler-871 b,Kepler-871,1,Transit,2016,22.045902,0.1572,3.74,13.5,640,0,5993,1.14,1.11,,1976.05,294.52706,43.36813,
Kepler-872 b,Kepler-872,1,Transit,2016,2.578855,0.0362,1.99,4.62,1230,0,5902,1.08,1.05,,879.683,295.41747,43.60561,
Kepler-873 b,Kepler-873,1,Transit,2016,20.553384,0.1542,3.75,13.5,749,0,6163,1.27,1.18,,1182.22,296.40313,51.27128,
Kepler-874 b,Kepler-874,1,Transit,2016,40.068673,0.2234,3.94,14.7,560,0,6020,1.13,1.09,,1082.16,294.95685,43.0143,
Kepler-875 b,Kepler-875,1,Transit,2016,27.50738,0.1771,2.9,8.75,569,0,5958,1.11,1.06,,1242.62,297.30125,43.14183,
Kepler-876 b,Kepler-876,1,Transit,2016,5.14438,0.0549,1.43,2.63,923,0,5060,0.77,0.81,,820.913,283.47817,43.38372,
Kepler-877 b,Kepler-877,1,Transit,2016,18.458471,0.1301,2.12,5.14,632,0,5261,0.81,0.85,,602.176,289.8591,46.52274,
Kepler-878 b,Kepler-878,1,Transit,2016,25.942203,0.165,1.93,4.38,501,0,5044,0.77,0.81,,791.625,285.29626,46.60345,
Kepler-879 c,Kepler-879,2,Transit,2024,0.646716,0.014508,0.4,0.036,,,5457,1.022,0.974,G,802.672,295.80655,50.90975,a
Kepler-879 b,Kepler-879,2,Transit,2016,33.385594,0.2012,2.57,7.13,580,0,5792,1.02,1.02,G,802.672,295.80655,50.90975,
Kepler-880 b,Kepler-880,2,Transit,2016,7.71469,0.0915,2.66,7.56,1622,0,6761,1.74,1.46,,601.324,281.97123,43.67278,
Kepler-880 c,Kepler-880,2,Transit,2023,11.806174,0.1216,2.87,8.6,1407,0,6900,2.599,1.714,,601.324,281.97123,43.67278,
Kepler-881 b,Kepler-881,1,Transit,2016,4.44448,0.0552,1.78,3.82,1217,0,5961,1.09,1.06,,1375.18,288.99255,46.67065,
Kepler-882 b,Kepler-882,1,Transit,2016,3.98954,0.04741,1.23,2.04,903,0,5476,0.87,0.9,,504.605,294.65003,43.33561,
Kepler-883 b,Kepler-883,1,Transit,2016,12.984956,0.10288,1.78,3.82,818,0,6116,1.09,1.06,,627.455,286.43373,50.30023,
Kepler-884 b,Kepler-884,1,Transit,2016,5.699195,0.06116,1.23,2.04,964,0,5715,0.94,1,,476.733,292.58443,49.9232,
Kepler-885 b,Kepler-885,1,Transit,2016,18.114729,0.14403,2.5,6.8,830,0,6187,1.35,1.21,,651.318,288.66157,49.73715,
Kepler-886 b,Kepler-886,1,Transit,2016,6.241464,0.06428,1.52,2.92,1111,0,6098,1.16,1.1,,711.297,286.27172,43.5952,
Kepler-887 c,Kepler-887,2,Transit,2016,7.63846,0.0801,1.13,1.51,1089,0,6194,1.29,1.19,,886.588,290.09079,39.81691,
Kepler-887 b,Kepler-887,2,Transit,2016,20.422288,0.15431,1.84,4.04,785,0,6194,1.29,1.19,,886.588,290.09079,39.81691,
Kepler-888 b,Kepler-888,1,Transit,2016,70.697906,0.31481,1.76,3.75,417,0,5875,0.9,0.97,,420.817,295.52129,49.73868,
Kepler-889 b,Kepler-889,1,Transit,2016,3.744439,0.04975,1.09,1.32,1328,0,5961,1.25,1.14,,598.313,291.46745,50.75956,
Kepler-890 b,Kepler-890,1,Transit,2016,52.758756,0.2944,8.89,58.6,540,0,5954,1.13,1.09,,1712.12,288.43572,43.76347,
Kepler-891 b,Kepler-891,1,Transit,2016,53.449456,0.2881,6.41,33.6,486,0,5887,1.07,1.06,,2340.58,291.08376,40.35523,
Kepler-892 b,Kepler-892,1,Transit,2016,13.752107,0.1015,2.81,8.3,556,0,4747,0.72,0.75,,570.727,283.12964,43.8881,
Kepler-893 b,Kepler-893,1,Transit,2016,6.338558,0.0699,3.03,9.43,1034,0,5820,0.99,1,,1285.59,284.96306,43.91303,
Kepler-894 b,Kepler-894,1,Transit,2016,9.803224,0.0916,2.78,8.15,896,0,5603,0.85,0.87,,1162.91,288.73405,46.93936,
Kepler-895 b,Kepler-895,1,Transit,2016,2.806242,0.0328,1.54,2.99,771,0,4315,0.61,0.65,,540.134,289.2907,51.40899,
Kepler-896 c,Kepler-896,2,Transit,2023,29.542257,0.1792,3.15,10.1,515,0,5510,0.803,0.877,,2334.93,282.43914,43.73443,
Kepler-896 b,Kepler-896,2,Transit,2016,144.547396,0.56378,2.53,6.94,303,0,5262,0.81,0.84,,2334.93,282.43914,43.73443,
Kepler-897 b,Kepler-897,1,Transit,2016,8.047264,0.077,2.39,6.3,855,0,5839,1.04,1.03,,1519.25,290.5868,51.69577,
Kepler-898 b,Kepler-898,1,Transit,2016,5.870619,0.0545,1.49,2.83,616,0,4223,0.62,0.65,,484.891,286.58541,46.87089,
Kepler-899 b,Kepler-899,1,Transit,2016,19.178913,0.1392,2.68,7.65,640,0,5595,0.91,0.93,,1246.43,297.48256,40.68074,
Kepler-9 d,Kepler-9,3,Transit,2010,1.592851,0.0273,1.64,8.415,2026,0,5777,1.02,1.07,,628.257,285.57399,38.40082,
Kepler-9 b,Kepler-9,3,Transit,2010,19.23891,0.143,8.29,43.4,661,0.0609,5774,0.958,1.022,,628.257,285.57399,38.40082,
Kepler-9 c,Kepler-9,3,Transit,2010,38.9853,0.227,8.08,29.9,523,0.0669,5774,0.958,1.022,,628.257,285.57399,38.40082,
Kepler-900 b,Kepler-900,1,Transit,2016,6.991309,0.0679,2.08,4.98,716,0,4836,0.73,0.78,,487.525,296.17727,46.99896,
Kepler-901 b,Kepler-901,1,Transit,2016,3.517494,0.0378,1.37,2.45,704,0,4184,0.57,0.59,,253.867,291.15281,40.88768,
Kepler-902 b,Kepler-902,1,Transit,2016,40.109955,0.223,2.54,6.99,556,0,5647,0.93,0.95,,1165.34,289.73171,46.95387,
Kepler-903 b,Kepler-903,2,Transit,2016,10.350772,0.09081,2.01,4.7,842,0,5682,0.97,0.98,,1369.24,288.77101,40.66418,
Kepler-903 c,Kepler-903,2,Transit,2016,62.922856,0.30249,2.53,6.94,462,0,5682,0.97,0.98,,1369.24,288.77101,40.66418,
Kepler-904 b,Kepler-904,1,Transit,2016,3.021669,0.0417,1.77,3.78,1332,0,6160,1.25,1.16,,978.125,288.8229,40.38901,
Kepler-905 b,Kepler-905,1,Transit,2016,5.082747,0.05689,1.41,2.57,928,0,5461,0.86,0.95,,529.268,290.05115,46.71341,
Kepler-906 b,Kepler-906,1,Transit,2016,41.697998,0.22363,2.11,5.1,537,0,6035,1.02,1.06,,757.791,291.40556,40.12543,
Kepler-907 b,Kepler-907,1,Transit,2016,15.866218,0.1225,1.2,1.87,879,0,6106,1.38,1.08,,352,285.4765,41.63266,
Kepler-908 b,Kepler-908,1,Transit,2016,1.340597,0.02526,1.22,1.98,1783,0,5973,1.12,1.11,,290.843,295.32254,39.37646,
Kepler-909 b,Kepler-909,1,Transit,2016,13.932903,0.11873,1.47,2.76,852,0,6154,1.23,1.17,,309.596,289.50638,45.37097,
Kepler-91 b,Kepler-91,1,Transit,2013,6.24658,0.0731,15.323,257.442,2040,0.0519,4550,6.3,1.31,K3,1294.69,285.6729,44.11675,
Kepler-910 b,Kepler-910,1,Transit,2016,2.364369,0.03752,0.82,0.477,1752,0,6230,1.5,1.26,,400.289,296.04729,42.74294,
Kepler-911 b,Kepler-911,1,Transit,2016,20.310501,0.15594,2.6,7.27,931,0,6112,1.99,1.34,,556.168,298.58919,40.75069,
Kepler-912 b,Kepler-912,1,Transit,2016,2.534756,0.0339,2.8,8.25,1218,0,5998,1.11,1.07,,2004.72,298.11118,41.75832,
Kepler-913 c,Kepler-913,2,Transit,2021,5.93912,0.0699,3.858,14.2,1357,0,6068,1.797,1.294,,991.618,297.58306,41.95235,
Kepler-913 b,Kepler-913,2,Transit,2016,10.296725,0.1009,2.06,4.9,1129,0,4687,0.61,0.63,,991.618,297.58306,41.95235,
Kepler-914 b,Kepler-914,1,Transit,2016,4.409665,0.05454,1.38,2.48,1192,0,5877,1.15,1.1,,753.723,290.41208,44.89932,
Kepler-915 b,Kepler-915,1,Transit,2016,4.594896,0.05655,1.5,2.86,1319,0,6173,1.38,1.21,,849.036,290.59213,45.73722,
Kepler-916 b,Kepler-916,1,Transit,2016,32.29688,0.1885,1.76,3.75,503,0,5248,0.81,0.85,,830.712,290.98338,45.97333,
Kepler-917 b,Kepler-917,1,Transit,2016,2.970414,0.0378,1.91,4.31,991,0,5418,0.76,0.8,,3460.51,299.05126,47.94927,
Kepler-918 b,Kepler-918,1,Transit,2016,4.853869,0.0569,1.74,3.68,1052,0,6028,1.14,1.11,,1025.03,298.20073,48.26779,
Kepler-919 b,Kepler-919,1,Transit,2016,11.046034,0.0981,2.25,5.69,869,0,6113,1.21,1.15,,1119.87,298.11479,48.49438,
Kepler-92 b,Kepler-92,3,Transit,2013,13.749,0.12232,3.51,64.3,975,0.17,5883,1.7,1.21,,477.992,289.08606,41.56302,
Kepler-92 c,Kepler-92,3,Transit,2013,26.723,0.19054,2.6,6.1,781,0.04,5883,1.7,1.21,,477.992,289.08606,41.56302,
Kepler-92 d,Kepler-92,3,Transit,2015,49.3568,0.28682,2.067,11.867,637,0.07,5904,1.8172,1.07,,477.992,289.08606,41.56302,
Kepler-920 b,Kepler-920,2,Transit,2016,6.531927,0.065,2.42,6.44,907,0,5403,0.85,0.89,,1001.68,284.29694,49.1586,
Kepler-920 c,Kepler-920,2,Transit,2016,100.827411,0.4029,3.8,13.8,364,0,5403,0.85,0.89,,1001.68,284.29694,49.1586,
Kepler-921 b,Kepler-921,1,Transit,2016,51.300634,0.2716,2.87,8.6,492,0,5663,0.91,0.93,,934.49,284.61623,49.19074,
Kepler-922 b,Kepler-922,1,Transit,2016,0.938467,0.01795,1.42,2.6,1876,0,5671,0.93,0.95,,536.323,284.73161,49.53315,
Kepler-923 b,Kepler-923,1,Transit,2016,6.933665,0.07592,1.38,2.48,1104,0,5988,1.26,1.11,,1000.28,294.17108,40.05514,
Kepler-924 b,Kepler-924,1,Transit,2016,61.037012,0.31318,3.07,9.64,610,0,6167,1.23,1.14,,1053.04,290.66851,40.39771,
Kepler-925 b,Kepler-925,1,Transit,2016,33.867853,0.1805,2.34,6.08,394,0,4673,0.72,0.77,,611.115,290.10656,40.49062,
Kepler-926 b,Kepler-926,1,Transit,2016,52.06886,0.2739,2.31,5.95,524,0,5806,1.01,1.01,,921.361,289.67934,40.70043,
Kepler-927 b,Kepler-927,1,Transit,2016,9.11499,0.0866,1.72,3.61,906,0,5743,0.99,0.99,,831.685,289.38348,41.39267,
Kepler-928 b,Kepler-928,1,Transit,2016,3.932461,0.0444,1.59,3.15,894,0,4700,0.7,0.73,,508.809,289.92068,41.54278,
Kepler-929 b,Kepler-929,1,Transit,2016,0.921032,0.01982,1.11,1.41,2362,0,5869,1.02,1.01,,1311.23,298.4811,41.61526,
Kepler-93 b,Kepler-93,2,Transit,2014,4.72674,0.05343,1.478,4.66,1133,0,5669,0.919,0.911,,95.9115,291.41813,38.67231,
Kepler-93 c,Kepler-93,2,Radial Velocity,2014,1460,2.440744,,954,,,5669,0.92,0.91,,95.9115,291.41813,38.67231,a
Kepler-930 b,Kepler-930,1,Transit,2016,71.451778,0.34593,2.13,5.18,561,0,6335,1.4,1.25,,848.396,298.31445,42.24737,
Kepler-931 b,Kepler-931,1,Transit,2016,8.037559,0.0719,1.33,2.33,744,0,5241,0.81,0.86,,490,297.13269,42.76829,
Kepler-932 b,Kepler-932,1,Transit,2016,1.921437,0.02876,1.37,2.45,1276,0,5331,0.84,0.87,,465.612,296.95208,43.27202,
Kepler-933 b,Kepler-933,1,Transit,2016,14.20443,0.1041,2.46,6.62,602,0,5346,0.84,0.87,,1017.2,289.56853,43.53854,
Kepler-934 b,Kepler-934,1,Transit,2016,55.673831,0.2658,2.09,5.02,384,0,5001,0.77,0.81,,608.738,290.28845,43.75526,
Kepler-935 b,Kepler-935,1,Transit,2016,4.880839,0.0527,1.35,2.39,879,0,4830,0.73,0.78,,471.782,295.02172,46.6192,
Kepler-936 b,Kepler-936,1,Transit,2016,10.561342,0.0954,1.45,2.7,867,0,5482,0.89,0.92,,823.399,293.5778,46.7363,
Kepler-937 b,Kepler-937,2,Transit,2016,67.668827,0.3214,3.72,13.4,495,0,6095,1.22,1.15,,1571.46,294.16881,46.71462,
Kepler-937 c,Kepler-937,2,Transit,2016,153.343364,0.5545,2.67,7.61,377,0,6095,1.22,1.15,,1571.46,294.16881,46.71462,
Kepler-938 b,Kepler-938,1,Transit,2016,52.629842,0.2689,2.22,5.56,544,0,5533,0.89,0.92,,1182.05,294.78906,46.98394,
Kepler-939 b,Kepler-939,1,Transit,2016,14.878296,0.1153,1.75,3.71,692,0,5471,0.85,0.88,,2093.62,293.86562,47.02681,
Kepler-94 b,Kepler-94,2,Transit,2014,2.50806,0.03377,3.51,10.84,997,0,4781,0.76,0.81,M0 V,191.904,281.19473,47.49726,
Kepler-94 c,Kepler-94,2,Radial Velocity,2014,820.3,1.596807,12.5,3126,159.1,0.3459,4781,0.76,0.81,M0 V,191.904,281.19473,47.49726,
Kepler-940 b,Kepler-940,1,Transit,2016,59.622526,0.3059,3.34,11.1,486,0,5769,0.96,0.97,,1260.78,294.24131,47.27596,
Kepler-941 b,Kepler-941,1,Transit,2016,17.423952,0.1311,3.08,9.69,722,0,5539,0.86,0.89,,1088.36,294.32626,47.21755,
Kepler-942 b,Kepler-942,1,Transit,2016,44.964175,0.22737,2.13,5.18,379,0,4861,0.75,0.81,,216.354,294.95508,44.14995,
Kepler-943 b,Kepler-943,1,Transit,2016,49.770144,0.2559,5.93,29.5,455,0,5612,0.91,0.93,,2300.53,284.27393,41.53498,
Kepler-944 b,Kepler-944,1,Transit,2016,43.316774,0.2288,2.63,7.41,459,0,5409,0.83,0.86,,1349.43,293.60129,42.37979,
Kepler-945 b,Kepler-945,1,Transit,2016,31.003381,0.2037,2.63,7.41,616,0,5718,0.97,0.97,,1651.25,291.26974,42.09603,
Kepler-946 b,Kepler-946,1,Transit,2016,11.791626,0.1002,1.93,4.38,857,0,5665,0.93,0.94,,1137.29,300.92956,44.02867,
Kepler-947 b,Kepler-947,1,Transit,2016,26.964432,0.1773,2.28,5.82,573,0,5508,0.87,0.9,,1730.78,294.36673,42.25264,
Kepler-948 b,Kepler-948,1,Transit,2016,7.768466,0.0749,1.85,4.08,841,0,5679,0.94,0.96,,868.017,293.30028,41.52332,
Kepler-949 b,Kepler-949,2,Transit,2016,8.689307,0.07739,2.91,8.8,782,0,5403,0.86,0.89,,486.105,298.60791,46.45366,
Kepler-949 c,Kepler-949,2,Transit,2023,20.99758,0.1394,2.97,9.11,582,0,5211,0.895,0.817,,486.105,298.60791,46.45366,
Kepler-95 b,Kepler-95,1,Transit,2014,11.5231,0.10232,3.42,13,927,0,5699,1.41,1.08,,445.656,284.48243,44.39789,
Kepler-950 b,Kepler-950,1,Transit,2016,98.718041,0.3982,8.98,59.6,360,0,5857,1.02,1.02,,2161.6,287.95658,41.13028,
Kepler-951 b,Kepler-951,1,Transit,2016,71.525308,0.3091,5.59,26.7,340,0,4834,0.73,0.77,,382.509,287.73758,38.11465,
Kepler-952 b,Kepler-952,1,Transit,2016,130.354692,0.5183,7.65,45.4,369,0,5730,0.99,1,,1304.25,285.37188,41.99387,
Kepler-953 c,Kepler-953,2,Transit,2016,9.109671,0.0862,1.19,1.81,873,0,5416,0.99,0.95,,258.893,288.97163,44.62465,
Kepler-953 b,Kepler-953,2,Transit,2016,88.406553,0.392,4.21,16.5,410,0,5416,0.99,0.95,,258.893,288.97163,44.62465,
Kepler-954 b,Kepler-954,1,Transit,2016,16.781766,0.1202,2.32,5.99,545,0,4990,0.76,0.82,,215.814,295.85943,47.9396,
Kepler-955 b,Kepler-955,1,Transit,2016,14.532442,0.1083,3.13,9.96,664,0,5350,0.84,0.89,,550.383,288.4715,40.26982,
Kepler-956 b,Kepler-956,1,Transit,2016,5.248673,0.06017,3,9.27,1056,0,6040,1.15,1.1,,544.939,292.53083,49.06166,
Kepler-957 b,Kepler-957,1,Transit,2016,5.907414,0.0559,5.5,25.9,769,0,4963,0.75,0.81,,824.688,290.15636,48.81897,
Kepler-958 b,Kepler-958,1,Transit,2016,9.767881,0.08631,2.06,4.9,749,0,5421,0.86,0.91,,449.773,287.25666,46.06672,
Kepler-959 b,Kepler-959,1,Transit,2016,14.800748,0.1633,4.38,17.6,1912,0,7005,2.01,1.6,,807.729,292.17118,40.81138,
Kepler-96 b,Kepler-96,1,Transit,2014,16.2385,0.1261,2.67,8.46,711,0,5690,1.02,1,,122.881,297.06983,40.5252,
Kepler-960 b,Kepler-960,1,Transit,2016,3.126862,0.03807,2.29,5.86,1391,0,4755,0.72,0.77,,284.916,281.45722,46.74655,
Kepler-961 b,Kepler-961,1,Transit,2016,16.877274,0.12585,2.55,7.04,642,0,5582,0.9,0.96,,574.314,282.03549,43.63125,
Kepler-962 b,Kepler-962,1,Transit,2016,12.057072,0.09874,1.97,4.54,689,0,5478,0.86,0.93,,411.486,295.31319,46.2375,
Kepler-963 c,Kepler-963,2,Transit,2024,0.919783,0.017332,0.6,0.156,,,5169,0.928,0.821,G,771.494,296.75297,45.0411,a
Kepler-963 b,Kepler-963,2,Transit,2016,9.976837,0.0849,2.66,7.56,802,0,5461,0.87,0.91,G,771.494,296.75297,45.0411,
Kepler-964 b,Kepler-964,1,Transit,2016,13.522511,0.1073,2.12,5.14,652,0,5427,0.84,0.93,,454.626,295.30007,40.55658,
Kepler-965 b,Kepler-965,1,Transit,2016,134.25273,0.50998,3.38,11.4,393,0,5886,1.15,1.05,,582.828,298.51532,41.89123,
Kepler-966 b,Kepler-966,1,Transit,2016,99.747622,0.3907,4.13,16,391,0,5840,1.02,1.02,,1027.8,297.27058,50.12184,
Kepler-967 b,Kepler-967,2,Transit,2016,13.227134,0.1027,2.35,6.12,638,0,5178,0.8,0.84,,568.546,286.55801,38.40524,
Kepler-967 c,Kepler-967,2,Transit,2016,198.71125,0.6253,3.65,12.9,258,0,5178,0.8,0.84,,568.546,286.55801,38.40524,
Kepler-968 b,Kepler-968,3,Transit,2016,3.692984,0.0389,2,4.66,745,0,4598,0.7,0.76,,290.324,285.60259,50.11204,
Kepler-968 c,Kepler-968,3,Transit,2016,5.709405,0.052,1.69,3.5,644,0,4598,0.7,0.76,,290.324,285.60259,50.11204,
KOI-1833 d,Kepler-968,3,Transit,2021,7.685,0.0634,2.58,11.02,613,0,4413,0.667,0.681,,290.324,285.60259,50.11204,
Kepler-969 c,Kepler-969,2,Transit,2016,1.682935,0.0265,0.99,0.937,1270,0,5214,0.82,0.92,,390.354,288.3725,47.93356,
Kepler-969 b,Kepler-969,2,Transit,2016,34.173171,0.19726,2.07,4.94,465,0,5214,0.82,0.92,,390.354,288.3725,47.93356,
Kepler-97 b,Kepler-97,2,Transit,2014,2.58664,0.03563,1.48,3.51,1328,0,5779,0.98,0.94,,400.907,287.32653,48.67334,
Kepler-97 c,Kepler-97,2,Radial Velocity,2014,789,1.636944,,344,,,5779,0.98,0.94,,400.907,287.32653,48.67334,a
Kepler-970 b,Kepler-970,1,Transit,2016,16.736525,0.139,2.609,7.31,464,0.34,4290,0.71,0.67,,331.545,289.62522,40.70874,
Kepler-971 b,Kepler-971,1,Transit,2016,9.590707,0.08679,2.13,5.18,1087,0,5431,0.85,0.88,,338.522,284.09457,41.18281,
Kepler-972 b,Kepler-972,1,Transit,2016,7.039326,0.0734,4.65,19.5,1060,0,6146,1.22,1.15,,1198.03,295.82868,43.42544,
Kepler-973 b,Kepler-973,1,Transit,2016,49.607733,0.2489,1.96,4.5,402,0,5213,0.78,0.86,,328.52,290.16532,49.92381,
KOI-1843.03,Kepler-974,2,Transit,2013,0.176891,0.005,0.61,8,1654,,3584,0.45,0.46,,134.311,285.01311,40.22095,
Kepler-974 b,Kepler-974,2,Transit,2016,4.194497,0.0419,1.57,3.09,577,0,3687,0.5,0.52,,134.311,285.01311,40.22095,
Kepler-975 b,Kepler-975,2,Transit,2016,1.970342,0.02898,1.48,2.79,1599,0,4897,0.75,0.8,,426.088,290.54851,38.49524,
Kepler-975 c,Kepler-975,2,Transit,2023,5.058213,0.0567,10.69,80.2,1168,0,4883,1.667,0.951,,426.088,290.54851,38.49524,
Kepler-976 b,Kepler-976,1,Transit,2016,105.956415,0.4217,3.96,14.9,324,0,5232,0.83,0.87,,1012.41,289.86962,46.72969,
Kepler-977 b,Kepler-977,1,Transit,2016,26.853283,0.162,2.62,7.37,544,0,5315,0.83,0.87,,568.751,291.5162,42.24807,
Kepler-978 b,Kepler-978,1,Transit,2016,49.622151,0.2726,2.99,9.22,546,0,6002,1.09,1.07,,682.522,286.71072,43.04336,
Kepler-979 b,Kepler-979,1,Transit,2016,8.088014,0.0753,2.72,7.85,792,0,5310,0.83,0.87,,576.503,300.3712,46.40819,
Kepler-98 b,Kepler-98,1,Transit,2014,1.54168,0.02614,1.99,3.55,1592,0,5539,1.11,0.99,,350.315,285.66169,37.96457,
Kepler-980 b,Kepler-980,1,Transit,2016,11.551025,0.09993,2.67,7.61,845,0,5935,1.06,1.05,,961.468,294.61299,45.06017,
Kepler-981 b,Kepler-981,1,Transit,2016,4.469758,0.0535,2.31,5.95,1103,0,5718,0.96,0.98,,878.082,289.24891,47.65011,
Kepler-982 b,Kepler-982,1,Transit,2016,15.773822,0.1277,2.25,5.69,955,0,6139,1.29,1.16,,801.479,288.41768,46.59045,
Kepler-983 b,Kepler-983,1,Transit,2016,60.085508,0.3148,2.36,6.17,485,0,6052,1.08,1.13,,714.437,285.10422,45.00807,
Kepler-984 b,Kepler-984,1,Transit,2016,43.034227,0.23688,2.12,5.14,484,0,5610,0.93,0.96,,460.188,296.95886,46.39407,
Kepler-985 b,Kepler-985,1,Transit,2016,116.331901,0.44664,2.98,9.17,323,0,5434,0.85,0.91,,679.361,290.14434,44.04988,
Kepler-986 b,Kepler-986,1,Transit,2016,56.434994,0.29131,2.36,6.17,465,0,5642,0.98,0.96,,548.364,293.09404,42.89645,
Kepler-987 b,Kepler-987,1,Transit,2016,105.303315,0.4238,3.26,10.7,351,0,5637,0.91,0.97,,914.126,289.41106,46.13084,
Kepler-988 b,Kepler-988,1,Transit,2016,17.760801,0.1085,2.07,4.94,368,0,4005,0.53,0.55,,304.889,290.70826,42.23722,
Kepler-989 b,Kepler-989,1,Transit,2016,7.964315,0.0734,2.21,5.52,805,0,5074,0.78,0.82,,491.978,281.5828,47.23347,
Kepler-99 b,Kepler-99,1,Transit,2014,4.60358,0.05071,1.48,6.15,810,0,4782,0.73,0.79,,208.369,297.354,41.30005,
Kepler-990 c,Kepler-990,2,Transit,2016,0.538354,0.01232,1.53,2.96,2386,0,5948,1.08,1.05,,802.163,297.93818,46.88132,
Kepler-990 b,Kepler-990,2,Transit,2016,9.917234,0.08595,2.6,7.27,903,0,5948,1.08,1.05,,802.163,297.93818,46.88132,
Kepler-991 b,Kepler-991,1,Transit,2016,82.534252,0.3104,2.54,6.99,260,0,4392,0.61,0.64,,389.561,297.09055,49.62649,
Kepler-992 b,Kepler-992,1,Transit,2016,20.160345,0.13372,1.62,3.26,510,0,4944,0.74,0.8,,259.639,284.43041,47.64166,
Kepler-993 b,Kepler-993,1,Transit,2016,22.085576,0.13,2.97,9.11,352,0,3843,0.54,0.57,,324.423,292.61411,44.39466,
Kepler-994 b,Kepler-994,1,Transit,2016,1.151167,0.0177,1.6,3.19,957,0,3934,0.54,0.56,,188.158,289.07208,47.40692,
Kepler-995 b,Kepler-995,1,Transit,2016,28.267317,0.1701,2.7,7.75,517,0,5206,0.8,0.83,,609.638,284.61572,39.131,
Kepler-996 b,Kepler-996,1,Transit,2016,3.770591,0.0474,1.98,4.58,1272,0,6014,1.14,1.09,,1216.58,291.91276,41.53359,
Kepler-997 b,Kepler-997,1,Transit,2016,2.707307,0.04022,1.36,2.42,1709,0,6150,1.56,1.22,,467.568,289.23338,49.9389,
Kepler-998 b,Kepler-998,1,Transit,2016,5.653777,0.0626,2.32,5.99,1020,0,6058,1.18,1.12,,986.364,296.75416,49.20871,
Kepler-999 b,Kepler-999,1,Transit,2016,5.991857,0.06918,2.34,6.08,1355,0,6237,1.65,1.29,,545.063,299.66049,46.19847,
L 168-9 b,L 168-9,1,Transit,2020,1.401526,0.0208,1.63,4.07,998,0,3842,0.604,0.614,M0.5 V,25.1496,350.02859,-60.06573,
L 363-38 b,L 363-38,1,Radial Velocity,2023,8.781,0.048,2,4.67,330,,3129,0.274,0.21,,10.2295,10.85554,-41.29529,
L 98-59 b,L 98-59,5,Transit,2019,2.253114,0.0223,0.837,0.46,620,0.031,3415,0.3155,0.2923,M3 V,10.6194,124.53286,-68.31447,
L 98-59 c,L 98-59,5,Transit,2019,3.690676,0.0309,1.329,2,526,0.002,3415,0.3155,0.2923,M3 V,10.6194,124.53286,-68.31447,
L 98-59 d,L 98-59,5,Transit,2019,7.450729,0.0494,1.627,1.64,416,0.006,3415,0.3155,0.2923,M3 V,10.6194,124.53286,-68.31447,
L 98-59 e,L 98-59,5,Radial Velocity,2021,12.8278,0.0712,1.49,2.82,347,0.012,3415,0.3155,0.2923,M3 V,10.6194,124.53286,-68.31447,
L 98-59 f,L 98-59,5,Radial Velocity,2025,23.064,0.1052,1.48,2.8,285,0.044,3415,0.3155,0.2923,M3 V,10.6194,124.53286,-68.31447,
LHS 1140 c,LHS 1140,2,Transit,2018,3.77794,0.027,1.272,1.91,422,0.05,3096,0.2159,0.1844,M4.5 V,14.9861,11.24863,-15.27411,
LHS 1140 b,LHS 1140,2,Transit,2017,24.73723,0.0946,1.73,5.6,226,0.043,3096,0.2159,0.1844,M4.5 V,14.9861,11.24863,-15.27411,
LHS 1478 b,LHS 1478,1,Transit,2021,1.949538,0.01848,1.242,2.33,595,,3381,0.246,0.236,m3 V,18.2276,44.33887,76.5514,
LHS 1678 b,LHS 1678,3,Transit,2021,0.860232,0.01239,0.685,0.35,830.4,0.033,3490,0.329,0.345,M2.0 V,19.8782,68.17899,-39.79087,
LHS 1678 c,LHS 1678,3,Transit,2021,3.694284,0.0327,0.941,1.4,510.9,0.039,3490,0.329,0.345,M2.0 V,19.8782,68.17899,-39.79087,
LHS 1678 d,LHS 1678,3,Transit,2024,4.965223,0.04,0.981,0.907,462.9,0.036,3490,0.329,0.345,M2.0 V,19.8782,68.17899,-39.79087,
LHS 1815 b,LHS 1815,1,Transit,2020,3.814334,0.0404,1.088,1.58,617,0,3643,0.501,0.502,M1,29.8424,91.08999,-55.31154,
LHS 1903 b,LHS 1903,4,Transit,2026,2.15551,0.02656,1.382,3.28,796,0.015,3664,0.539,0.538,M,35.6917,107.86583,48.32793,
LHS 1903 c,LHS 1903,4,Transit,2026,6.226185,0.05387,2.046,4.55,559,0.089,3664,0.539,0.538,M,35.6917,107.86583,48.32793,
LHS 1903 d,LHS 1903,4,Transit,2026,12.566287,0.08604,2.5,5.96,442,0.112,3664,0.539,0.538,M,35.6917,107.86583,48.32793,
LHS 1903 e,LHS 1903,4,Transit,2026,29.31773,0.15135,1.732,5.79,333,0.014,3664,0.539,0.538,M,35.6917,107.86583,48.32793,
LHS 3154 b,LHS 3154,1,Radial Velocity,2023,3.71778,0.02262,3.69,13.15,343.8,0.076,2861,0.1405,0.1118,M6.5,15.7606,241.63673,40.90682,
LHS 3844 b,LHS 3844,1,Transit,2019,0.46293,0.00624,1.286,2.37,816,0,3080,0.189,0.151,M4.5-M5.0,14.8846,340.4962,-69.17211,
LHS 475 b,LHS 475,1,Transit,2023,2.029088,0.02037,0.991,0.941,586,0,3300,0.2789,0.262,M3.5 V,12.4814,290.23794,-82.55979,
LP 261-75 b,LP 261-75 A,1,Imaging,2006,7433573.755974,450,12.1,6674.397,1500,,3138,0.308,0.22,M4.5 V,33.928,147.76853,35.96856,p
LP 714-47 b,LP 714-47,1,Transit,2020,4.052037,0.0417,4.7,30.8,700,0.04,3950,0.584,0.59,M0.0 V,52.616,64.19022,-12.08486,
LP 791-18 b,LP 791-18,3,Transit,2019,0.947998,0.00978,1.212,1.94,564.3,0,2960,0.182,0.139,M(6.1 +/- 0.7) V,26.4927,165.69048,-16.40644,
LP 791-18 d,LP 791-18,3,Transit,2023,2.75485,0.01992,1.032,0.91,395.5,0.0011,2960,0.182,0.139,M(6.1 +/- 0.7) V,26.4927,165.69048,-16.40644,
LP 791-18 c,LP 791-18,3,Transit,2019,4.98991,0.02961,2.488,7.16,324.4,0.0001,2960,0.182,0.139,M(6.1 +/- 0.7) V,26.4927,165.69048,-16.40644,
LP 890-9 b,LP 890-9,2,Transit,2022,2.729903,0.01875,1.32,13.2,396,,2850,0.1556,0.118,M6 V,32.4298,64.13091,-28.31579,
LP 890-9 c,LP 890-9,2,Transit,2022,8.457463,0.03984,1.367,25.3,272,,2850,0.1556,0.118,M6 V,32.4298,64.13091,-28.31579,
LSPM J2116+0234 b,LSPM J2116+0234,1,Radial Velocity,2019,14.4399,0.0876,3.71,13.3,371.7,0.183,3475,0.431,0.43,M3.0 V,17.6297,319.11475,2.58077,
LTT 1445 A c,LTT 1445 A,2,Transit,2022,3.123903,0.02661,1.147,1.54,508,0.223,3340,0.265,0.257,M3.0,6.8693,45.46248,-16.5945,
LTT 1445 A b,LTT 1445 A,2,Transit,2019,5.358764,0.0381,1.34,2.73,431,0.18,3562,0.271,0.257,M3.0,6.8693,45.46248,-16.5945,
LTT 3780 b,LTT 3780,2,Transit,2020,0.768379,0.01195,1.325,2.46,903,0,3358,0.38,0.381,M3.5 V,21.9814,154.6449,-11.7178,
LTT 3780 c,LTT 3780,2,Transit,2020,12.252284,0.0757,2.39,8.04,359,0.024,3358,0.38,0.381,M3.5 V,21.9814,154.6449,-11.7178,
LTT 9779 b,LTT 9779,1,Transit,2020,0.792052,0.01679,4.72,29.32,1978,0,5443,0.949,1.02,G7 V,80.4373,358.66888,-37.62822,
LkCa 15 b,LkCa 15,2,Imaging,2015,,14.7,,,66.9,,4194,1.6071,,,158.152,69.82418,22.35087,
LkCa 15 c,LkCa 15,2,Imaging,2015,,18.6,,,59.5,,4194,1.6071,,,158.152,69.82418,22.35087,
Luhman 16 b,Luhman 16 A,1,Imaging,2017,9697,3.52,11.9,9344.155,,0.344,,,0.0338,,,162.32826,-53.31937,
Lupus-TR-3 b,Lupus-TR-3,1,Transit,2007,3.91405,0.0464,9.976,257.431,1013.6,0,5000,0.82,0.87,,773.409,232.57747,-42.97995,
M62H b,M62H,1,Pulsar Timing,2024,0.132935,0.005703,,785.036,,,,,1.4,,,255.30745,-30.10698,a
MASCARA-1 b,MASCARA-1,1,Transit,2017,2.148774,0.040352,17.901,1175.971,2594.3,0.0003,7490,2.082,1.9,A8,182.273,317.55153,10.7389,
MASCARA-4 b,MASCARA-4,1,Transit,2020,2.824093,0.0474,16.982,532.363,2250,0,7800,1.79,1.75,A7 V,170.696,147.58007,-66.11393,
MOA-2007-BLG-192L b,MOA-2007-BLG-192L,1,Microlensing,2008,1981.701614,2.02,3.58,12.49,,,,,0.28,,2160,272.01583,-27.15008,p
MOA-2007-BLG-400L b,MOA-2007-BLG-400L,1,Microlensing,2008,6301.496461,5.9,13.5,540.308,34,,,,0.69,,6890,272.42492,-29.22415,p
MOA-2008-BLG-310L b,MOA-2008-BLG-310L,1,Microlensing,2009,919.537839,1.1,5.18,23.4,,,,,0.21,,7700,268.56054,-34.77805,p
MOA-2008-BLG-379L b,MOA-2008-BLG-379L,1,Microlensing,2013,2165.418572,2.7,13,1300,,,,,0.56,K,3300,269.706,-30.19693,p
MOA-2009-BLG-266L b,MOA-2009-BLG-266L,1,Microlensing,2011,2800,3.2,3.21,10.4,,,,,0.56,,3040,267.00813,-35.00541,
MOA-2009-BLG-319L b,MOA-2009-BLG-319L,1,Microlensing,2010,1459.380833,2.03,9.64,67.3,,,,,0.524,,7050,271.74221,-26.81969,p
MOA-2009-BLG-387L b,MOA-2009-BLG-387L,1,Microlensing,2010,1980,1.8,13.2,830,,,,,0.19,,5690,268.46163,-33.99033,
MOA-2010-BLG-073L b,MOA-2010-BLG-073L,1,Microlensing,2012,1215.369375,1.21,12.4,3500,,,,,0.16,,2800,272.54726,-26.52293,p
MOA-2010-BLG-117L b,MOA-2010-BLG-117L,1,Microlensing,2018,1805.507417,2.42,14.2,170,,,,,0.58,,3500,271.95697,-25.34464,p
MOA-2010-BLG-328L b,MOA-2010-BLG-328L,1,Microlensing,2013,971.797154,0.92,2.99,9.2,,,,,0.11,,810,269.49633,-30.71517,p
MOA-2010-BLG-353L b,MOA-2010-BLG-353L,1,Microlensing,2015,1941.988449,1.72,11.1,86,,,,,0.18,,6430,271.30392,-27.29323,p
MOA-2010-BLG-477L b,MOA-2010-BLG-477L,1,Microlensing,2012,1262.11177,2,13.6,480,,,5950,,0.67,,2300,271.53101,-31.45448,p
MOA-2011-BLG-028L b,MOA-2011-BLG-028L,1,Microlensing,2016,3552.712832,4.14,5.99,30,,,,,0.75,,7380,270.854,-29.21342,p
MOA-2011-BLG-262L b,MOA-2011-BLG-262L,1,Microlensing,2014,1019.716132,0.95,4.29,17,,,,,0.11,,7200,270.09783,-31.24526,p
MOA-2011-BLG-291L b,MOA-2011-BLG-291L,1,Microlensing,2018,540.528044,0.69,4.43,18,,,,,0.15,,4400,268.86789,-29.17067,p
MOA-2011-BLG-293L b,MOA-2011-BLG-293L,1,Microlensing,2012,550,1.1,12.9,1500,,,,,0.86,,7720,268.91396,-28.47685,
MOA-2011-BLG-322L b,MOA-2011-BLG-322L,1,Microlensing,2013,5215.075551,4.3,12.4,3690,,,,,0.39,,7560,271.22333,-27.22094,p
MOA-2012-BLG-006L b,MOA-2012-BLG-006L,1,Microlensing,2017,16997.789327,10.2,12.6,2700,,,,,0.49,,5300,270.44296,-29.10878,p
MOA-2012-BLG-505L b,MOA-2012-BLG-505L,1,Microlensing,2017,986.175,0.9,2.48,6.7,,,,,0.1,,7210,268.1431,-32.04009,p
MOA-2013-BLG-220L b,MOA-2013-BLG-220L,1,Microlensing,2014,2053.585699,3.03,13.2,871,,,,,0.88,,6720,270.98542,-29.54472,p
MOA-2013-BLG-605L b,MOA-2013-BLG-605L,1,Microlensing,2016,2114.50651,0.93,1.62,3.24,,,,,0.024,,850,272.01926,-29.73158,p
MOA-2015-BLG-337L b,MOA-2015-BLG-337L,1,Microlensing,2018,442.938224,0.24,6.42,33.7,,,,,0.0094,,7100,271.9487,-28.17028,p
MOA-2016-BLG-227L b,MOA-2016-BLG-227L,1,Microlensing,2017,1111.510132,1.39,13.2,890,,,,,0.29,,6500,271.47375,-27.71429,p
MOA-2016-BLG-319L b,MOA-2016-BLG-319L,1,Microlensing,2018,873.232725,0.95,14.1,200,,,,,0.15,,6800,268.74222,-29.75046,p
MOA-2016-BLG-526L b,MOA-2016-BLG-526L,1,Microlensing,2024,1788.318547,2.07,3.97,14.938,,,,,0.37,,6930,266.66829,-34.38608,p
MOA-2020-BLG-135L b,MOA-2020-BLG-135L,1,Microlensing,2022,890.657593,1.11,3.37,11.3,,,,,0.23,,7900,268.4235,-29.80757,p
MOA-2020-BLG-208L b,MOA-2020-BLG-208L,1,Microlensing,2023,2526.282078,2.74,7.71,46,,,,,0.43,,7490,268.4325,-32.58931,p
MOA-2022-BLG-033L b,MOA-2022-BLG-033L,1,Microlensing,2025,1612.363011,2.15,3.52,12.15,,,,,0.51,F7 V,1840,272.87567,-25.05308,p
MOA-2022-BLG-091L b,MOA-2022-BLG-091L,1,Microlensing,2025,2690.898129,3.44,13,1141.004,,,,,0.75,G8 V,4250,268.94221,-32.34144,p
MOA-2022-BLG-249L b,MOA-2022-BLG-249L,1,Microlensing,2023,1791.576589,1.63,2.04,4.83,,,,,0.18,,2000,268.86554,-28.30606,p
MOA-2022-BLG-563L b,MOA-2022-BLG-563L,1,Microlensing,2024,1661.98575,2.15,14,127.131,,,,,0.48,,6530,270.30021,-27.83583,p
MOA-bin-1L b,MOA-bin-1L,1,Microlensing,2012,10085.019249,8.3,13,1200,,,,,0.75,,5100,261.7925,-29.79397,p
MOA-bin-29 b,MOA-bin-29,1,Microlensing,2019,701.28,0.48,14.1,190,,,,,0.03,,7120,269.37596,-29.73656,p
MWC 758 c,MWC 758,1,Imaging,2023,298225.376184,100,,,500,,7314,2.0145,1.5,A8Ve,159.537,82.61472,25.33241,p
MXB 1658-298 b,MXB 1658-298,1,Eclipse Timing Variations,2017,760,1.613,12,7532.571,,,,,1.98,,,255.52725,-29.94558,
NGC 2682 Sand 1429 b,NGC 2682 Sand 1429,1,Radial Velocity,2024,77.48,0.384,13.4,572.091,683,0,6000,2.13,1.26,F9.5 V,852.793,133.01478,11.68996,
NGC 2682 Sand 978 b,NGC 2682 Sand 978,1,Radial Velocity,2017,511.21,1.389674,13.3,692.869,,0.16,4200,21.0174,1.37,K4 III,821.918,132.82281,11.7563,a
NGC 2682 YBP 1194 b,NGC 2682 YBP 1194,1,Radial Velocity,2014,6.959,0.071572,12.3,101.706,,0.3,5780,0.99,1.01,G5 V,872.92,132.75331,11.81465,a
NGC 2682 YBP 1514 b,NGC 2682 YBP 1514,1,Radial Velocity,2014,5.118,0.057336,14,127.132,,0.28,5725,0.89,0.96,G5 V,914.221,132.75313,11.88651,a
NGC 2682 YBP 401 b,NGC 2682 YBP 401,1,Radial Velocity,2016,4.087,0.052261,14.3,146.202,,0.15,6165,1.2158,1.14,F9 V,830.822,132.82931,11.67103,a
NGTS-1 b,NGTS-1,1,Transit,2017,2.647298,0.0326,14.908,258.078,790,0.016,3916,0.573,0.617,M0.5,218.121,82.71421,-36.63098,
NGTS-10 b,NGTS-10,1,Transit,2020,0.766894,0.0143,13.507,687.148,1332,0,4600,0.697,0.696,K5 V,324.6987,91.87228,-25.5949,
NGTS-11 b,NGTS-11,1,Transit,2020,35.45533,0.201,9.158,109.334,435,0.13,5050,0.832,0.862,K,190.422,23.52145,-14.41915,
NGTS-12 b,NGTS-12,1,Transit,2020,7.532806,0.0757,11.747,66.109,1257,0,5690,1.589,1.021,G,446.442,176.24994,-35.64056,
NGTS-13 b,NGTS-13,1,Transit,2021,4.119027,0.0549,12.801,1538.297,1605,0.086,5819,1.788,1.3,,647.595,176.24023,-38.13972,
NGTS-14 A b,NGTS-14 A,1,Transit,2021,3.535717,0.0403,4.977,29.24,1143,0,5187,0.842,0.898,K1 V,322.148,328.51748,-38.37742,
NGTS-15 b,NGTS-15,1,Transit,2021,3.27623,0.0441,12.33,238.689,1146,0,5600,0.954,0.995,G6 V,786.485,73.35531,-32.80035,
NGTS-16 b,NGTS-16,1,Transit,2021,4.84532,0.0523,14.572,211.992,1177,0,5550,1.213,1.002,G7 V,898.168,58.26393,-30.80464,
NGTS-17 b,NGTS-17,1,Transit,2021,3.24253,0.0391,13.899,242.821,1457,0,5650,1.337,1.025,G4 V,1040.28,72.90057,-34.22621,
NGTS-18 b,NGTS-18,1,Transit,2021,3.05125,0.0448,13.563,129.992,1381,0,5610,1.392,1.003,G5 V,1096.19,180.54622,-35.54861,
NGTS-2 b,NGTS-2,1,Transit,2018,4.511164,0.063,17.878,235.194,1468,0,6478,1.702,1.64,F5 V,356.391,215.12276,-31.20207,
NGTS-20 b,NGTS-20,1,Transit,2022,54.18915,0.313,11.994,947.129,688,0.432,5980,1.78,1.47,G1 IV,382.898,46.29264,-21.93365,
NGTS-21 b,NGTS-21,1,Transit,2022,1.54339,0.0236,14.908,750.075,1357,0,4660,0.86,0.72,K3 V,592.891,311.25831,-35.42784,
NGTS-23 b,NGTS-23,1,Transit,2022,4.076433,0.0504,14.202,194.829,1327,0,6057,1.24,1.01,F9 V,1074.95,70.43229,-40.04453,
NGTS-24 b,NGTS-24,1,Transit,2022,3.46788,0.0479,13.608,165.271,1499,0,5820,1.64,1.26,G2 IV,683.062,168.56389,-37.91013,
NGTS-25 b,NGTS-25,1,Transit,2022,2.823093,0.0388,11.467,203.092,1101,0,5321,0.86,0.91,K0 V,521.233,307.4183,-39.03236,
NGTS-26 b,NGTS-26,1,Transit,2024,4.519928,0.049,14.886,92.806,1331,0,5550,1.16,0.96,,1093.69,217.6833,-31.73245,
NGTS-27 b,NGTS-27,1,Transit,2024,3.370418,0.0446,15.648,188.472,1783,0,5700,1.77,1.07,,942.122,206.02653,-32.52297,
NGTS-3 A b,NGTS-3 A,1,Transit,2018,1.675373,0.023,16.589,756.435,1434.4,,5600,0.93,1.017,G6 V,743.972,94.44476,-35.70636,
NGTS-30 b,NGTS-30,1,Transit,2024,98.29838,0.408,10.402,305.115,500,0.294,5455,0.913,0.94,,238.377,173.71487,-24.60548,
NGTS-31 b,NGTS-31,1,Transit,2025,4.162734,0.064,18.046,355.968,1410,0,5710,1.7,0.96,,497.376,80.42125,-38.65683,
NGTS-32 b,NGTS-32,1,Transit,2025,3.31211,0.044,15.917,181.162,1750,0,5680,1.85,1.07,,837.457,223.85762,-18.43232,
NGTS-33 b,NGTS-33,1,Transit,2024,2.827972,0.048,18.383,1153.717,1991,0,7437,1.47,1.6,,437.855,107.83333,-35.85052,
NGTS-34 b,NGTS-34,1,Transit,2025,43.12655,0.257,3.65,19.1,624,,6134,1.367,1.266,F8 V,120.475,162.49972,-44.54786,
NGTS-35 b,NGTS-35,1,Transit,2025,25.241192,0.16,10.9,152,451,0.192,4717,0.753,0.789,K3.5 V,183.078,170.27634,-26.06662,
NGTS-38 b,NGTS-38,1,Transit,2026,180.52797,0.697,12.117,1516.042,457,0.3086,6310,1.88,1.46,,268.637,108.71475,-29.43062,
NGTS-4 b,NGTS-4,1,Transit,2019,1.337351,0.019,3.18,20.6,1650,0,5143,0.84,0.75,,280.555,89.59889,-30.8118,
NGTS-5 b,NGTS-5,1,Transit,2019,3.356987,0.0382,12.733,72.783,952,0,4987,0.739,0.661,K2 V,306.779,221.05827,5.60537,
NGTS-6 b,NGTS-6,1,Transit,2019,0.882059,0.01677,14.863,425.574,1283.9,0,4730,0.754,0.767,,308.262,75.79538,-30.39946,
NGTS-8 b,NGTS-8,1,Transit,2019,2.4997,0.035,12.218,295.582,1345,0.01,5241,0.98,0.89,K0 V,428.976,328.97592,-14.06844,
NGTS-9 b,NGTS-9,1,Transit,2019,4.43527,0.058,11.994,921.707,1448,0.06,6330,1.38,1.34,F8 V,609.128,141.92064,-19.34765,
NN Ser d,NN Ser,2,Eclipse Timing Variations,2010,2880,3.39,13.3,724.622,,0.24,57000,,0.535,WD,515.818,238.2337,12.91209,
NN Ser c,NN Ser,2,Eclipse Timing Variations,2010,6987,5.35,12.6,2329.6,,0.089,57000,,0.535,WD,515.818,238.2337,12.91209,
NSVS 14256825 b,NSVS 14256825,1,Eclipse Timing Variations,2019,3225,3.12,12.3,4497.294,473.5,0.12,40000,0.188,0.419,,820.877,305.00195,4.63237,
NY Vir b,NY Vir,2,Eclipse Timing Variations,2011,3160,3.3,13.3,730.978,338.1,0.15,32780,0.151,0.459,,544.024,204.70058,-2.03039,
NY Vir c,NY Vir,2,Eclipse Timing Variations,2019,8799,6.434275,12.8,1760.778,,0.15,32780,0.151,0.459,,544.024,204.70058,-2.03039,a
OGLE-2003-BLG-235L b,OGLE-2003-BLG-235L,1,Microlensing,2004,4103.199501,4.3,13.2,830,,,,,0.63,K V,5800,271.31813,-28.895,p
OGLE-2005-BLG-071L b,OGLE-2005-BLG-071L,1,Microlensing,2005,3678.451717,3.6,13,1200,55,,,,0.46,,3200,267.54071,-34.67319,p
OGLE-2005-BLG-169L b,OGLE-2005-BLG-169L,1,Microlensing,2006,2879.172899,3.5,3.84,14.1,,,,,0.69,K5,4100,271.52217,-30.73264,p
OGLE-2005-BLG-390L b,OGLE-2005-BLG-390L,1,Microlensing,2005,3285,2.6,2.21,5.5,50,,,,0.22,,6600,268.57996,-30.37731,
OGLE-2006-BLG-109L b,OGLE-2006-BLG-109L,2,Microlensing,2008,1788.5,2.3,14,231,82,,,,0.51,,1510,268.14379,-30.08778,
OGLE-2006-BLG-109L c,OGLE-2006-BLG-109L,2,Microlensing,2008,4927.5,4.5,11.1,86,59,0.15,,,0.51,,1510,268.14379,-30.08778,
OGLE-2006-BLG-284L A b,OGLE-2006-BLG-284L A,1,Microlensing,2020,1973.539409,2.17,14.3,144,,,,,0.35,,4000,269.65925,-29.13667,p
OGLE-2007-BLG-349L AB c,OGLE-2007-BLG-349L A,1,Microlensing,2016,2557,2.59,10.7,80,,,,,0.41,M,2760,271.35181,-26.42194,
OGLE-2007-BLG-368L b,OGLE-2007-BLG-368L,1,Microlensing,2009,2139.130523,2.8,4.72,20,,,,,0.64,,5900,269.10817,-32.23742,p
OGLE-2008-BLG-092L b,OGLE-2008-BLG-092L,1,Microlensing,2014,25182.447594,15,8.74,57,,,,,0.71,,8100,267.54071,-34.67319,p
OGLE-2008-BLG-355L b,OGLE-2008-BLG-355L,1,Microlensing,2014,1330.953077,1.7,12.9,1500,,,,,0.37,,6800,269.78671,-30.75947,p
OGLE-2011-BLG-0173L b,OGLE-2011-BLG-0173L,1,Microlensing,2018,12907.236768,8,9.01,60,,,,,0.41,,6100,269.31574,-28.23386,p
OGLE-2011-BLG-0251L b,OGLE-2011-BLG-0251L,1,Microlensing,2012,3213.341676,2.72,14.2,170,,,,,0.26,M,2570,264.55908,-27.13614,p
OGLE-2011-BLG-0265L b,OGLE-2011-BLG-0265L,1,Microlensing,2015,2066.054166,1.89,13.9,280,,,,,0.211,,4380,269.44883,-27.39453,p
OGLE-2012-BLG-0026L b,OGLE-2012-BLG-0026L,2,Microlensing,2012,2838.09729,4,7.72,46.1,,,,,1.06,G5 V,4019,263.57792,-27.14275,p
OGLE-2012-BLG-0026L c,OGLE-2012-BLG-0026L,2,Microlensing,2012,3730.775774,4.8,13.9,270,,,,,1.06,G5 V,4019,263.57792,-27.14275,p
OGLE-2012-BLG-0358L b,OGLE-2012-BLG-0358L,1,Microlensing,2013,1998.28654,0.87,13.4,588,,,,,0.022,,1760,265.69488,-24.261,p
OGLE-2012-BLG-0406L b,OGLE-2012-BLG-0406L,1,Microlensing,2013,3528.519558,3.45,13.2,868,,,,,0.44,,4970,268.32571,-30.47117,p
OGLE-2012-BLG-0563L b,OGLE-2012-BLG-0563L,1,Microlensing,2015,398.747842,0.74,13.6,120,,,,,0.34,,1300,271.4905,-27.712,p
OGLE-2012-BLG-0724L b,OGLE-2012-BLG-0724L,1,Microlensing,2016,1372.685985,1.6,14.3,150,,,,,0.29,M V,6700,268.96829,-29.81853,p
OGLE-2012-BLG-0838L b,OGLE-2012-BLG-0838L,1,Microlensing,2020,5384.753389,4.43,8.39,53.1,,,,,0.4,,6320,273.00308,-25.71161,p
OGLE-2012-BLG-0950L b,OGLE-2012-BLG-0950L,1,Microlensing,2016,2028.209529,2.6,6.56,35,,,,,0.57,M V,2600,272.01926,-29.73158,p
OGLE-2013-BLG-0102L b,OGLE-2013-BLG-0102L,1,Microlensing,2014,843.508743,0.8,12.3,4100,,,,,0.096,,3040,268.0295,-31.69058,p
OGLE-2013-BLG-0132L b,OGLE-2013-BLG-0132L,1,Microlensing,2017,3395.057201,3.6,11.6,92,,,,,0.54,,3900,269.76462,-28.42103,p
OGLE-2013-BLG-0341L B b,OGLE-2013-BLG-0341L B,1,Microlensing,2014,639.932158,0.702,1.16,1.66,,,,,0.1127,,911,268.03121,-29.84611,p
OGLE-2013-BLG-0911L b,OGLE-2013-BLG-0911L,1,Microlensing,2019,165.191667,0.39,12.5,3020,,,,,0.29,,3220,268.88325,-29.25383,p
OGLE-2013-BLG-1721L b,OGLE-2013-BLG-1721L,1,Microlensing,2017,2257.726501,2.6,14.1,200,,,,,0.46,,6300,268.12656,-30.29269,p
OGLE-2013-BLG-1761L b,OGLE-2013-BLG-1761L,1,Microlensing,2017,1535.472393,1.8,13.2,860,,,,,0.33,,6900,268.40949,-28.89527,p
OGLE-2014-BLG-0124L b,OGLE-2014-BLG-0124L,1,Microlensing,2015,2499.411915,3.48,14.1,206.588,,,,,0.9,,3500,270.62171,-28.39625,p
OGLE-2014-BLG-0221L b,OGLE-2014-BLG-0221L,1,Microlensing,2024,3205.881362,3.76,12.9,1382.554,,,,,0.69,,3680,270.30375,-27.42676,p
OGLE-2014-BLG-0319L b,OGLE-2014-BLG-0319L,1,Microlensing,2022,3302.377322,3.49,14.1,181.162,,,,,0.52,M,7730,266.96117,-33.93504,p
OGLE-2014-BLG-0676L b,OGLE-2014-BLG-0676L,1,Microlensing,2016,4121.697336,4.53,13,1169.609,,,,,0.73,,2670,268.10208,-30.54839,p
OGLE-2014-BLG-1722L b,OGLE-2014-BLG-1722L,2,Microlensing,2018,1060.955375,1.5,8.59,55.3,,,,,0.4,,6400,268.75238,-31.46906,p
OGLE-2014-BLG-1722L c,OGLE-2014-BLG-1722L,2,Microlensing,2018,1280.06968,1.7,11,83.7,,,,,0.4,,6400,268.75238,-31.46906,p
OGLE-2014-BLG-1760L b,OGLE-2014-BLG-1760L,1,Microlensing,2016,1056.550603,1.887,13.8,295.898,,,,,0.803,K,7056,269.409,-28.96205,p
OGLE-2015-BLG-0051L b,OGLE-2015-BLG-0051L,1,Microlensing,2016,720.401345,0.73,14,230,,,,,0.1,,8200,269.66254,-28.03169,p
OGLE-2015-BLG-0954L b,OGLE-2015-BLG-0954L,1,Microlensing,2016,1349.613989,1.6,13.1,1100,,,,,0.3,,1200,270.18433,-28.66089,p
OGLE-2015-BLG-0966L b,OGLE-2015-BLG-0966L,1,Microlensing,2016,2628.718445,2.7,4.86,21,,,,,0.38,,3300,268.75425,-29.04711,p
OGLE-2015-BLG-1649L b,OGLE-2015-BLG-1649L,1,Microlensing,2019,1865.547384,2.07,13.2,807,,,,,0.34,,4230,271.20504,-32.63303,p
OGLE-2015-BLG-1670L b,OGLE-2015-BLG-1670L,1,Microlensing,2019,2088.626658,2.62,4.42,17.9,,,,,0.55,,6700,268.15879,-28.55192,p
OGLE-2015-BLG-1771L b,OGLE-2015-BLG-1771L,1,Microlensing,2020,1031.509544,0.85,14.3,138,,,,,0.077,,7070,268.799,-28.86275,p
OGLE-2016-BLG-0007L b,OGLE-2016-BLG-0007L,1,Microlensing,2025,14200,10.1,1.09,1.32,,,,,0.59,,4300,268.35604,-29.64225,
OGLE-2016-BLG-0263L b,OGLE-2016-BLG-0263L,1,Microlensing,2017,12711.862546,5.4,13,1300,,,,,0.13,,6500,269.89542,-31.81861,p
OGLE-2016-BLG-0613L AB b,OGLE-2016-BLG-0613L AB,1,Microlensing,2017,6969.376672,6.4,13,1330,,,,,0.72,,3410,269.26041,-28.11617,p
OGLE-2016-BLG-1067L b,OGLE-2016-BLG-1067L,1,Microlensing,2019,1478.097149,1.7,14.3,140,,,,,0.3,,3730,273.2045,-27.01264,p
OGLE-2016-BLG-1093L b,OGLE-2016-BLG-1093L,1,Microlensing,2022,1674.097369,2.13,14,225.658,,,,,0.46,,8120,269.00429,-32.71347,p
OGLE-2016-BLG-1190L b,OGLE-2016-BLG-1190L,1,Microlensing,2017,1220,2.17,12.3,4253,,0.42,,,0.88,,6770,269.71793,-27.61356,
OGLE-2016-BLG-1195L b,OGLE-2016-BLG-1195L,1,Microlensing,2017,1633.916683,1.16,1.11,1.43,,,,,0.078,,3910,268.84793,-30.20725,p
OGLE-2016-BLG-1227L b,OGLE-2016-BLG-1227L,1,Microlensing,2020,7241.167611,3.4,13.9,250,,,,,0.1,,,265.59713,-33.75978,p
OGLE-2016-BLG-1266L b,OGLE-2016-BLG-1266L,1,Microlensing,2018,840.905665,0.43,12.4,3813.941,,,,,0.015,,3080,267.85358,-29.74225,p
OGLE-2016-BLG-1598L b,OGLE-2016-BLG-1598L,1,Microlensing,2024,1946.789041,2.5,13.6,120.775,,,,,0.55,,5910,270.19075,-29.17544,p
OGLE-2016-BLG-1800L b,OGLE-2016-BLG-1800L,1,Microlensing,2024,1470.398565,1.88,13.2,823.176,,,,,0.41,,6480,269.90321,-30.86536,p
OGLE-2017-BLG-0173L b,OGLE-2017-BLG-0173L,1,Microlensing,2018,4492.699834,3.913,1.62,3.269,,,,,0.396,,4705,267.97061,-29.27136,p
OGLE-2017-BLG-0364L b,OGLE-2017-BLG-0364L,1,Microlensing,2024,3849.913745,3.79,10.3,75.8,,,,,0.49,,7860,265.22787,-34.61758,p
OGLE-2017-BLG-0373L b,OGLE-2017-BLG-0373L,1,Microlensing,2018,2767.982292,2.424,14,127,,,,,0.248,,5915,269.32941,-31.95172,p
OGLE-2017-BLG-0406L b,OGLE-2017-BLG-0406L,1,Microlensing,2020,3195.9375,3.5,14.2,130,,,,,0.56,,5200,268.99967,-29.86314,p
OGLE-2017-BLG-0448L b,OGLE-2017-BLG-0448L,1,Microlensing,2024,7122.082326,5.75,4.08,15.6,,,,,0.5,,7530,268.66863,-31.03192,p
OGLE-2017-BLG-0482L b,OGLE-2017-BLG-0482L,1,Microlensing,2018,1972.35,1.8,2.95,9,,,,,0.2,,5800,269.04889,-30.52836,p
OGLE-2017-BLG-0604L b,OGLE-2017-BLG-0604L,1,Microlensing,2020,3571.332245,4.06,14.2,160,,,,,0.7,,3950,267.89167,-30.94656,p
OGLE-2017-BLG-0640L b,OGLE-2017-BLG-0640L,1,Microlensing,2024,785.909453,1.14,13.5,514.882,,,,,0.32,,6630,267.46513,-29.4615,p
OGLE-2017-BLG-1049L b,OGLE-2017-BLG-1049L,1,Microlensing,2020,3822.416265,3.92,12.8,1760,,,,,0.55,,5670,269.53354,-27.14422,p
OGLE-2017-BLG-1099L b,OGLE-2017-BLG-1099L,1,Microlensing,2021,2455.997601,2.73,13.1,959.842,,,,,0.45,,7250,263.96425,-29.58586,p
OGLE-2017-BLG-1140L b,OGLE-2017-BLG-1140L,1,Microlensing,2018,819.123253,1.02,13.5,505,,,,,0.211,,,266.88306,-24.52267,p
OGLE-2017-BLG-1237L b,OGLE-2017-BLG-1237L,1,Microlensing,2024,2167.165561,2.53,13,1207.748,,,,,0.46,,6030,271.64996,-28.32883,p
OGLE-2017-BLG-1275L b,OGLE-2017-BLG-1275L,1,Microlensing,2024,1390.398783,2.09,12.8,1875.188,,,,,0.63,,7690,267.91542,-29.49797,p
OGLE-2017-BLG-1375L b,OGLE-2017-BLG-1375L,1,Microlensing,2020,2151.087569,3.04,12.4,3585,,,,,0.81,,3930,269.15488,-30.31142,p
OGLE-2017-BLG-1434L b,OGLE-2017-BLG-1434L,1,Microlensing,2018,967.843877,1.18,1.94,4.43,,,,,0.234,,860,268.28047,-30.24566,p
OGLE-2017-BLG-1522L b,OGLE-2017-BLG-1522L,1,Microlensing,2018,780.30068,0.59,14,240,,,,,0.045,,7490,270.31937,-28.46197,p
OGLE-2017-BLG-1691L b,OGLE-2017-BLG-1691L,1,Microlensing,2022,2037.086786,2.41,3.92,14.62,,,,,0.45,,7290,263.59383,-29.28483,p
OGLE-2017-BLG-1806L b,OGLE-2017-BLG-1806L,1,Microlensing,2023,1371.688505,1.75,2.15,5.27,,,,,0.38,,6400,266.62325,-24.27227,p
OGLE-2018-BLG-0298L b,OGLE-2018-BLG-0298L,1,Microlensing,2022,2126.741614,2.86,7.56,44.496,,,,,0.69,,6540,264.2845,-29.70911,p
OGLE-2018-BLG-0383L b,OGLE-2018-BLG-0383L,1,Microlensing,2022,2789.32412,1.8,2.41,6.4,,,,,0.1,,7700,268.68075,-28.73928,p
OGLE-2018-BLG-0506L b,OGLE-2018-BLG-0506L,1,Microlensing,2022,2391.122532,3,4.18,16.3,,,,,0.63,,5600,267.62983,-31.92406,p
OGLE-2018-BLG-0516L b,OGLE-2018-BLG-0516L,1,Microlensing,2022,1738.502489,2.2,4.73,20.1,,,,,0.47,,7000,269.64013,-31.26239,p
OGLE-2018-BLG-0532L b,OGLE-2018-BLG-0532L,1,Microlensing,2020,907.78993,1.064,2.37,6.228,,,,,0.195,,773,269.98342,-28.99775,p
OGLE-2018-BLG-0567L b,OGLE-2018-BLG-0567L,1,Microlensing,2021,3276.978382,2.72,12.3,101.705,,,,,0.25,,7060,269.01842,-27.98711,p
OGLE-2018-BLG-0596L b,OGLE-2018-BLG-0596L,1,Microlensing,2019,726.008718,0.97,3.81,13.93,,,,,0.231,,5650,269.05554,-29.19908,p
OGLE-2018-BLG-0677L b,OGLE-2018-BLG-0677L,1,Microlensing,2020,527.242518,0.63,1.82,3.96,,,,,0.12,,7580,268.75113,-32.01653,p
OGLE-2018-BLG-0740L b,OGLE-2018-BLG-0740L,1,Microlensing,2019,5480,5,12.9,1500,,0,5912,,1,G V,3200,272.17696,-29.83581,
OGLE-2018-BLG-0799L b,OGLE-2018-BLG-0799L,1,Microlensing,2022,1734.457668,1.28,10.9,82.635,,,,,0.093,,4050,273.459,-25.48572,p
OGLE-2018-BLG-0932L b,OGLE-2018-BLG-0932L,1,Microlensing,2022,996.508596,1.75,13.9,282.867,,,,,0.72,,6620,268.35121,-29.02181,p
OGLE-2018-BLG-0962L b,OGLE-2018-BLG-0962L,1,Microlensing,2021,3380.920958,3.59,13.6,425.89,,,,,0.54,,6500,268.17479,-32.30925,p
OGLE-2018-BLG-0977L b,OGLE-2018-BLG-0977L,1,Microlensing,2022,1506.906441,2,2.41,6.4,,,,,0.47,,6500,268.50612,-30.60481,p
OGLE-2018-BLG-1011L c,OGLE-2018-BLG-1011L,2,Microlensing,2019,616.011688,0.8,13.2,890,,,,,0.18,,7100,269.014,-29.08289,p
OGLE-2018-BLG-1011L b,OGLE-2018-BLG-1011L,2,Microlensing,2019,2079.039448,1.8,13.5,570,,,,,0.18,,7100,269.014,-29.08289,p
OGLE-2018-BLG-1119L b,OGLE-2018-BLG-1119L,1,Microlensing,2022,4312.793421,4.06,13.9,289.224,,,,,0.48,,5760,270.02925,-32.37528,p
OGLE-2018-BLG-1126L b,OGLE-2018-BLG-1126L,1,Microlensing,2022,2552.521817,3.23,4.41,17.798,,,,,0.69,,5700,268.35588,-31.72472,p
OGLE-2018-BLG-1185L b,OGLE-2018-BLG-1185L,1,Microlensing,2021,1147.546899,1.54,2.83,8.4,,,,,0.37,,7400,269.79275,-27.83508,p
OGLE-2018-BLG-1212L b,OGLE-2018-BLG-1212L,1,Microlensing,2022,1988.356054,1.68,9.32,63.566,,,,,0.16,,1550,271.07763,-28.19408,p
OGLE-2018-BLG-1269L b,OGLE-2018-BLG-1269L,1,Microlensing,2020,3320.424029,4.51,14.1,210,,,,,1.11,,2510,269.69342,-27.61794,p
OGLE-2018-BLG-1367L b,OGLE-2018-BLG-1367L,1,Microlensing,2022,918.732891,1.21,13.8,301.937,,,,,0.28,,5370,269.75563,-29.16836,p
OGLE-2018-BLG-1428L b,OGLE-2018-BLG-1428L,1,Microlensing,2021,3339.080633,3.3,14,240,,,,,0.43,,6220,265.54871,-26.13789,p
OGLE-2018-BLG-1647L b,OGLE-2018-BLG-1647L,1,Microlensing,2022,1909.873811,1.36,13.8,308.294,,,,,0.092,,7880,268.96238,-31.817,p
OGLE-2018-BLG-1700L b,OGLE-2018-BLG-1700L,1,Microlensing,2020,2640.600045,2.8,12.9,1400,,,,,0.42,,7600,269.95604,-28.52864,p
OGLE-2019-BLG-0249L b,OGLE-2019-BLG-0249L,1,Microlensing,2023,955.644276,1.84,12.7,2262.938,,,,,0.91,,6370,265.4035,-34.70175,p
OGLE-2019-BLG-0299L b,OGLE-2019-BLG-0299L,1,Microlensing,2021,2227.928586,2.8,12.7,1976.893,,,,,0.59,,5830,266.67946,-23.58431,p
OGLE-2019-BLG-0304L b,OGLE-2019-BLG-0304L,1,Microlensing,2021,958.883862,1.23,14.2,162.092,,,,,0.27,,6980,264.02671,-26.14599,p
OGLE-2019-BLG-0362L b,OGLE-2019-BLG-0362L,1,Microlensing,2022,1814.054455,2.18,13.1,1036.121,,,,,0.42,,5830,263.46525,-24.81036,p
OGLE-2019-BLG-0468L c,OGLE-2019-BLG-0468L,2,Microlensing,2022,1755.561162,2.77,12.5,3248.206,,,,,0.92,G,4400,266.406,-24.44728,p
OGLE-2019-BLG-0468L b,OGLE-2019-BLG-0468L,2,Microlensing,2022,2272.428136,3.29,13.1,1090.151,,,,,0.92,G,4400,266.406,-24.44728,p
OGLE-2019-BLG-0679L b,OGLE-2019-BLG-0679L,1,Microlensing,2023,8308.718025,6.99,13.1,1061.547,,,,,0.66,,5630,265.74042,-27.77288,p
OGLE-2019-BLG-0954L b,OGLE-2019-BLG-0954L,1,Microlensing,2021,1761.627341,2.65,12.3,4513.163,,,,,0.8,,3630,267.91325,-29.611,p
OGLE-2019-BLG-0960L b,OGLE-2019-BLG-0960L,1,Microlensing,2021,1352.806321,1.9,1.39,2.5,,,,,0.5,,980,274.01429,-25.77467,p
OGLE-2019-BLG-1053L b,OGLE-2019-BLG-1053L,1,Microlensing,2021,2931.863067,3.4,1.38,2.48,,,,,0.61,,6800,270.16638,-27.34158,p
OGLE-2019-BLG-1180L b,OGLE-2019-BLG-1180L,1,Microlensing,2023,5849.826833,5.19,13.5,555.246,,,,,0.545,,6070,269.24654,-27.97544,p
OGLE-2019-BLG-1470L AB c,OGLE-2019-BLG-1470L A,1,Microlensing,2022,2769.349473,3.2,13.3,699.222,,,,,0.57,,5900,271.94921,-27.03356,p
OGLE-2019-BLG-1492L b,OGLE-2019-BLG-1492L,1,Microlensing,2022,1965.085334,2.7,6.79,37.1,,,,,0.68,,5600,270.09646,-28.63114,p
OGLE-2023-BLG-0766L b,OGLE-2023-BLG-0766L,1,Microlensing,2026,2311.894086,2.5,13.7,349.611,,,,,0.39,,7400,269.82963,-28.32469,p
OGLE-2023-BLG-0836L b,OGLE-2023-BLG-0836L,1,Microlensing,2024,3085.060153,3.7,12.9,1385.732,,,,,0.71,,5120,267.18687,-23.74152,p
OGLE-TR-10 b,OGLE-TR-10,1,Transit,2004,3.101278,0.0434,14.011,197.046,1702,0,5950,1.17,1.14,G2 V,1344.97,267.86775,-29.87648,
OGLE-TR-111 b,OGLE-TR-111,1,Transit,2004,4.014446,0.0473,11.422,174.799,1019,0,5040,0.83,0.82,K2 V,1068.33,163.32412,-61.4057,
OGLE-TR-113 b,OGLE-TR-113,1,Transit,2004,1.432475,0.02289,12.251,400.449,1342,0,4790,0.774,0.779,K4 V,566.459,163.10104,-61.44686,
OGLE-TR-132 b,OGLE-TR-132,1,Transit,2004,1.689868,0.03035,13.45,375.02,2013,0.6,6210,1.32,1.305,F5 V,2012.62,162.64409,-61.95725,
OGLE-TR-182 b,OGLE-TR-182,1,Transit,2007,3.9791,0.051,12.666,320.995,1550,0,5924,1.14,1.14,,2501.75,167.32792,-61.09526,
OGLE-TR-211 b,OGLE-TR-211,1,Transit,2007,3.67724,0.051,15.244,327.351,1686,0,6325,1.64,1.33,,1515.26,160.05982,-62.45554,
OGLE-TR-56 b,OGLE-TR-56,1,Transit,2002,1.211919,0.02383,15.278,441.77,2212,0,6050,1.363,1.228,F8 V,282.8391,269.14796,-29.53922,
OGLE2-TR-L9 b,OGLE2-TR-L9,1,Transit,2008,2.485533,0.0308,18.046,1430.175,2034,,6933,1.53,1.52,,1627.63,166.97988,-61.14625,
Oph 11 b,Oph 11,1,Imaging,2006,7300000,243,12.3,4449.62,2175,,2375,0.2327,0.016,M9,136.1656,245.60496,-24.08722,
PDS 70 b,PDS 70,2,Imaging,2018,43500,20.8,21.97,1017.051,1392,0.17,4109,1.26,0.982,K7,113.064,212.04214,-41.39804,
PDS 70 c,PDS 70,2,Imaging,2019,74041.577107,34.3,22.194,2383.713,1054,0.037,4109,1.26,0.982,K7,113.064,212.04214,-41.39804,p
PH1 b,PH1,1,Transit,2012,138.317,0.652,6.18,169,481,0.0702,6407,1.734,1.528,F,1033.16,298.21506,39.95509,
PH2 b,PH2,1,Transit,2013,282.52542,0.833,9.337,87.085,295.1,0.215,5734,0.949,0.966,G3,343.863,289.76362,51.96268,
POTS-1 b,POTS-1,1,Transit,2013,3.16063,0.03734,10.548,734.16,842,,4400,0.588,0.695,K5 V,747.959,203.60873,-66.58116,
PSR B0329+54 b,PSR B0329+54,1,Pulsar Timing,2017,10140,10.26,1.22,1.97,,0.236,,,1.44,,504.9331,53.24727,54.57916,
PSR B1257+12 b,PSR B1257+12,3,Pulsar Timing,1994,25.262,0.19,0.338,0.02,,0,,,1.4,,600,195.0149,12.68235,
PSR B1257+12 c,PSR B1257+12,3,Pulsar Timing,1992,66.5419,0.36,1.91,4.3,,0.0186,,,1.4,,600,195.0149,12.68235,
PSR B1257+12 d,PSR B1257+12,3,Pulsar Timing,1992,98.2114,0.46,1.8,3.9,,0.0264,,,1.4,,600,195.0149,12.68235,
PSR B1620-26 b,PSR B1620-26,1,Pulsar Timing,2003,34674.890188,23,13.3,794.575,,,,,1.35,,,245.90926,-26.53159,p
PSR J1719-1438 b,PSR J1719-1438,1,Pulsar Timing,2011,0.090706,0.0044,,382.8,,0.06,4500,,1.4,,1200,259.79197,-14.6336,
PSR J2322-2650 b,PSR J2322-2650,1,Pulsar Timing,2017,0.322964,0.0102,13.9,252.643,,0.0017,,,1.4,,230,350.64435,-26.84953,
PZ Tel b,PZ Tel,1,Imaging,2023,44000,27,11.9,8581.367,53.8,0.52,5169,1.2565,1.36,G9 IV,47.0648,283.27458,-50.1809,
Pr0201 b,Pr0201,1,Radial Velocity,2012,4.4264,0.06,14.2,171.628,1303.4,0,6174,1.15,1.24,,180.64,130.4324,20.22682,
Pr0211 b,Pr0211,2,Radial Velocity,2012,2.1461,0.03176,13.4,597.52,1304.1,0.011,5300,0.827,0.935,,182.714,130.54774,19.27696,
Pr0211 c,Pr0211,2,Radial Velocity,2016,4850,5.5,12.6,2475.896,99.1,0.71,5300,0.827,0.935,,182.714,130.54774,19.27696,
Proxima Cen d,Proxima Cen,2,Radial Velocity,2025,5.12338,0.02881,0.692,0.26,282,0,2900,0.141,0.1221,M5.5 V,1.3012,217.39347,-62.67618,
Proxima Cen b,Proxima Cen,2,Radial Velocity,2016,11.18465,0.04848,1.02,1.055,218,0,2900,0.141,0.1221,M5.5 V,1.3012,217.39347,-62.67618,
Qatar-1 b,Qatar-1,1,Transit,2010,1.420024,0.02332,12.812,411.272,1418,0,5013,0.803,0.838,,185.615,303.38187,65.16233,
Qatar-10 b,Qatar-10,1,Transit,2019,1.645321,0.0286,17.295,233.923,1955,0,6124,1.254,1.156,F7 V,559.068,284.44391,69.57084,
Qatar-2 b,Qatar-2,1,Transit,2011,1.337116,0.02153,14.056,792.635,1344,0,4645,0.776,0.743,,181.374,207.65549,-6.80407,
Qatar-3 b,Qatar-3,1,Transit,2017,2.50792,0.03783,12.285,1369.847,1681,0,6007,1.272,1.145,G0 V,735.601,359.15197,36.21296,
Qatar-4 b,Qatar-4,1,Transit,2017,1.805356,0.02803,12.722,1938.763,1385,0,5215,0.849,0.896,K1 V,329.036,4.85928,44.0276,
Qatar-5 b,Qatar-5,1,Transit,2017,2.879232,0.04127,12.408,1373.026,1415,0,5747,1.076,1.128,G2 V,367.658,7.05394,42.06135,
Qatar-6 b,Qatar-6,1,Transit,2017,3.506195,0.0423,11.904,212.31,1006,0,5052,0.722,0.822,K2 V,100.848,222.21008,22.15261,
Qatar-7 b,Qatar-7,1,Transit,2019,2.032046,0.0352,19.055,597.52,2053,0,6387,1.564,1.409,F4 V,705.981,358.51513,37.02182,
Qatar-8 b,Qatar-8,1,Transit,2019,3.71495,0.0474,14.404,117.915,1457,0,5738,1.315,1.029,G0 V,281.498,157.41234,70.52708,
Qatar-9 b,Qatar-9,1,Transit,2019,1.540731,0.0234,11.31,378.218,1134,0,4309,0.696,0.719,K5 V,213.771,160.7481,60.96412,
ROXs 12 b,ROXs 12,1,Imaging,2013,1191679.697531,210,12.2,5085,13.2,0.83,3850,1.0663,0.87,M0,136.65,246.6168,-25.44669,p
ROXs 42 B b,ROXs 42 B,1,Imaging,2013,718521.393047,157,12.5,2860,1975,0.58,3433,1.3366,1,M0,143.59,247.81255,-24.54558,p
RR Cae b,RR Cae,1,Eclipse Timing Variations,2012,4343.5,5.3,13,1334.886,35.9,0,3904,0.1931,0.44,M,21.1916,65.27338,-48.65426,
Ross 128 b,Ross 128,1,Radial Velocity,2017,9.8658,0.0496,1.11,1.4,301,0.116,3192,0.1967,0.168,M4,3.3745,176.9376,0.79929,
Ross 176 b,Ross 176,1,Transit,2025,5.006634,0.0464,1.84,4.57,682,0.25,4041,0.569,0.577,K7 V,46.4488,305.68974,47.30862,
Ross 458 c,Ross 458,1,Imaging,2010,17863982.172074,1100,14.011,1906.98,4.3,,3965,0.5626,0.5564,M2,11.5094,195.19121,12.3756,p
Ross 508 b,Ross 508,1,Radial Velocity,2022,10.77,0.05366,1.83,4,293.9,0.33,3071,0.2113,0.1774,M4.5 V,11.2103,230.9613,17.46053,
SPECULOOS-3 b,SPECULOOS-3,1,Transit,2024,0.719126,0.00733,0.977,0.894,553,,2800,0.123,0.1009,M6.5+/-0.5,,312.36326,33.61238,
SWEEPS-11 b,SWEEPS-11,1,Transit,2006,1.796,0.03,12.666,3082.82,,,,1.45,1.1,,8500,269.75833,-29.19819,
SWEEPS-4 b,SWEEPS-4,1,Transit,2006,4.2,0.055,9.079,1207.7,,,,1.18,1.24,,8500,269.72467,-29.18906,
TAP 26 b,TAP 26,1,Radial Velocity,2017,10.79,0.0968,13.5,527.598,774.5,,4620,1.17,1.04,,121.402,64.71545,17.38788,
TCP J05074264+2447555 b,TCP J05074264+2447555,1,Microlensing,2018,434.843715,0.94,4.72,20,344.6,,5805,1.4249,0.586,,505,76.928,24.79896,p
TIC 117642575 b,TIC 117642575,1,Transit,2026,4.944591,0.057916,2.827,8.38,,,5720,1.081,1.06,,188.758,9.48007,-37.06629,a
TIC 139270665 b,TIC 139270665,2,Transit,2024,23.624,0.163,7.23,147.155,703,0.105,5844,1.016,1.035,G2,189.875,124.0339,33.29145,
TIC 139270665 c,TIC 139270665,2,Radial Velocity,2024,1010,2,12.9,1554.181,200,0.566,5844,1.016,1.035,G2,189.875,124.0339,33.29145,
TIC 139702105 b,TIC 139702105,1,Transit,2026,6.836019,0.06806,2.453,6.59,,,5742,1.2542,0.9,,91.7884,66.49803,-18.21455,a
TIC 142589416 b,TIC 142589416,1,Transit,2026,2.095185,0.02763,2.679,7.65,,,4396,0.7138,0.641,,168.933,168.24397,73.83014,a
TIC 147027702 b,TIC 147027702,1,Transit,2026,44.40523,0.274,10.929,346.433,863,0.127,6410,2.136,1.406,,457.186,161.77286,-43.9318,
TIC 150070085 b,TIC 150070085,1,Transit,2026,10.47423,0.098441,3.62,12.8,945.1,,5999,1.086,1.16,,204.368,110.1432,53.54698,a
TIC 153919886 b,TIC 153919886,1,Transit,2026,2.105105,0.026827,2.706,7.78,,,4137,0.5917,0.5813,,132.33,171.84407,68.18104,a
TIC 154870955 b,TIC 154870955,1,Transit,2026,7.969875,0.073325,3.095,9.77,,,4740,0.7243,0.828,,226.463,191.74567,88.82988,a
TIC 160113658 b,TIC 160113658,1,Transit,2026,6.729523,0.06366,3.49,12,,,4817,0.7898,0.76,,200.156,59.45556,-41.63203,a
TIC 161045582 b,TIC 161045582,1,Transit,2026,8.855772,0.084873,2.246,5.67,,,5684,1.0798,1.04,,162.246,223.62585,49.09772,a
TIC 172900988 b,TIC 172900988 Aa,1,Transit,2021,200.452,0.90281,11.25,942,361.2,0.0271,6050,1.3842,1.2384,F9,250.956,128.66166,31.55398,
TIC 178172313 b,TIC 178172313,1,Transit,2026,4.373182,0.050717,2.804,8.27,,,5406,0.8435,0.91,,178.137,43.40627,-32.07705,a
TIC 183374187 b,TIC 183374187,1,Transit,2026,5.05907,0.054698,14.034,177.984,1379,0.506,5768,1.344,0.853,,1208.75,357.61604,-41.41242,a
TIC 188624430 b,TIC 188624430,1,Transit,2026,6.218604,0.064576,3.648,12.9,,,5369,0.7866,0.929,,300.743,258.55669,53.70602,a
TIC 18942729 b,TIC 18942729,1,Transit,2026,0.998178,0.01695,2,4.66,,,4360,0.8253,0.652,,115.169,119.21507,16.67723,a
TIC 198190129 b,TIC 198190129,1,Transit,2026,7.948049,0.0671,2.923,8.87,,,4378,0.6407,0.638,,130.035,246.33228,60.37714,a
TIC 206466666 b,TIC 206466666,1,Transit,2026,9.104869,0.077874,2.148,5.26,,,4620,0.6672,0.76,,127.837,56.76948,-52.36675,a
TIC 231949697 b,TIC 231949697,1,Transit,2026,0.907204,0.014466,1.528,2.95,982.9,,3451,0.4926,0.4907,,50.2408,94.25768,-43.36618,a
TIC 237913194 b,TIC 237913194,1,Transit,2020,15.168865,0.1207,12.52,617.226,974,0.575,5788,1.088,1.026,G3,306.063,22.44581,-60.73991,
TIC 241249530 b,TIC 241249530,1,Transit,2024,165.7719,0.641,13.294,1582.785,438.9,0.9412,6166,1.397,1.271,,324.448,95.3089,53.29502,
TIC 245076932 b,TIC 245076932,1,Transit,2026,21.61389,0.157,10.873,162.092,845,0.428,6130,1.288,1.117,,303.96,198.06349,-51.21443,
TIC 24750448 b,TIC 24750448,2,Transit,2026,3.591592,0.040558,2.437,6.51,,,4545,0.7136,0.69,,178.146,26.19586,-68.64476,a
TIC 24750448 c,TIC 24750448,2,Transit,2026,10.143853,0.081039,3.09,9.75,,,4545,0.7136,0.69,,178.146,26.19586,-68.64476,a
TIC 249022743 b,TIC 249022743,1,Transit,2026,2.257197,0.033676,4.796,20.6,,,5568,1.2084,1,,396.46,78.57622,-3.44661,a
TIC 257060897 b,TIC 257060897,1,Transit,2021,3.660036,0.04922,17.262,201.503,1775,0.039,5993,1.863,1.187,F,505.703,227.53215,72.71031,
TIC 260969020 b,TIC 260969020,1,Transit,2026,8.485845,0.073976,2.227,5.59,,,4573,0.6899,0.75,,121.222,74.94071,-79.58595,a
TIC 270471727 b,TIC 270471727,1,Transit,2026,10.456233,0.090352,2.75,8,1147.1,,5271,0.9971,0.9,,182.104,97.21141,-78.47306,a
TIC 279401253 b,TIC 279401253,2,Transit,2023,76.8,0.369,11.209,1951.466,486.4,0.448,5951,1.06,1.13,,285.584,57.65723,-15.02623,
TIC 279401253 c,TIC 279401253,2,Transit,2023,155.3,0.591,12.6,2548.984,384.3,0.254,5951,1.06,1.13,,285.584,57.65723,-15.02623,
TIC 290487717 b,TIC 290487717,1,Transit,2026,3.400818,0.043045,6.638,35.7,,,5329,0.9438,0.92,,395.574,139.08706,2.55081,a
TIC 294329732 b,TIC 294329732,1,Transit,2026,9.756588,0.085954,2.077,4.97,,,5202,0.9202,0.89,,189.333,109.11779,-58.23715,a
TIC 32032563 b,TIC 32032563,1,Transit,2026,13.834605,0.114634,3.477,11.9,,,5568,1.0019,1.05,,507.858,56.09052,-68.85806,a
TIC 320419023 b,TIC 320419023,1,Transit,2026,5.263757,0.060306,2.773,8.11,,,5703,0.9523,1.056,,288.893,118.07262,11.82418,a
TIC 34085383 b,TIC 34085383,1,Transit,2026,3.477934,0.040506,3.92,14.6,,,4695,0.81,0.733,,149.12,59.23536,-7.37572,a
TIC 349520724 b,TIC 349520724,1,Transit,2026,7.940446,0.074926,2.826,8.38,,,5099,0.8188,0.89,,241.105,111.23142,-64.63984,a
TIC 356227008 b,TIC 356227008,1,Transit,2026,2.961474,0.040627,2.39,6.3,,,5732,0.9598,1.02,,387.609,267.25082,50.13081,a
TIC 365102760 b,TIC 365102760,1,Transit,2024,4.212854,0.0622,6.21,19.2,1676.1,0.406,4900,3.13,1.17,,555.546,305.83982,54.39432,
TIC 38825265 b,TIC 38825265,1,Transit,2026,3.31337,0.037484,2.189,5.43,,,4376,0.6645,0.64,,165.638,68.24928,-65.20397,a
TIC 38828280 b,TIC 38828280,1,Transit,2026,4.85559,0.052949,2.627,7.4,,,5047,0.7411,0.84,,286.415,68.39265,-62.16971,a
TIC 390586021 b,TIC 390586021,1,Transit,2026,2.747038,0.033218,2.86,8.55,,,4435,0.7266,0.648,,114.558,199.82258,-31.46551,a
TIC 393818343 b,TIC 393818343,1,Transit,2024,16.24921,0.1291,12.184,1379.375,805.5,0.6058,5756,1.086,1.082,G0,93.7345,310.2917,3.6383,
TIC 423703298 b,TIC 423703298,1,Transit,2026,4.037127,0.043868,2.772,8.11,,,4540,0.7298,0.691,,136.191,22.93605,-17.01357,a
TIC 434398831 b,TIC 434398831,2,Transit,2025,3.685504,0.04641,3.51,12.1,1250,0.04,5638,0.909,0.992,G4 V,217.011,93.95926,16.02385,
TIC 434398831 c,TIC 434398831,2,Transit,2025,6.210291,0.06572,5.63,27,1050,0.013,5638,0.909,0.992,G4 V,217.011,93.95926,16.02385,
TIC 437041147 b,TIC 437041147,1,Transit,2026,3.823014,0.046723,2.215,5.54,,,5224,0.9611,0.931,,246.6,132.94802,6.76484,a
TIC 445839811 b,TIC 445839811,1,Transit,2026,11.108626,0.095783,2.478,6.7,,,5408,0.85,0.95,,235.655,200.11882,48.40727,a
TIC 46432937 b,TIC 46432937,1,Transit,2024,1.440445,0.02065,13.316,1017.051,872,0.009,3572,0.5299,0.563,,90.5369,83.86898,-14.59719,
TIC 4672985 b,TIC 4672985,1,Transit,2024,69.048,0.33,11.5,4049.134,517.2,0.018,5757,1.15,1.01,,253.385,38.47068,-10.65738,
TIC 52059926 b,TIC 52059926,1,Transit,2026,175.532,0.553,10.71,5380,229.6,0.51,4505,0.72,0.73,K4.5 V,216.581,16.77269,-68.3681,
TIC 62895484 b,TIC 62895484,1,Transit,2026,2.839854,0.038983,3.494,12,,,5521,0.8743,0.98,,294.857,116.63855,22.59037,a
TIC 65612701 b,TIC 65612701,1,Transit,2026,10.22468,0.094003,5.078,22.7,,,5692,1.7371,1.06,,151.624,310.47382,36.33883,a
TIC 67686059 b,TIC 67686059,1,Transit,2026,3.521635,0.043079,2.591,7.23,,,5090,0.8205,0.86,,249.203,19.88434,-35.29301,a
TIC 77319217 b,TIC 77319217,1,Transit,2026,7.548308,0.079127,3.109,9.85,,,5962,1.1844,1.16,,267.62,71.0407,-39.8976,a
TIC 77552382 b,TIC 77552382,1,Transit,2026,3.510259,0.042481,5.692,27.5,1433.9,,4981,0.887,0.83,,373.415,152.51338,-4.90353,a
TIC 86380416 b,TIC 86380416,1,Transit,2026,6.040864,0.066395,2.412,6.4,,,5724,0.9897,1.07,,244.68,145.16038,65.73279,a
TIC 87422071 b,TIC 87422071,1,Transit,2026,11.364929,0.106,10.862,409.999,1110,0.124,6150,1.489,1.239,,384.758,273.0346,-44.2434,
TIC 88692598 b,TIC 88692598,1,Transit,2026,2.649094,0.030307,1.813,3.94,,,3483,0.5325,0.5292,,73.5258,149.21091,47.77067,a
TIC 88785435 b,TIC 88785435,1,Transit,2025,10.508843,0.08432,5.03,22.3,635,0.131,3998,0.911,0.724,K7 V,122.386,224.28386,-30.88003,
TIC 9344899 b,TIC 9344899,1,Transit,2026,8.582157,0.0815,9.16,6170,923,0.029,5800,1.06,0.98,G3 V,532.228,72.79393,-8.44732,
TOI-1011 b,TOI-1011,1,Transit,2025,2.470498,0.034659,1.45,4.04,1364,0,5475,0.92,0.91,,52.62,113.98476,-32.842,a
TOI-1036 b,TOI-1036,1,Transit,2026,3.779521,0.047956,6.285,32.5,1294,,5665,1.1755,1.03,,184.015,157.86711,-42.24045,a
TOI-1052 b,TOI-1052,2,Transit,2023,9.139703,0.09103,2.87,16.9,1135,0.18,6146,1.264,1.204,,129.804,337.51027,-75.64656,
TOI-1052 c,TOI-1052,2,Radial Velocity,2023,35.806,0.2263,6.48,34.3,719,0.237,6146,1.264,1.204,,129.804,337.51027,-75.64656,
TOI-1054.01,TOI-1054,1,Transit,2021,15.507786,0.127138,2.434,6.5,853,,6122,1.17,1.14,,88.4343,302.11417,-54.3175,a
TOI-1062 b,TOI-1062,2,Transit,2021,4.11296,0.052,2.265,10.15,1077,0.177,5328,0.84,0.94,G9 V,82.1733,38.12097,-78.02368,
TOI-1062 c,TOI-1062,2,Radial Velocity,2021,7.972,0.08,3.1,9.78,859,0.14,5328,0.84,0.94,G9 V,82.1733,38.12097,-78.02368,
TOI-1064 b,TOI-1064,2,Transit,2022,6.443868,0.06152,2.587,13.5,784,0.047,4734,0.726,0.748,,68.0726,296.00393,-47.56203,
TOI-1064 c,TOI-1064,2,Transit,2022,12.226574,0.09429,2.651,2.5,634,0.088,4734,0.726,0.748,,68.0726,296.00393,-47.56203,
TOI-1075 b,TOI-1075,1,Transit,2022,0.604733,0.01159,1.791,9.95,1323,0,3875,0.581,0.604,K9 V/M0 V,61.4592,309.97121,-65.4497,
TOI-1080 b,TOI-1080,1,Transit,2026,3.965248,0.0272,1.2,10.7,368,,3065,0.2019,0.1667,M4.0&plusmn;1.0 V,25.559,276.36832,-52.21457,
TOI-1105 b,TOI-1105,1,Transit,2026,10.868184,0.086854,3.058,9.58,594,,4678,0.7558,0.74,,79.5225,146.05397,-89.47151,a
TOI-1107 b,TOI-1107,1,Transit,2022,4.078239,0.0561,14.572,1064.725,1728,0.025,6311,1.81,1.35,F6 V,281.314,155.60786,-82.21887,
TOI-1117 b,TOI-1117,3,Transit,2025,2.22816,0.033,2.46,8.9,1538,0,5635,1.05,0.97,G5 V,167.598,273.60206,-66.41997,
TOI-1117 c,TOI-1117,3,Radial Velocity,2025,4.579,0.0534,2.91,8.78,1210,0,5635,1.05,0.97,G5 V,167.598,273.60206,-66.41997,
TOI-1117 d,TOI-1117,3,Radial Velocity,2025,8.665,0.0817,3.27,10.71,978,0,5635,1.05,0.97,G5 V,167.598,273.60206,-66.41997,
TOI-1130 b,TOI-1130,2,Transit,2020,4.074554,0.0453,3.66,19.8,825,0.0522,4360,0.697,0.745,K6-K7,58.2609,286.376,-41.43764,
TOI-1130 c,TOI-1130,2,Transit,2020,8.35019,0.0731,13,336,650,0.0398,4360,0.697,0.745,K6-K7,58.2609,286.376,-41.43764,
TOI-1135 b,TOI-1135,1,Transit,2024,8.027733,0.0815,9.92,58.798,1171,0.062,6320,1.202,1.119,G0,114.048,193.39637,85.1295,
TOI-1136 b,TOI-1136,6,Transit,2022,4.1727,0.05106,1.9,3.5,1216,0.027,5770,0.968,1.022,,84.5362,192.1849,64.85528,
TOI-1136 c,TOI-1136,6,Transit,2022,6.2574,0.0669,2.879,6.32,1062,0.11,5770,0.968,1.022,,84.5362,192.1849,64.85528,
TOI-1136 d,TOI-1136,6,Transit,2022,12.5199,0.1062,4.627,8.35,843,0.042,5770,0.968,1.022,,84.5362,192.1849,64.85528,
TOI-1136 e,TOI-1136,6,Transit,2022,18.801,0.14,2.639,6.07,737,0.0425,5770,0.968,1.022,,84.5362,192.1849,64.85528,
TOI-1136 f,TOI-1136,6,Transit,2022,26.321,0.174,3.736,9.7,658,0.001,5770,0.968,1.022,,84.5362,192.1849,64.85528,
TOI-1136 g,TOI-1136,6,Transit,2022,39.545,0.229,2.53,5.6,574,0.04,5770,0.968,1.022,,84.5362,192.1849,64.85528,
TOI-1173 b,TOI-1173,1,Transit,2024,7.06466,0.0696,9.19,27.4,868,0.023,5350,0.934,0.911,G9,132.353,197.6831,70.76801,
TOI-1174 b,TOI-1174,1,Transit,2024,8.953488,0.07994,2.562,32,713.8,0,5030,0.76,0.85,,94.6375,209.21718,68.61821,
TOI-1180 b,TOI-1180,1,Transit,2024,9.68676,0.080799,3.072,10,638.2,0,4738,0.73,0.75,,72.0238,214.55577,82.19376,
TOI-1181 b,TOI-1181,1,Transit,2022,2.103189,0.0364,17.026,374.72,1942.1,0.011,6054,1.961,1.467,F9 IV,302.819,297.21582,64.35435,
TOI-1184 b,TOI-1184,1,Transit,2024,5.748434,0.056027,2.39,6.8,715.5,0,4534,0.69,0.71,,58.5946,272.20452,60.67878,
TOI-1194 b,TOI-1194,1,Transit,2023,2.310645,0.034,8.717,120,1264.3,0,5394,0.9608,0.9835,,149.667,167.82148,69.96477,
TOI-1199 b,TOI-1199,1,Transit,2024,3.671463,0.04988,10.514,75.961,1486,0.03,5710,1.45,1.23,,248.427,166.88066,61.35257,
TOI-1201 b,TOI-1201,1,Transit,2021,2.491986,0.0287,2.415,6.28,703,0,3476,0.508,0.512,M2.0 V,37.8871,42.2477,-14.53728,
TOI-1203 b,TOI-1203,4,Radial Velocity,2025,4.157289,0.04869,1.52,3.51,1361.2,0.067,5737,1.179,0.886,G3 V,64.9943,168.22674,-34.40694,
TOI-1203 c,TOI-1203,4,Radial Velocity,2025,13.0766,0.104331,2.2,5.46,,0.092,5737,1.179,0.886,G3 V,64.9943,168.22674,-34.40694,a
TOI-1203.01,TOI-1203,4,Transit,2021,25.502672,0.1632,2.918,7.39,743.6,0.032,5737,1.179,0.886,G3 V,64.9943,168.22674,-34.40694,
TOI-1203 e,TOI-1203,4,Radial Velocity,2025,204.59,0.652641,7.31,42.1,,0.152,5737,1.179,0.886,G3 V,64.9943,168.22674,-34.40694,a
TOI-122 b,TOI-122,1,Transit,2020,5.07803,0.0392,2.72,7.85,471,0,3403,0.334,0.312,M3 V,62.118,332.94824,-58.94608,
TOI-1221 b,TOI-1221,1,Transit,2023,91.68278,0.387,2.91,1112.399,440,0.21,5592,1.031,0.93,,138.411,107.92103,-65.50886,
TOI-1224 b,TOI-1224,2,Transit,2024,4.178274,0.0355,2.104,5.08,541,,3326,0.404,0.4,,37.3312,37.19784,-80.89911,
TOI-1224 c,TOI-1224,2,Transit,2024,17.945466,0.098839,2.884,8.67,303.1,0,3326,0.404,0.4,,37.3312,37.19784,-80.89911,a
TOI-1226 b,TOI-1226,1,Transit,2026,3.928809,0.04889,2.41,6.39,1123.4,,5435,0.9869,1.01,,257.93,103.75484,-69.86713,a
TOI-1227 b,TOI-1227,1,Transit,2022,27.36397,0.0886,9.572,66.5,243.8,,3072,0.56,0.17,M4.5V-M5V,100.641,186.76736,-72.45185,
TOI-1230.01,TOI-1230,1,Transit,2021,25.057131,0.175064,3.24,10.6,688.6,,5696,1.1528,1.14,,143.138,118.12959,-83.82506,a
TOI-1231 b,TOI-1231,1,Transit,2021,24.245586,0.1288,3.65,15.4,329.6,0.087,3553,0.476,0.485,M3 V,27.6227,156.74726,-52.46787,
TOI-1232 b,TOI-1232,2,Transit,2026,14.256,0.117,10.929,220.573,785.7,0.065,5823,1.072,1.058,G1 V,328.604,116.5014,-61.87979,
TOI-1232 c,TOI-1232,2,Transit Timing Variations,2026,30.356,0.194,8.88,58.48,660,0.027,5823,1.072,1.058,G1 V,328.604,116.5014,-61.87979,
TOI-1235 b,TOI-1235,1,Transit,2020,3.444714,0.03845,1.69,6.69,775,0.049,3997,0.619,0.63,M0.5 V,39.6345,152.21825,69.27662,
TOI-1238 b,TOI-1238,2,Transit,2022,0.764597,0.0139,1.21,3.76,1133,0.25,4089,0.58,0.59,K7/M0,70.7145,201.38234,68.83607,
TOI-1238 c,TOI-1238,2,Transit,2022,3.294736,0.037,2.11,8.32,695,0.15,4089,0.58,0.59,K7/M0,70.7145,201.38234,68.83607,
TOI-1243 b,TOI-1243,1,Transit,2026,4.659478,0.043762,2.33,7.7,450,,3515,0.511,0.515,M2.0 V,43.1865,135.73264,71.63642,a
TOI-1244 b,TOI-1244,1,Transit,2024,6.400316,0.060694,2.467,6.6,714.9,0,4599,0.721,0.73,,102.551,256.27956,69.51909,
TOI-1246 b,TOI-1246,4,Transit,2022,4.30744,0.049,3.01,8.1,955,,5151,0.86,0.87,K V,169.422,251.11587,70.42999,
TOI-1246 c,TOI-1246,4,Transit,2022,5.904137,0.061,2.451,9.1,862.5,0,5213,0.8649,0.8889,K V,169.422,251.11587,70.42999,
TOI-1246 d,TOI-1246,4,Transit,2022,18.654874,0.132,3.431,5.4,587.8,0,5213,0.8649,0.8889,K V,169.422,251.11587,70.42999,
TOI-1246 e,TOI-1246,4,Transit,2022,37.92548,0.212,3.514,14.5,464,0,5213,0.8649,0.8889,K V,169.422,251.11587,70.42999,
TOI-1248 b,TOI-1248,1,Transit,2024,4.360156,0.051,6.808,27.4,952.1,0,5205,0.8686,0.9042,,168.735,259.02359,63.10561,
TOI-1249 b,TOI-1249,1,Transit,2024,13.079151,0.109,3.271,11.9,726.9,0,5497,0.9785,1.0062,,139.49,200.56158,66.30853,
TOI-125 b,TOI-125,3,Transit,2019,4.65382,0.05186,2.726,9.5,1037,0.194,5320,0.848,0.859,K0 V,111.059,23.59343,-66.67635,
TOI-125 c,TOI-125,3,Transit,2019,9.15059,0.0814,2.759,6.63,827.8,0.066,5320,0.848,0.859,K0 V,111.059,23.59343,-66.67635,
TOI-125 d,TOI-125,3,Transit,2020,19.98,0.137,2.93,13.6,638.1,0.168,5320,0.848,0.859,K0 V,111.059,23.59343,-66.67635,
TOI-1259 A b,TOI-1259 A,1,Transit,2021,3.477979,0.0408,11.6,141,963,0,4775,0.715,0.746,,118.106,282.10017,79.25648,
TOI-1260 b,TOI-1260,3,Transit,2021,3.127463,0.0367,2.41,8.56,871,0,4227,0.672,0.679,K6 V,73.5977,157.14407,65.8542,
TOI-1260 c,TOI-1260,3,Transit,2021,7.493134,0.0657,2.76,13.2,651,0,4227,0.672,0.679,K6 V,73.5977,157.14407,65.8542,
TOI-1260 d,TOI-1260,3,Transit,2022,16.608164,0.1116,3.12,11.84,499,0,4227,0.672,0.679,K6 V,73.5977,157.14407,65.8542,
TOI-1266 b,TOI-1266,3,Transit,2020,10.8945,0.073,2.52,4.46,415,0.039,3563,0.4232,0.437,M2,36.0118,197.99658,65.8337,
TOI-1266 c,TOI-1266,3,Transit,2020,18.8027,0.105,1.98,3.17,346,0.071,3563,0.4232,0.437,M2,36.0118,197.99658,65.8337,
TOI-1266 d,TOI-1266,3,Transit Timing Variations,2025,32.509,0.1513,1.74,3.68,288,0.087,3563,0.4232,0.437,M2,36.0118,197.99658,65.8337,
TOI-1268 b,TOI-1268,1,Transit,2022,8.157709,0.0711,9.1,96.4,918.9,0.105,5300,0.92,0.96,K1-K2,109.557,198.38858,62.30538,
TOI-1269 b,TOI-1269,2,Transit,2024,4.252991,0.0496,2.401,6.4,1004.9,0,5499,0.8521,0.9027,,172.138,249.69664,64.55918,
TOI-1269 c,TOI-1269,2,Transit,2026,9.237861,0.083273,2.23,5.6,757,,5554,0.8489,0.9027,,172.138,249.69664,64.55918,a
TOI-1272 b,TOI-1272,1,Transit,2022,3.315977,0.041,4.26,24.1,1051,0.345,4985,0.8,0.828,K2 V - K3 V,137.572,199.1962,49.86106,
TOI-1273 b,TOI-1273,1,Transit,2024,4.631296,0.0549,11.097,70.558,1211,0.055,5690,1.06,1.06,,177.118,214.12086,58.39025,
TOI-1278 b,TOI-1278,1,Transit,2021,14.47567,0.095,12.218,5879.826,407.9,0.013,3799,0.573,0.54,M0 V,75.5759,320.47844,35.64863,
TOI-1279 b,TOI-1279,1,Transit,2024,9.61419,0.085,2.661,10.6,759,0,5457,0.8426,0.8784,,107.055,185.06287,56.20141,
TOI-128.01,TOI-128,1,Transit,2024,4.940468,0.05381,2.219,5.56,1344.5,,6086,1.13,0.852,,68.4727,79.52094,-80.96438,
TOI-1288 b,TOI-1288,2,Transit,2022,2.699828,0.0374,4.968,44.1,1203.4,0,5388,0.9583,0.9552,G V,114.865,313.16703,65.60878,
TOI-1288 c,TOI-1288,2,Radial Velocity,2022,416,1.07,11.1,85.7,245.9,0,5388,0.9583,0.9552,G V,114.865,313.16703,65.60878,
TOI-1291 b,TOI-1291,1,Transit,2026,7.16201,0.077272,5.638,27.1,1649,,6140,1.8109,1.2,,428.123,245.81801,62.92512,a
TOI-1294 b,TOI-1294,2,Transit,2024,3.915292,0.051,10.124,63.9,1392.7,0,5718,1.5566,1.1578,,332.648,223.09264,70.47656,
TOI-1294 c,TOI-1294,2,Radial Velocity,2024,159.9,0.61,14.3,147,440.4,0,5718,1.5566,1.1578,,332.648,223.09264,70.47656,
TOI-1295 b,TOI-1295,1,Transit,2024,3.196884,0.047,15.693,451.316,2360,0.024,6280,1.7,1.38,F,388.227,256.6722,67.8715,
TOI-1296 b,TOI-1296,1,Transit,2021,3.944374,0.051,14.116,95.3,1414.8,0,5567,1.7031,1.1576,,323.265,256.77064,70.23848,
TOI-1298 b,TOI-1298,1,Transit,2021,4.537143,0.057,9.658,99,1278,0,5752,1.4536,1.2187,,319.036,241.3229,70.19004,
TOI-1301.01,TOI-1301,1,Transit,2024,6.096407,0.059866,2.477,6.7,737.4,,4820,0.732,0.77,,90.8693,275.86254,71.58175,
TOI-132 b,TOI-132,1,Transit,2020,2.109702,0.026,3.42,22.4,1395,0.059,5397,0.9,0.97,G8 V,163.678,338.39966,-43.43687,
TOI-1333 b,TOI-1333,1,Transit,2021,4.720219,0.0626,15.648,753.257,1679,0.073,6274,1.925,1.464,,200.492,325.01454,48.40677,
TOI-1338 b,TOI-1338 A,2,Transit,2020,95.4001,0.4607,7.661,11.3,254.7,0.0331,5723,1.313,1.0936,F8,399.017,92.1331,-59.54099,
TOI-1338 c,TOI-1338 A,2,Radial Velocity,2023,215.79,0.794,10.3,75.4,354.9,0.037,5723,1.313,1.0936,F8,399.017,92.1331,-59.54099,
TOI-1346 b,TOI-1346,2,Transit,2025,1.762254,0.026725,2.39,6.3,1324,,5099,0.78,0.82,,115.45,256.62268,68.8433,a
TOI-1346 c,TOI-1346,2,Transit,2025,5.502558,0.057094,2.23,5.6,928,,5099,0.78,0.82,,115.45,256.62268,68.8433,a
TOI-1347 b,TOI-1347,2,Transit,2024,0.847423,0.0171,1.8,11.1,1400,0,5464,0.83,0.913,,147.476,280.32668,70.29005,
TOI-1347 c,TOI-1347,2,Transit,2024,4.841962,0.0546,1.6,6.4,1000,0,5464,0.83,0.913,,147.476,280.32668,70.29005,
TOI-1386 b,TOI-1386,2,Transit,2024,25.8401,0.173,6.216,45.8,615,0,5735,1.0235,1.0363,G5V,146.858,334.5041,54.31905,
TOI-1386 c,TOI-1386,2,Radial Velocity,2024,232,0.75,10.3,75.2,327.4,0.38,5735,1.0235,1.0363,G5V,146.858,334.5041,54.31905,
TOI-139 b,TOI-139,1,Transit,2023,11.07085,0.085903,2.457,6.6,561.2,,4570,0.7007,0.69,,42.4061,336.40241,-34.90971,a
TOI-1408 c,TOI-1408,2,Transit Timing Variations,2024,2.1664,0.03587,2.22,7.6,1864,0.1353,6117,1.53,1.312,F8 V,139.484,313.51105,72.58065,
TOI-1408 b,TOI-1408,2,Transit,2023,4.42587,0.05778,25,593,1293,0.0023,6117,1.53,1.312,F8 V,139.484,313.51105,72.58065,
TOI-1410.01,TOI-1410,2,Transit,2024,1.21687,0.0207,3.101,12.5,1236.7,0,4635,0.7558,0.7941,,72.7512,334.88285,42.56031,
TOI-1410 c,TOI-1410,2,Radial Velocity,2024,47.56,0.239,5.63,27,397.4,0,4635,0.7558,0.7941,,72.7512,334.88285,42.56031,
TOI-1411 b,TOI-1411,1,Transit,2022,1.452053,0.02122,1.199,2,976.4,0,4115,0.614,0.6045,,32.4778,232.94605,47.05555,
TOI-1416 b,TOI-1416,1,Transit,2023,1.069757,0.019,1.62,3.48,1517,0,4884,0.793,0.798,G9 V,55.0135,216.92349,41.95299,
TOI-1420 b,TOI-1420,1,Transit,2023,6.956106,0.071,11.89,25.1,957,0.17,5510,0.923,0.987,,201.918,322.94181,66.34901,
TOI-1422 b,TOI-1422,2,Transit,2022,12.99894,0.107,3.83,9.5,870,0.2,5840,1.019,0.9903,G2 V,155.141,354.24083,39.63928,
TOI-1422 c,TOI-1422,2,Radial Velocity,2025,34.5633,0.205,2.61,14,628,0.2,5840,1.019,0.9903,G2 V,155.141,354.24083,39.63928,
TOI-1431 b,TOI-1431,1,Transit,2021,2.650237,0.046,16.701,991.625,2370,0.0022,7690,1.92,1.9,Am C,148.925,316.20369,55.58802,
TOI-1437 b,TOI-1437,1,Transit,2024,18.840942,0.14,2.24,9.6,794.2,0.17,6008,1.17,1.1,,103.297,256.13875,56.84255,
TOI-1438 b,TOI-1438,2,Transit,2025,5.13967,0.0553,3.04,9.4,971,0,5230,0.82,0.876,K0 V,110.513,280.92378,74.93783,
TOI-1438 c,TOI-1438,2,Transit,2025,9.428089,0.083,2.75,10.6,794,0,5230,0.82,0.876,K0 V,110.513,280.92378,74.93783,
TOI-1439 b,TOI-1439,1,Transit,2024,27.644,0.192,4.243,38.5,748.4,0.157,5841,1.6184,1.2313,,230.306,241.76394,67.87764,
TOI-1442 b,TOI-1442,1,Transit,2022,0.409068,0.0071,1.17,1.71,1072,,3330,0.31,0.29,,41.1659,287.2921,74.17428,
TOI-1443 b,TOI-1443,1,Transit,2024,23.540678,0.147,2.304,30,520.7,0,5224,0.7511,0.7663,,85.8034,297.39868,76.13918,
TOI-1444 b,TOI-1444,1,Transit,2021,0.470274,0.0116,1.418,3.58,2130,0,5460,0.9105,0.9513,G,125.463,305.47493,70.94371,
TOI-1448 b,TOI-1448,1,Transit,2024,8.112245,0.0567,2.749,19.5,426,0.36,3412,0.38,0.372,,73.3345,316.324,57.77109,
TOI-1450 A b,TOI-1450 A,2,Transit,2024,2.043927,0.024679,1.13,1.258,722,,3437,0.483,0.48,M3.0 V,22.4467,286.85406,59.08663,a
TOI-1450 A c,TOI-1450 A,2,Transit,2024,5.0688,0.045216,1.13,1.527,533,,3437,0.483,0.48,M3.0 V,22.4467,286.85406,59.08663,a
TOI-1451 b,TOI-1451,1,Transit,2024,16.537944,0.127,2.611,15.2,723.3,0,5801,1.0162,1.0022,,91.9362,186.52428,61.25893,
TOI-1452 b,TOI-1452,1,Transit,2022,11.06201,0.061,1.672,4.82,326,0,3185,0.275,0.249,M4 +/- 0.5 V,30.5212,290.17397,73.19511,
TOI-1453 b,TOI-1453,2,Transit,2025,4.313523,0.046373,1.173,2.32,944.2,0,4975,0.72,0.715,,78.7415,258.22327,57.19778,a
TOI-1453 c,TOI-1453,2,Transit,2025,6.588698,0.061505,2.224,2.95,819.8,0,4975,0.72,0.715,,78.7415,258.22327,57.19778,a
TOI-1466 b,TOI-1466,1,Transit,2026,1.871906,0.025881,2.467,6.65,1001,,4435,0.7496,0.66,,86.5783,307.39653,61.55073,a
TOI-1467 b,TOI-1467,1,Transit,2024,5.971147,0.050748,1.92,9,506.1,0,3834,0.491,0.489,,37.4418,19.11464,49.23314,
TOI-1468 b,TOI-1468,2,Transit,2022,1.88052,0.02107,1.401,3.04,683.5,0.0099,3376,0.3714,0.3527,M3.0 V,24.7399,16.65387,19.22492,
TOI-1468 c,TOI-1468,2,Transit,2022,15.532477,0.08608,2.126,4.1,338.1,0.111,3376,0.3714,0.3527,M3.0 V,24.7399,16.65387,19.22492,
TOI-1470 b,TOI-1470,2,Transit,2023,2.527093,0.0285,2.18,7.32,734,0.3,3709,0.469,0.471,M1.5 V,51.9503,10.08914,61.21339,
TOI-1470 c,TOI-1470,2,Transit,2023,18.08816,0.106,2.47,7.24,373,0.5,3709,0.469,0.471,M1.5 V,51.9503,10.08914,61.21339,
TOI-1472 b,TOI-1472,2,Transit,2024,6.363386,0.064,4.058,18.05,891,0.041,5100,0.84,0.87,,121.84,14.11426,48.63752,
TOI-1472 c,TOI-1472,2,Radial Velocity,2025,15.538175,0.116,3.334,21.13,662,0.172,5100,0.84,0.87,,121.84,14.11426,48.63752,
TOI-1478 b,TOI-1478,1,Transit,2021,10.180212,0.0818,11.994,279.689,918,0.055,5597,1.048,0.947,,152.892,126.43374,-13.55955,
TOI-150.01,TOI-150,1,Transit,2019,5.857487,0.07037,14.067,797.753,1404.5,0.262,6255,1.526,1.351,F,336.267,112.96542,-73.60604,
TOI-1516 b,TOI-1516,1,Transit,2022,2.056014,0.033057,15.244,1004.338,1839,,6520,1.14,1.14,F8 V,247.054,340.08462,69.50373,a
TOI-1518 b,TOI-1518,1,Transit,2021,1.902611,0.03712,21.05,581.626,2546,0.01,7299,1.942,1.88,F0,225.888,352.26752,67.03481,
TOI-1533 b,TOI-1533,2,Transit,2026,3.645797,0.0445,2.89,28.1,1011,0,5146,0.849,0.88,,100.051,355.24672,57.48524,
TOI-1533 c,TOI-1533,2,Transit,2026,8.063793,0.076,7.5,36.6,628,0,5146,0.849,0.88,,100.051,355.24672,57.48524,
TOI-157 b,TOI-157,1,Transit,2020,2.084544,0.03138,14.415,375.039,1588,0,5404,1.167,0.948,G9 IV,355.683,73.70144,-76.68061,
TOI-159 b,TOI-159,1,Transit,2026,3.76284,0.056,18.18,1110,1891,0.24,7287,1.62,1.661,F0 V,347.593,51.78227,-78.54983,
TOI-1601 b,TOI-1601,1,Transit,2021,5.33175,0.069,14.199,387,1494,0,5982,2.195,1.5055,,336.608,38.36157,41.01343,
TOI-163 b,TOI-163,1,Transit,2019,4.231306,0.058,16.69,387.753,1669,0,6495,1.648,1.4352,F,411.719,79.76825,-71.89553,
TOI-1630.01,TOI-1630,1,Transit,2024,12.055735,0.101151,2.417,6.42,584,,5504,0.83,0.95,,66.0929,352.01668,75.55261,
TOI-1634 b,TOI-1634,2,Transit,2021,0.989346,0.01544,1.759,4.9,900,0,3550,0.45,0.502,M2,35.2736,56.39061,37.11228,
TOI-1634 c,TOI-1634,2,Radial Velocity,2022,103,0.329779,,,,0,3472,0.45,0.451,M2,35.2736,56.39061,37.11228,a
TOI-1648 b,TOI-1648,1,Transit,2025,7.331602,0.0694,2.54,7.4,799,0.178,4850,0.81,0.83,,69.835,45.40118,69.22992,
TOI-1659.01,TOI-1659,1,Transit,2024,5.877556,0.065757,2.255,5.71,1031.1,,5977,1.006,1.1,,122.494,277.92519,82.30595,
TOI-1669 c,TOI-1669,2,Transit,2024,2.680054,0.0376,2.296,13,1285.2,0,5497,1.0561,0.9867,,111.276,45.95647,83.58743,
TOI-1669 b,TOI-1669,2,Radial Velocity,2023,500,1.27,14.1,191,241.7,0,5497,1.0561,0.9867,,111.276,45.95647,83.58743,
TOI-1670 b,TOI-1670,2,Transit,2022,10.98462,0.103,2.06,41.318,1062,0.59,6170,1.316,1.21,F7 V,168.067,259.01725,72.16118,
TOI-1670 c,TOI-1670,2,Transit,2022,40.74976,0.249,11.063,200.232,684,0.09,6170,1.316,1.21,F7 V,168.067,259.01725,72.16118,
TOI-1680 b,TOI-1680,1,Transit,2023,4.802634,0.03144,1.466,2.75,404,,3225,0.2106,0.1798,M4.5+/-0.5,37.2209,292.31398,65.9738,
TOI-1683.01,TOI-1683,1,Transit,2024,3.057536,0.036508,2.638,7.45,929.2,,4402,0.7,0.6947,,51.1884,65.97965,27.82237,
TOI-1685 b,TOI-1685,1,Transit,2021,0.669139,0.01164,1.421,3.07,1000,0,3470,0.462,0.466,M3 V,37.6153,68.59395,43.03704,
TOI-169 b,TOI-169,1,Transit,2020,2.255448,0.03524,12.173,251.404,1715,0,5880,1.288,1.147,G1 V,407.84,16.77869,-75.19895,
TOI-1691 b,TOI-1691,1,Transit,2024,16.736889,0.129365,3.66,14.6,703.5,0,5759,1,1.03,,111.445,272.40412,86.86034,
TOI-1693 b,TOI-1693,1,Transit,2022,1.766696,0.0226,1.41,2.57,764,,3499,0.46,0.49,,30.7947,90.30835,34.77309,
TOI-1694 b,TOI-1694,2,Transit,2023,3.770139,0.0445,5.27,28.24,1037,0.122,5005,0.812,0.828,K2 V - K3 V,124.68,97.74871,66.3606,
TOI-1694 c,TOI-1694,2,Radial Velocity,2023,386.25,0.974,13.8,316.557,222,0.111,5005,0.812,0.828,K2 V - K3 V,124.68,97.74871,66.3606,
TOI-1695 b,TOI-1695,1,Transit,2022,3.134279,0.033548,1.9,6.36,698,0.097,3690,0.515,0.513,M1 V,45.1309,21.92173,72.29661,
TOI-1696 b,TOI-1696,1,Transit,2022,2.500311,0.0229,3.09,48.8,489,0,3185,0.2775,0.255,M5V,64.9172,65.28065,48.81983,
TOI-1710 b,TOI-1710,1,Transit,2022,24.28336,0.163,5.258,13.2,603,0.04,5730,0.968,1.0258,G5 V,81.2271,94.28384,76.21102,
TOI-1716.01,TOI-1716,1,Transit,2024,8.082377,0.080496,3.143,10,959,,5879,1.24,1.07,,104.158,105.08333,56.82419,
TOI-1718 b,TOI-1718,1,Transit,2026,5.587038,0.060148,4.108,15.8,948,,5305,0.9393,0.93,,52.3044,112.01803,30.32173,a
TOI-172 b,TOI-172,1,Transit,2019,9.47725,0.0914,10.817,1722.639,1198,0.3806,5645,1.777,1.128,,342.831,316.63188,-26.69287,
TOI-1722 b,TOI-1722,1,Transit,2026,9.605232,0.092971,4.383,17.6,952,,6000,1.0941,1.162,,136.419,114.34521,61.15392,a
TOI-1723 b,TOI-1723,1,Transit,2024,13.727013,0.113496,3.435,10.4,783,0,5777,1.09,1.04,,100.727,116.7972,68.47668,
TOI-1728 b,TOI-1728,1,Transit,2020,3.49151,0.0391,5.05,26.78,767,0.057,3980,0.6243,0.646,M0,60.798,120.61168,64.79715,
TOI-1732 b,TOI-1732,1,Transit,2026,4.119237,0.042741,2.495,6.78,657.8,,4202,0.6326,0.6139,,74.7599,111.80145,53.04527,a
TOI-1736 b,TOI-1736,2,Transit,2023,7.073076,0.073,3.182,12.3,1099.8,0,5636,1.4286,1.0373,,88.9482,43.43446,69.10134,
TOI-1736 c,TOI-1736,2,Radial Velocity,2023,571.25,1.37,12.5,2800,249,0.3685,5636,1.4286,1.0373,,88.9482,43.43446,69.10134,
TOI-1739 b,TOI-1739,1,Transit,2024,8.303341,0.073872,1.946,4.45,755.5,,4814,0.781,0.78,,70.9819,240.17248,83.25866,
TOI-1742 b,TOI-1742,1,Transit,2024,21.269084,0.154,2.365,9.7,694.1,0.3,5815,1.131,1.0861,,72.8871,257.32887,71.87667,
TOI-1743 b,TOI-1743,1,Transit,2025,4.266046,0.03589,1.83,4.01,485,,3277,0.338,0.339,M4 V,41.2758,257.74733,71.8722,
TOI-1744.01,TOI-1744,1,Transit,2024,22.341703,0.164086,2.68,7.65,598,,6179,1.14,1.18,,114.39,294.29107,60.8813,
TOI-1749 b,TOI-1749,3,Transit,2021,2.38839,0.0291,1.39,57,831,0.14,3985,0.55,0.58,M0 V,99.5561,282.73723,64.41947,
TOI-1749 c,TOI-1749,3,Transit,2021,4.4929,0.0443,2.12,14,673,0.019,3985,0.55,0.58,M0 V,99.5561,282.73723,64.41947,
TOI-1749 d,TOI-1749,3,Transit,2021,9.0497,0.0707,2.52,15,533,0.062,3985,0.55,0.58,M0 V,99.5561,282.73723,64.41947,
TOI-1750 b,TOI-1750,1,Transit,2026,11.337271,0.090409,2.789,8.19,612.9,,4684,0.7687,0.767,,162.46,240.30198,68.9373,a
TOI-1751 b,TOI-1751,1,Transit,2024,37.46852,0.215,2.951,19.5,651.6,0.327,5970,1.3137,0.9382,,113.335,243.48885,63.53353,
TOI-1752 b,TOI-1752,2,Transit,2026,0.935186,0.01624,1.693,3.51,1036,,3762,0.53,0.524,M1.0&plusmn0.5 V,103.021,253.46149,60.70962,
TOI-1752 c,TOI-1752,2,Transit,2026,32.71443,0.1614,2.29,5.86,291,,3762,0.53,0.524,M1.0&plusmn0.5 V,103.021,253.46149,60.70962,
TOI-1753 b,TOI-1753,1,Transit,2024,5.38461,0.059,2.479,16.6,1005.4,0,5621,0.9715,0.9483,,226.671,252.46984,61.17358,
TOI-1756 b,TOI-1756,1,Transit,2026,2.783017,0.031849,1.942,4.43,696.4,,3892,0.5626,0.5565,,86.7159,306.32877,77.63641,a
TOI-1758 b,TOI-1758,1,Transit,2024,20.705075,0.141409,3.62,6.9,551.4,0,5169,0.81,0.88,,96.6215,354.74158,75.68523,
TOI-1759 b,TOI-1759,1,Transit,2022,18.85019,0.1177,3.14,10.8,443,0,4065,0.597,0.606,M0.0 V,40.0654,326.85166,62.75382,
TOI-1768.01,TOI-1768,1,Transit,2024,7.337704,0.076381,3.453,11.8,1566,,5994,1.1,1.1,,157.597,152.10278,55.53996,
TOI-1772.01,TOI-1772,1,Transit,2024,8.054247,0.078375,2.905,8.78,877.7,,5583,0.995,0.99,,97.7562,156.8377,34.39095,
TOI-1774.01,TOI-1774,2,Transit,2021,16.70988,0.12753,2.78,8.5,824,0.05,5746,1.1303,0.991,,53.974,148.16193,35.11101,a
HD 85426 c,TOI-1774,2,Radial Velocity,2026,35.73,0.211667,3.19,10.3,640,0.06,5746,1.1303,0.991,,53.974,148.16193,35.11101,a
TOI-1775 b,TOI-1775,1,Transit,2024,10.240555,0.08,8.047,96,707.9,0,5284,0.8288,0.9218,,149.234,150.1151,39.45775,
TOI-1776 b,TOI-1776,1,Transit,2024,2.799868,0.0378,1.216,1.4,1269.2,0,5785,0.9356,0.9196,,44.647,164.77729,40.98372,
TOI-1777.01,TOI-1777,1,Transit,2024,14.650112,0.119466,2.246,5.67,580,,5859,0.98,1.06,,79.7665,151.80703,46.11488,
TOI-178 b,TOI-178,6,Transit,2021,1.91456,0.02607,1.2,0.96,1040,,4316,0.662,0.647,K,62.699,7.30201,-30.45412,
TOI-178 c,TOI-178,6,Transit,2021,3.238486,0.037,1.754,4.64,873,0.0003,4316,0.662,0.647,K,62.699,7.30201,-30.45412,
TOI-178 d,TOI-178,6,Transit,2021,6.557569,0.0592,2.695,5.2,690,0.0068,4316,0.662,0.647,K,62.699,7.30201,-30.45412,
TOI-178 e,TOI-178,6,Transit,2021,9.96318,0.0783,2.301,3.48,600,0.0004,4316,0.662,0.647,K,62.699,7.30201,-30.45412,
TOI-178 f,TOI-178,6,Transit,2021,15.23335,0.1039,2.417,5.63,521,0.0004,4316,0.662,0.647,K,62.699,7.30201,-30.45412,
TOI-178 g,TOI-178,6,Transit,2021,20.71663,0.1275,2.939,4.4,470,0.0004,4316,0.662,0.647,K,62.699,7.30201,-30.45412,
TOI-1782.02,TOI-1782,2,Transit,2024,1.829024,0.025739,1.839,4.04,975,,4336,0.669,0.68,,95.2649,213.07877,74.41179,
TOI-1782.01,TOI-1782,2,Transit,2024,4.987641,0.05024,2.368,6.2,697.8,,4336,0.669,0.68,,95.2649,213.07877,74.41179,
TOI-1789 b,TOI-1789,1,Transit,2021,3.208664,0.04882,16.141,222.48,1927,,5991,2.168,1.507,F,229.067,142.74341,26.54,
TOI-1794 b,TOI-1794,1,Transit,2024,8.765528,0.082,3.297,8.7,992.9,0,5631,1.3162,0.9698,,155.791,203.39749,49.06084,
TOI-1798.02,TOI-1798,2,Transit,2024,0.437812,0.010789,1.464,5.6,1935.8,0,5165,0.78,0.87,,113.181,211.09394,46.51928,
TOI-1798.01,TOI-1798,2,Transit,2024,8.021522,0.074984,2.448,6.5,734.3,0,5165,0.78,0.87,,113.181,211.09394,46.51928,
TOI-1799 b,TOI-1799,1,Transit,2024,7.094571,0.072502,1.642,4,922.7,0,5690,0.957,1.01,,62.1274,167.23292,34.30301,
TOI-1801 b,TOI-1801,1,Transit,2023,10.64387,0.075,2.079,5.738,493.7,0,3863,0.547,0.556,M0.5+/-0.5 V,30.6796,175.5756,23.02703,
TOI-1803 b,TOI-1803,2,Transit,2025,6.293287,0.06,2.99,10.32,747,0,4687,0.715,0.756,,119.24,178.04611,35.1718,
TOI-1803 c,TOI-1803,2,Transit,2025,12.885779,0.097,4.29,8,588,0,4687,0.715,0.756,,119.24,178.04611,35.1718,
TOI-1806.01,TOI-1806,1,Transit,2024,15.145469,0.087735,3.41,11.5,337.5,,3272,0.4016,0.3929,,55.5211,166.11815,30.45858,
TOI-1807 b,TOI-1807,1,Transit,2021,0.549371,0.0122,1.497,2.44,1694.1,0,4914,0.746,0.8048,,42.5775,201.28263,38.92237,
TOI-181 b,TOI-181,1,Transit,2023,4.532,0.0539,6.956,46.169,895.1,0.1543,4994,0.745,0.822,K,96.2338,352.17254,-34.49141,
TOI-1811 b,TOI-1811,1,Transit,2023,3.713077,0.04389,11.142,308.929,962.2,0.052,4766,0.769,0.817,,128.23,188.92236,27.21438,
TOI-1820 b,TOI-1820,1,Transit,2022,4.860674,0.061,12.778,731.005,1375,0.043,5734,1.51,1.04,,248.504,187.68672,27.452,
TOI-1823 b,TOI-1823,1,Transit,2024,38.8,0.212,7.541,67.4,423.6,0,4927,0.8049,0.8414,,71.6456,196.21972,63.75326,
TOI-1824 b,TOI-1824,1,Transit,2024,22.808533,0.151,2.744,16,528.7,0,5165,0.8123,0.8801,,59.4314,197.73123,61.74485,
TOI-1836 c,TOI-1836,2,Transit,2024,1.772747,0.03089,2.6,8,2007.6,0,6237,1.6454,1.2518,,191.649,245.90792,54.69008,
TOI-1836 b,TOI-1836,2,Transit,2024,20.380799,0.1597,8.003,38.457,966,0,6380,1.577,1.307,,191.649,245.90792,54.69008,
TOI-1839 b,TOI-1839,2,Transit,2026,1.423784,0.024211,2.219,5.56,1405.3,,5316,0.8481,0.934,,116.086,196.83311,5.85205,a
TOI-1839 c,TOI-1839,2,Transit,2026,4.023939,0.048398,2.409,6.39,,,5316,0.8481,0.934,,116.086,196.83311,5.85205,a
TOI-1842 b,TOI-1842,1,Transit,2021,9.573918,0.1,12.349,89.4,1199.5,0.276,6039,2.032,1.4643,,223.465,201.96266,9.03064,
TOI-1846 b,TOI-1846,1,Transit,2025,3.930674,0.03646,1.792,3.87,568.1,,3568,0.397,0.418,,47.2496,257.95496,54.52785,
TOI-1853 b,TOI-1853,1,Transit,2023,1.243626,0.0213,3.46,73.2,1479,0.03,4985,0.808,0.837,K2.5 V,165.105,211.45935,16.99237,
TOI-1855 b,TOI-1855,1,Transit,2024,1.364149,0.02398,18.495,360.1,1701,0.033,5359,1.041,0.987,,176.833,205.35395,17.68687,
TOI-1859 b,TOI-1859,1,Transit,2023,63.48347,0.337,9.752,68.6,615,0.57,6341,1.36,1.287,,224.385,279.83176,69.52287,
TOI-1860 b,TOI-1860,1,Transit,2022,1.066211,0.0204,1.31,2.27,1885,,5752,0.94,0.99,G V,45.864,226.45673,64.04768,
TOI-1873 b,TOI-1873,1,Transit,2026,7.005727,0.072011,2.864,8.57,923.5,,5598,0.9717,1.015,,182.014,212.56848,84.37186,a
TOI-1883 b,TOI-1883,1,Transit,2024,4.508,0.0423,5.65,13.7,544,0,3554,0.506,0.495,M,115.369,134.08925,-12.93064,
TOI-1898 b,TOI-1898,1,Transit,2024,45.52234,0.269,9.396,129,674.5,0.485,6241,1.6131,1.2484,,79.6682,144.5553,23.54675,
TOI-1899 b,TOI-1899,1,Transit,2020,29.090312,0.1525,11.097,212.945,378,0.044,3926,0.607,0.632,M0,128.438,299.42685,40.14335,
TOI-1937 A b,TOI-1937 A,1,Transit,2023,0.946679,0.01932,13.978,638.835,2097,0,5814,1.08,1.072,,415.135,116.37072,-52.38326,
TOI-198 b,TOI-198,1,Transit,2023,10.215213,0.0675,1.36,3.17,456,0.15,3801,0.418,0.417,M0 V,23.7262,2.27151,-27.12175,
TOI-199 b,TOI-199,2,Transit,2023,104.854,0.4254,9.079,54.031,325,0.09,5255,0.82,0.936,G9 V,102.27,80.10587,-59.89543,
TOI-199 c,TOI-199,2,Transit Timing Variations,2023,273.69,0.807,11.4,88.992,255.4,0.096,5255,0.82,0.936,G9 V,102.27,80.10587,-59.89543,
TOI-1994 b,TOI-1994,1,Transit,2024,4.033714,0.0613,13.675,7024.008,2290,0.341,7700,2.3,1.86,,515.603,147.17458,-51.75656,
TOI-2000 b,TOI-2000,2,Transit,2023,3.09833,0.04271,2.7,11,1488,0,5611,1.134,1.082,,175.713,146.39706,-66.68663,
TOI-2000 c,TOI-2000,2,Transit,2023,9.127055,0.0878,8.14,81.7,1038,0.063,5611,1.134,1.082,,175.713,146.39706,-66.68663,
TOI-2005 b,TOI-2005,1,Transit,2025,17.305904,0.16,11.994,2034.102,1221.4,0.597,7130,2.02,1.59,,328.475,164.03165,-43.3767,
TOI-201 d,TOI-201,3,Transit,2026,5.84889,0.0698,1.39,5.8,1237,0.3,6423,1.31,1.32,F,113.825,87.40178,-54.91042,
TOI-201 b,TOI-201,3,Transit,2021,52.9786,0.303,11.4,164,759,0.275,6423,1.31,1.32,F,113.825,87.40178,-54.91042,
TOI-201 c,TOI-201,3,Transit Timing Variations,2025,2890,4.37,10.4,4990,169.6,0.651,6423,1.31,1.32,F,113.825,87.40178,-54.91042,
TOI-2010 b,TOI-2010,1,Transit,2023,141.834025,0.5516,11.814,408.727,400.2,0.212,5929,1.079,1.112,F0,109.19,292.16694,53.48737,
TOI-2015 b,TOI-2015,2,Transit,2023,3.348237,0.029322,3.309,9.2,530.9,0.0789,3297,0.3273,0.3041,M4 +/- 0.5,47.3444,232.13265,27.36107,
TOI-2015 c,TOI-2015,2,Transit Timing Variations,2025,5.582796,0.041232,2.93,8.91,448,0.0003,3297,0.3273,0.3041,M4 +/- 0.5,47.3444,232.13265,27.36107,
TOI-2018 b,TOI-2018,1,Transit,2023,7.435583,0.061817,2.268,9.2,576.3,0,4174,0.62,0.57,K V,27.9956,229.83744,29.20788,a
TOI-2019 b,TOI-2019,1,Transit,2024,15.3444,0.128,5.333,34.4,917.5,0,5626,1.7457,1.1832,,198.007,234.43177,48.95521,
TOI-2025 b,TOI-2025,1,Transit,2022,8.872098,0.0892,11.893,1144.182,1166,0.394,5977,1.459,1.199,,335.985,282.79526,82.24541,
TOI-2031 A b,TOI-2031 A,1,Transit,2025,5.715487,0.066,14.202,254.263,1358,0.076,6490,1.241,1.174,,276.105,331.11781,81.56595,
TOI-2046 b,TOI-2046,1,Transit,2022,1.497184,0.026678,16.141,731.005,1828.8,,6250,1.21,1.13,F8 V,289.668,16.18494,74.33131,a
TOI-2048 b,TOI-2048,1,Transit,2022,13.79019,0.105766,2.61,7.32,646,0.13,5185,0.79,0.83,G V,116.567,237.92411,52.30631,a
TOI-205 b,TOI-205,1,Transit,2026,4.253008,0.054592,2.501,6.81,1799.5,,6303,1.4538,1.2,,177.759,7.97546,-56.96508,a
TOI-206 b,TOI-206,1,Transit,2022,0.73631,0.0112,1.3,2.24,910,,3383,0.35,0.35,,47.7465,73.73822,-62.52187,
TOI-2068 b,TOI-2068,1,Transit,2024,7.768915,0.0632,1.821,3.97,520.6,,3710,0.535,0.559,,52.9328,186.27356,60.41835,
TOI-2071 b,TOI-2071,1,Transit,2026,5.673954,0.063539,2.565,7.1,1029.3,,5755,1.0029,1.063,,231.311,256.60118,57.66103,a
TOI-2076 e,TOI-2076,4,Transit,2025,3.022375,0.03863,1.301,4.7,1110,0,5187,0.758,0.849,K V,41.9091,217.39202,39.7904,
TOI-2076 b,TOI-2076,4,Transit,2021,10.35504,0.08781,2.59,6.7,736,0.0114,5187,0.758,0.849,K V,41.9091,217.39202,39.7904,
TOI-2076 c,TOI-2076,4,Transit,2021,21.01447,0.1407,3.54,7.2,581,0.036,5187,0.758,0.849,K V,41.9091,217.39202,39.7904,
TOI-2076 d,TOI-2076,4,Transit,2021,35.12803,0.1982,3.27,7.3,490,0.027,5187,0.758,0.849,K V,41.9091,217.39202,39.7904,
TOI-2081 b,TOI-2081,1,Transit,2022,10.50534,0.0752,2.04,4.82,488,,3800,0.534,0.54,M1.0,62.3446,264.30226,53.02557,
TOI-2084 b,TOI-2084,1,Transit,2023,6.078425,0.05006,2.47,6.66,527,,3551,0.475,0.453,M2+/-0.5,114.549,259.25454,72.74702,
TOI-2088 b,TOI-2088,1,Transit,2024,124.72997,0.472,3.683,37,300.3,0,5081,0.8481,0.9027,,126.46,261.37489,75.88228,
TOI-209 b,TOI-209,1,Transit,2026,4.379436,0.048833,2.395,6.32,845.8,,4807,0.7428,0.81,,113.387,19.39418,-66.90307,a
TOI-2092 b,TOI-2092,1,Transit,2026,4.303255,0.051006,2.949,9,1042,,5842,1.0519,0.956,,176.759,212.54749,45.56387,a
TOI-2093 b,TOI-2093,2,Radial Velocity,2025,12.836,0.097,3.25,10.6,535,0,4426,0.729,0.745,K5 V,82.7982,302.73752,70.86965,
TOI-2093 c,TOI-2093,2,Transit,2025,53.81149,0.257,2.3,15.8,329,0,4426,0.729,0.745,K5 V,82.7982,302.73752,70.86965,
TOI-2094 b,TOI-2094,1,Transit,2026,18.793193,0.136,1.9,4.27,276,,3435,0.384,0.425,M3 V,50.0248,254.14253,70.02732,
TOI-2095 b,TOI-2095,2,Transit,2023,17.66484,0.101,1.25,4.1,347,0,3759,0.44,0.44,M2.5 V,41.9176,285.63652,75.41851,
TOI-2095 c,TOI-2095,2,Transit,2023,28.17232,0.137,1.33,7.4,297,0,3759,0.44,0.44,M2.5 V,41.9176,285.63652,75.41851,
TOI-2096 b,TOI-2096,2,Transit,2023,3.119063,0.025,1.243,2.08,445,0.15,3300,0.235,0.231,M4,48.4809,151.6187,74.82721,
TOI-2096 c,TOI-2096,2,Transit,2023,6.38784,0.04,1.914,4.32,349,0.1,3300,0.235,0.231,M4,48.4809,151.6187,74.82721,
TOI-2104 b,TOI-2104,1,Transit,2026,5.90437,0.05935,1.529,2.95,846,,4856,0.7238,0.8,,76.7418,151.61221,83.08784,a
TOI-2107 b,TOI-2107,1,Transit,2024,2.454547,0.03515,13.574,263.798,1397,0.033,5627,0.932,0.961,,236.705,286.79654,-58.69683,
TOI-2109 b,TOI-2109,1,Transit,2021,0.672474,0.01791,15.098,1595.499,3646,,6540,1.698,1.453,F,262.041,253.1863,16.57992,
TOI-2120 b,TOI-2120,1,Transit,2024,5.799816,0.0377,2.122,6.8,384,0.32,3131,0.245,0.211,,32.1755,23.50731,65.51399,
TOI-2128 b,TOI-2128,1,Transit,2024,16.34136,0.127,2.089,4.5,780.5,0,5968,1.1174,1.0251,,36.578,256.9818,32.1053,
TOI-2133 b,TOI-2133,1,Transit,2026,3.826647,0.041,2.37,6.21,798,,4250,0.62,0.644,,75.1973,261.24383,32.7984,
TOI-2134 b,TOI-2134,2,Transit,2023,9.2292,0.078,2.69,9.13,666,0.06,4580,0.709,0.744,K5 V,22.6202,271.9355,39.07293,
TOI-2134 c,TOI-2134,2,Transit,2023,95.5,0.371,7.27,41.89,306,0.67,4580,0.709,0.744,K5 V,22.6202,271.9355,39.07293,
TOI-2136 b,TOI-2136,1,Transit,2022,7.851928,0.057,2.19,6.37,395,0,3342,0.34,0.34,M4.5 V,33.3631,281.17634,36.56313,
TOI-2141 c,TOI-2141,3,Radial Velocity,2025,5.4624,0.0585,2.35,6.14,1095,,5635,0.95,0.896,,77.682,258.76235,18.34034,
TOI-2141 b,TOI-2141,3,Transit,2023,18.261608,0.1322,3.147,20.1,728,0.21,5635,0.95,0.896,,77.682,258.76235,18.34034,
TOI-2141 d,TOI-2141,3,Radial Velocity,2025,60.45,0.2906,3.97,14.9,491.4,,5635,0.95,0.896,,77.682,258.76235,18.34034,
TOI-2145 b,TOI-2145,1,Transit,2023,10.261128,0.1117,12.24,1805.265,1484,0.214,6206,2.75,1.71,,224.731,263.75808,40.69504,
TOI-2147 b,TOI-2147,1,Transit,2026,26.20518,0.172,10.5,116,820,0.29,5983,1.39,0.99,,282.108,155.64159,83.08372,
TOI-2152 A b,TOI-2152,1,Transit,2023,3.377351,0.05064,14.359,899.454,1802,0.057,6630,1.612,1.516,F4 V,303.006,26.33897,77.79012,
TOI-2154 b,TOI-2154,1,Transit,2023,3.82408,0.0513,16.287,292.402,1580,0.117,6280,1.396,1.233,,296.46,71.02815,84.36427,
TOI-2158 b,TOI-2158,1,Transit,2022,8.60077,0.075,10.761,260.619,1188,0.07,5673,1.41,1.12,,198.473,276.81005,20.52689,
TOI-216.02,TOI-216,2,Transit,2019,17.16073,0.1293,8,18.752,628,0.16,5026,0.748,0.77,,177.945,73.98001,-63.26033,
TOI-216.01,TOI-216,2,Transit,2019,34.525528,0.2069,10.1,177.984,497,0.0046,5026,0.748,0.77,,177.945,73.98001,-63.26033,
TOI-2169 A b,TOI-2169 A,1,Transit,2025,8.214828,0.0896,12.509,329.588,1364,0.045,6270,1.82,1.42,,351.487,279.17011,23.25862,
TOI-2180 b,TOI-2180,1,Transit,2022,260.79,0.828,11.321,875.617,348,0.3683,5695,1.636,1.111,G5,116.685,277.94363,56.65068,
TOI-2184 b,TOI-2184,1,Transit,2022,6.90683,0.081788,11.4,206.588,1676,0.08,5966,2.9,1.53,,788.317,100.83312,-66.94766,a
TOI-2193 A b,TOI-2193 A,1,Transit,2022,2.122574,0.03319,19.84,298.759,1763,0,5966,1.248,1.082,,337.064,313.69123,-72.80464,
TOI-2194 b,TOI-2194,1,Transit,2023,15.337597,0.109275,1.989,4.61,590.9,,4756,0.6909,0.74,,19.5711,299.15634,-31.33518,a
TOI-2196 b,TOI-2196,1,Transit,2022,1.194727,0.02234,3.51,26,1860,0,5634,1.043,1.032,G V,259.947,312.34007,-70.48507,
TOI-220 b,TOI-220,1,Transit,2021,10.695264,0.08911,3.03,13.8,805,0.032,5298,0.858,0.825,K0 V,90.7402,91.7997,-61.99721,
TOI-2200 b,TOI-2200,1,Transit,2026,2.936028,0.038012,6.963,38.7,1147,,5036,0.8262,0.85,,251.245,98.78351,-72.45678,a
TOI-2202 b,TOI-2202,2,Transit,2021,11.912608,0.09564,10.951,287.317,652.1,0.022,5169,0.808,0.841,K8 V,235.933,51.22842,-73.95755,
TOI-2202 c,TOI-2202,2,Transit Timing Variations,2021,24.6744,0.15544,13.4,117.279,560.6,0.0622,5144,0.794,0.823,K8 V,235.933,51.22842,-73.95755,
TOI-2207 b,TOI-2207,1,Transit,2022,8.001968,0.0854,11.153,203.41,1259,0.174,6101,1.564,1.296,,373.345,307.59669,-44.88762,
TOI-2211.01,TOI-2211,1,Transit,2024,3.092687,0.04011,1.561,3.06,1056.9,,5253,0.834,0.9,,70.2932,308.53909,-29.67261,
TOI-2227 b,TOI-2227,1,Transit,2026,4.221758,0.051628,3.099,9.79,1164,,5890,1.2085,1.03,,165.441,337.51776,-67.85015,a
TOI-2236 b,TOI-2236,1,Transit,2022,3.53159,0.05009,14.37,502.169,1688,0,6248,1.573,1.343,,355.59,20.16601,-86.97997,
TOI-2257 b,TOI-2257,1,Transit,2021,35.189346,0.145,2.194,5.45,256,0.496,3430,0.313,0.328,M3,57.7911,194.73961,77.66172,
TOI-2260 b,TOI-2260,1,Transit,2022,0.352473,0.0097,1.62,3.26,2609,,5534,0.94,0.99,G V,101.251,247.667,49.04679,
TOI-2266 b,TOI-2266,1,Transit,2024,2.326318,0.02,1.54,2.99,550,,3200,0.24,0.23,M5.0+0.5-0.5,51.6004,245.28004,31.57704,
TOI-2267 b,TOI-2267 A,3,Transit,2025,2.28909,0.0205,1,0.972,424,,3030,0.2075,0.171,M5 V,22.55,65.0615,84.90082,
TOI-2267 c,TOI-2267 A,3,Transit,2025,3.495041,0.0263,1.14,1.55,374,,3030,0.2075,0.171,M5 V,22.55,65.0615,84.90082,
TOI-2267 d,TOI-2267 B,3,Transit,2025,2.034467,0.0145,1.77,3.78,422,,3022,0.13,0.0989,M6 V,22.55,65.0615,84.90082,
TOI-2274 b,TOI-2274,1,Transit,2024,2.67963,0.05,2.45,6.57,771.5,,3943,0.631,0.612,M,48.876,277.45931,40.54141,
TOI-2285 b,TOI-2285,1,Transit,2021,13.635109,0.1363,1.77,19.5,358,0.3,3491,0.464,0.454,,42.409,332.56326,58.70609,
TOI-2295 b,TOI-2295,2,Transit,2024,30.033302,0.1992,16.477,278.1,747,0.334,5730,1.459,1.168,,126.279,281.5762,50.49247,
TOI-2295 c,TOI-2295,2,Radial Velocity,2024,966.5,2.018,12.8,1783.017,234.9,0.194,5730,1.459,1.168,,126.279,281.5762,50.49247,
TOI-2322 b,TOI-2322,2,Transit,2025,11.30717,0.0924,0.994,2.31,603.1,0,4664,0.662,0.703,K4,59.861,116.9731,-71.00197,
TOI-2322 c,TOI-2322,2,Transit,2025,20.225528,0.1362,1.874,18.1,496.8,0,4664,0.662,0.703,K4,59.861,116.9731,-71.00197,
TOI-2328 b,TOI-2328,1,Transit,2025,17.10197,0.127,9.976,50.853,842,0.057,5525,0.9,0.95,,231.782,31.69074,-81.24738,
TOI-2337 b,TOI-2337,1,Transit,2022,2.99432,0.044656,10.088,508.525,1272.5,0.019,4780,3.22,1.325,,536.046,290.61989,60.8539,a
TOI-2338 b,TOI-2338,1,Transit,2023,22.65398,0.158,11.209,1900.614,799,0.676,5581,1.05,0.99,,313.996,81.34458,-34.66825,
TOI-2345 b,TOI-2345,2,Transit,2025,1.052857,0.01705,1.504,3.49,1478,,4687,0.729,0.727,K,81.6541,43.88479,-34.97797,
TOI-2345 c,TOI-2345,2,Transit,2025,21.064302,0.1257,2.451,7.27,544,,4687,0.729,0.727,K,81.6541,43.88479,-34.97797,
TOI-2346 b,TOI-2346,1,Transit,2025,3.331203,0.0473,16.119,394.107,1689,0.086,6480,1.38,1.271,,437.484,88.09291,-13.37247,
TOI-2364 b,TOI-2364,1,Transit,2023,4.019752,0.04871,8.608,71.511,1091,0,5306,0.886,0.954,,219.614,89.13003,-5.01203,
TOI-2368 b,TOI-2368,1,Transit,2024,5.175007,0.05649,10.839,206.588,1000,0.061,5360,0.846,0.897,,210.915,134.95762,-48.48849,
TOI-237 c,TOI-237,2,Transit,2026,1.744861,0.016,1.206,1.9,515,,3226,0.2056,0.1698,M4.5 V,38.0749,353.24354,-29.41649,
TOI-237 b,TOI-237,2,Transit,2020,5.436098,0.0341,1.44,2.67,388,0,3212,0.211,0.179,M4.5 V,38.0749,353.24354,-29.41649,
TOI-2373 b,TOI-2373,1,Transit,2023,13.33668,0.112,10.424,2955.804,860,0.112,5651,1.102,1.041,,508.686,61.68622,-16.75575,
TOI-2374 b,TOI-2374,1,Transit,2024,4.313619,0.04818,7.488,61.659,926,0.13,5002,0.711,0.802,,134.655,319.49824,-22.04982,
TOI-2379 b,TOI-2379,1,Transit,2024,5.469383,0.05263,11.725,1830.692,624,0.342,3707,0.622,0.645,,211.247,358.09205,-53.04316,
TOI-238 b,TOI-238,2,Transit,2024,1.273099,0.0212,1.559,3.37,1378,0.18,5059,0.756,0.781,K2 V,80.5407,349.23108,-18.60665,
TOI-238 c,TOI-238,2,Radial Velocity,2024,8.465651,0.0749,2.18,6.7,696,0.36,5059,0.733,0.79,K2V,80.5407,349.23108,-18.60665,
TOI-2382 b,TOI-2382,1,Transit,2025,4.661206,0.059,12.251,235.193,1426,0.18,6033,1.417,1.26,,434.92,356.37519,-16.11412,
TOI-2384 b,TOI-2384,1,Transit,2024,2.135703,0.02793,11.489,624.851,889.7,0,3943,0.6113,0.635,,191.51,36.15615,-65.0002,
TOI-2406 b,TOI-2406,1,Transit,2021,3.076689,0.02267,2.86,15.6,449,0.17,3100,0.204,0.166,M4 V,55.419,8.80605,-3.37208,
TOI-2407 b,TOI-2407,1,Transit,2025,2.702969,0.033,4.26,16.8,705,0.08,3530,0.567,0.548,,92.4366,49.74654,-46.45802,
TOI-2411 b,TOI-2411,1,Transit,2022,0.782694,0.0144,1.68,3.46,1355,,4099,0.68,0.65,,59.5362,20.92246,-8.70179,
TOI-2416 b,TOI-2416,1,Transit,2023,8.275479,0.0831,9.864,953.485,1080,0.32,5808,1.236,1.118,,557.733,57.33894,-60.78719,
TOI-2420 b,TOI-2420,1,Transit,2024,5.842641,0.0684,15.02,294.627,1571.6,0.055,5707,2.369,1.158,,435.174,14.82681,-19.77116,
TOI-2421 b,TOI-2421,1,Transit,2022,4.347403,0.0543,10.368,105.837,1534,0,5607,1.75,1.131,,327.927,33.15402,-35.39092,
TOI-2427 b,TOI-2427,1,Transit,2022,1.306001,0.0202,1.8,3.89,1117,,4072,0.65,0.64,,28.5147,52.29173,-31.36287,
TOI-2431 b,TOI-2431,1,Transit,2026,0.224196,0.0063,1.534,6.2,2063,0,4109,0.651,0.661,K7 V,36.0559,37.7653,8.38163,
TOI-244 b,TOI-244,1,Transit,2023,7.397225,0.0559,1.52,2.68,458,,3433,0.426,0.428,M2.5 V,22.0337,10.56975,-36.71797,
TOI-2443 b,TOI-2443,1,Transit,2023,15.66858,0.105,2.363,4.8,519,0.301,4375,0.631,0.642,K5 V,23.9258,40.17986,1.19968,
TOI-2445 b,TOI-2445,1,Transit,2022,0.371128,0.0064,1.25,2.1,1060,,3333,0.27,0.25,,48.582,43.31616,0.05234,
TOI-2447 b,TOI-2447,1,Transit,2024,69.33684,0.347,9.606,124.907,414,0.17,5730,1.006,1.034,,148.987,70.99759,-31.90664,
TOI-2449 b,TOI-2449,1,Transit,2025,106.14468,0.45,11.24,222,400,0.098,6021,1.065,1.079,G,156.786,67.98437,-34.45553,
TOI-2453 b,TOI-2453,1,Transit,2026,4.441435,0.041985,3.244,10.6,550.8,,3720,0.5025,0.5005,,81.9043,74.83748,12.93635,a
TOI-2458 b,TOI-2458,2,Transit,2024,3.73659,0.0482,2.83,13.31,1509.4,0.087,6005,1.31,1.05,F9-F9.5,112.958,79.62153,1.25344,
TOI-2458 c,TOI-2458,2,Radial Velocity,2024,16.553,0.129,3.18,10.22,922.8,0.29,6005,1.31,1.05,F9-F9.5,112.958,79.62153,1.25344,
TOI-2459 b,TOI-2459,1,Transit,2023,19.104718,0.121772,2.953,9.03,445,,4195,0.6751,0.66,,36.6113,82.14333,-39.37305,a
TOI-2485 b,TOI-2485,1,Transit,2024,11.23479,0.1093,12.139,766.602,1134,0.0341,6016,1.72,1.163,,397.953,205.20432,22.98397,
TOI-2497 b,TOI-2497,1,Transit,2023,10.655669,0.1166,11.142,1531.933,1595,0.195,7360,2.36,1.859,,285.289,90.06259,11.88406,
TOI-2498 b,TOI-2498,1,Transit,2023,3.738252,0.0491,6.06,34.62,1443,0.089,5905,1.26,1.12,,275.265,95.41622,11.25165,
TOI-251 b,TOI-251,1,Transit,2021,4.93777,0.05741,2.74,317.83,1041.2,0,5875,0.881,1.036,,99.523,353.06207,-37.25586,
TOI-2518 b,TOI-2518,1,Transit,2026,6.897974,0.073428,2.268,5.77,1095,,5751,0.9934,1.11,,160.825,105.44485,-34.91969,a
TOI-2524 b,TOI-2524,1,Transit,2023,7.18585,0.073,11.209,203.41,1100,0,5831,1.119,1.007,,438.842,160.88684,-1.9127,
TOI-2525 b,TOI-2525,2,Transit,2023,23.2856,0.1511,8.676,26.698,513,0.17,5096,0.785,0.849,K8 V,395.398,86.85097,-60.52131,
TOI-2525 c,TOI-2525,2,Transit,2023,49.2519,0.249,10.133,208.813,400,0.157,5096,0.785,0.849,K8 V,395.398,86.85097,-60.52131,
TOI-2529 b,TOI-2529,1,Transit,2024,64.5949,0.327,11.545,743.718,636,0.021,5802,1.7,1.11,,296.271,118.99454,-52.35483,
TOI-2537 b,TOI-2537,2,Transit,2024,94.1022,0.3715,11.254,415.402,338,0.364,4870,0.771,0.771,,184.986,54.38827,10.05775,
TOI-2537 c,TOI-2537,2,Radial Velocity,2024,1920,2.78,12.7,2297.899,123.1,0.287,4870,0.771,0.771,,184.986,54.38827,10.05775,
TOI-2545 b,TOI-2545,1,Transit,2022,7.994037,0.079653,2.75,8,1023,,5846,1.2532,1.055,,107.118,135.5458,-3.42082,a
TOI-2567 b,TOI-2567,1,Transit,2022,5.983944,0.0672,10.929,63.884,1352,0,5611,1.686,1.13,,504.775,288.46567,66.34794,
TOI-257 b,TOI-257,1,Transit,2021,18.38818,0.1528,7.163,43.86,1027,0,6095,1.867,1.407,,76.9028,47.51726,-50.83226,
TOI-2570 b,TOI-2570,1,Transit,2022,2.988761,0.04145,13.641,260.619,1431,0,5771,1.095,1.063,,361.857,87.18804,32.08404,
TOI-2580 b,TOI-2580,1,Transit,2024,3.39775,0.048,17.374,200.232,2410,0.08,6120,1.81,1.33,F,379.253,62.19921,67.11653,
TOI-2583 A b,TOI-2583 A,1,Transit,2023,4.520727,0.0571,14.46,79.457,1456,0,5936,1.477,1.215,,566.189,272.26703,45.3369,
TOI-2587 A b,TOI-2587 A,1,Transit,2023,5.45664,0.0635,12.072,69.287,1445,0,5760,1.726,1.15,,373.675,115.93171,-1.07333,
TOI-2589 b,TOI-2589,1,Transit,2023,61.6277,0.3,12.106,1112.399,592,0.522,5579,1.07,0.93,,200.273,107.48815,-37.23095,
TOI-260 b,TOI-260,1,Transit,2024,13.475853,0.0943,1.71,4.23,493,0,4026,0.607,0.616,K8 V,20.1852,4.77302,-9.96615,
TOI-261.01,TOI-261,2,Transit,2021,3.363925,0.034792,3.045,9.51,1722.5,,5890,1.2802,0.4967,,114.495,15.21814,-24.42399,
TOI-261.02,TOI-261,2,Transit,2021,13.039359,0.110859,3.348,11.2,1007.5,,5890,1.3138,1.069,,114.495,15.21814,-24.42399,a
TOI-262 b,TOI-262,1,Transit,2023,11.14529,0.163,2.07,4.94,584,,5310,0.853,0.913,K0 V,43.932,32.53469,-31.07063,
TOI-2641 b,TOI-2641,1,Transit,2023,4.880974,0.0607,18.103,122.682,1387,0.18,6100,1.336,1.16,F9 V,344.045,171.13037,-42.73214,
TOI-2654 b,TOI-2654,1,Transit,2026,2.967604,0.035713,7.945,48.4,819,,4594,0.7561,0.69,,248.964,52.98154,-47.99469,a
TOI-2669 b,TOI-2669,1,Transit,2022,6.2034,0.070018,19.728,193.875,1226,0.09,4800,4.1,1.19,,393.443,134.72264,-13.31258,a
TOI-269 b,TOI-269,1,Transit,2021,3.69771,0.0345,2.77,8.8,531,0.425,3514,0.398,0.3917,M2 V,57.0225,75.84628,-54.17772,
TOI-270 b,TOI-270,3,Transit,2019,3.35992,0.03197,1.28,1.48,600,0.0167,3506,0.38,0.386,M3 V,22.4793,68.41608,-51.95739,
TOI-270 c,TOI-270,3,Transit,2019,5.66051,0.04526,2.33,6.2,489,0.0044,3506,0.38,0.386,M,22.4793,68.41608,-51.95739,
TOI-270 d,TOI-270,3,Transit,2019,11.38194,0.0721,2,4.2,383,0.0066,3506,0.38,0.386,M3 V,22.4793,68.41608,-51.95739,
TOI-2714 b,TOI-2714,1,Transit,2024,2.499387,0.036,13.72,228,1603,0.164,5665,1.25,1.07,,597.873,61.40125,-14.92675,
TOI-2719 b,TOI-2719,1,Transit,2025,3.37594,0.044334,5.98,29.9,1710,,5762,1.69,1.02,,588.368,71.55494,-0.80487,a
TOI-2768 b,TOI-2768,1,Transit,2024,1.50801,0.027,2.63,7.41,855,,4008,0.657,0.63,M,78.4525,99.36413,-15.4812,
TOI-277 b,TOI-277,1,Transit,2022,3.994,0.0269,2.65,7.51,587.9,,4031,0.362,0.16,,64.6692,19.0767,-20.95328,
TOI-2796 b,TOI-2796,1,Transit,2023,4.808498,0.0569,17.262,139.844,1205,0,5764,1.069,1.063,,350.343,84.15272,0.89628,
TOI-2803 A b,TOI-2803 A,1,Transit,2023,1.962293,0.03185,18.114,309.883,1893,0,6280,1.245,1.118,,494.818,93.11474,-23.4925,
TOI-2818 b,TOI-2818,1,Transit,2023,4.039709,0.0493,15.278,225.658,1376,0,5721,1.229,0.977,,312.674,119.05982,-35.11671,
TOI-283 b,TOI-283,1,Transit,2025,17.61745,0.123,2.34,6.54,661,0,5213,0.85,0.8,K,82.7013,118.56931,-65.44148,
TOI-2842 b,TOI-2842,1,Transit,2023,3.551406,0.0475,12.845,117.597,1471,0,5910,1.265,1.135,,460.995,108.04421,-10.63934,
TOI-286 b,TOI-286,2,Transit,2024,4.511724,0.0503,1.42,4.53,979,0,5152,0.78,0.832,K3 V,59.2293,90.98428,-60.66633,
TOI-286 c,TOI-286,2,Transit,2024,39.361826,0.213,1.88,3.72,475,0,5152,0.78,0.832,K3 V,59.2293,90.98428,-60.66633,
TOI-2876 b,TOI-2876,1,Transit,2025,6.299643,0.0654,9.64,54.031,929,0.13,5271,0.873,0.939,,225.744,110.24735,-21.11464,
TOI-2886 b,TOI-2886,1,Transit,2025,1.602001,0.02871,18.641,444.96,1978,0.11,6240,1.241,1.229,,413.673,110.00766,-10.56984,
TOI-2969 b,TOI-2969,1,Transit,2025,1.823715,0.0261,12.33,368.681,1186,0,4738,0.7,0.71,K3 V,163.996,150.06262,-47.44524,
TOI-2977 b,TOI-2977,1,Transit,2023,2.350561,0.03386,13.159,533.952,1544,0,5691,1.073,0.936,,,143.92652,-60.35748,
TOI-2981 b,TOI-2981,1,Transit,2024,3.601501,0.048,13.4,638,1358,0.035,5940,1.08,1.03,,527.789,163.48739,-25.5246,
TOI-2986 b,TOI-2986,1,Transit,2025,3.278366,0.04489,9.292,96.62,1622,0.14,5906,1.458,1.122,,563.149,163.77156,-6.47845,
TOI-2989 b,TOI-2989,1,Transit,2025,3.122832,0.0384,12.554,953.485,1001,0,4672,0.76,0.77,K4 V,195.795,171.23168,-27.06236,
TOI-2992 b,TOI-2992,1,Transit,2025,3.007812,0.0434,13.753,1058.369,1726,0.089,6000,1.545,1.21,,542.026,164.31656,-32.32244,
TOI-3023 b,TOI-3023,1,Transit,2023,3.901497,0.0505,16.432,197.054,1596,0,5760,1.668,1.12,,389.916,165.31582,-72.3567,
TOI-3071 b,TOI-3071,1,Transit,2024,1.266938,0.0249,7.16,68.2,2155,0.09,6177,1.31,1.29,,485.219,173.27905,-56.50339,
TOI-3082 b,TOI-3082,1,Transit,2023,1.926907,0.026438,3.662,13,1032.8,,4263,0.6847,0.664,,113.048,195.90807,-19.21898,a
TOI-3135 b,TOI-3135,1,Transit,2025,3.706558,0.04756,13.653,327.363,1292,0.24,5890,0.985,1.044,,221.673,207.85923,-69.77256,
TOI-3160 A b,TOI-3160 A,1,Transit,2025,3.971281,0.0505,13.765,378.216,1539,0.18,6190,1.346,1.088,,567.678,224.56586,-27.68255,
TOI-3235 b,TOI-3235,1,Transit,2023,2.592618,0.02709,11.4,211.356,604,0.029,3389,0.3697,0.3939,M V,72.811,207.47385,-46.06651,
TOI-3261 b,TOI-3261,1,Transit,2024,0.883133,0.01714,3.82,30.3,1722,0,5068,0.849,0.861,K1.5+/-1,300.141,47.72852,-73.53197,
TOI-3288 b,TOI-3288,1,Transit,2025,1.433865,0.02285,12.24,536.177,973,0.021,4072,0.672,0.643,M0&plusmn;0.5,200.5,297.11032,-43.018,
TOI-329 b,TOI-329,1,Transit,2024,5.70439,0.0638,4.941,40.4,1213,0.39,5614,1.5326,1.0678,,284.388,351.3211,-15.63463,
TOI-332 b,TOI-332,1,Transit,2023,0.777038,0.0159,3.2,57.2,1871,0,5251,0.87,0.88,K0 V,222.852,348.05895,-44.87649,
TOI-3321 b,TOI-3321,1,Transit,2024,3.652515,0.047,15.558,176.077,1616,0.054,5850,1.549,1.041,,285.895,265.76034,-65.00825,
TOI-333 b,TOI-333,1,Transit,2025,3.78525,0.049,4.26,20.1,1445,0,6241,1.1,1.2,,352.269,353.3575,-41.17152,
TOI-3331 A b,TOI-3331 A,1,Transit,2022,2.018023,0.03144,12.98,721.47,1488,0,5609,0.952,1.016,,217.193,271.32417,-34.10717,
TOI-3353.01,TOI-3353,1,Transit,2024,4.665796,0.060118,2.667,7.59,1264.4,,6365,1.0207,1.3321,,78.7577,106.52981,-75.81956,
TOI-3362 b,TOI-3362,1,Transit,2021,18.09547,0.153,12.801,1598.359,688,0.815,6532,1.83,1.445,,366.987,155.98414,-56.84312,
TOI-3364 b,TOI-3364,1,Transit,2023,5.876892,0.0675,12.229,530.773,1264,0,5706,1.419,1.186,,277.899,144.53777,-49.33522,
TOI-3457 b,TOI-3457,1,Transit,2026,32.600268,0.2001,10.64,797.749,824.2,0.59,6300,1.474,1.04,,370.666,183.20827,-79.7572,
TOI-3464 b,TOI-3464,1,Transit,2025,3.651557,0.0515,13.765,397.286,1693,0.25,6370,1.56,1.363,,597.774,234.48304,-44.78998,
TOI-3474 b,TOI-3474,1,Transit,2025,3.87951,0.0502,14.673,193.875,1451,0.13,6020,1.256,1.121,,420.123,233.50335,-47.96366,
TOI-3486 b,TOI-3486,1,Transit,2025,2.217781,0.03138,10.57,99.162,1190,0.078,4930,0.788,0.837,,154.715,249.4432,-59.30511,
TOI-3493 b,TOI-3493,1,Transit,2025,8.159467,0.079923,3.22,8.97,1102,,5844,1.228,1.023,G1/2 V,96.7224,205.79903,-22.58544,a
TOI-3523 A b,TOI-3523 A,1,Transit,2025,2.30459,0.03559,15.973,435.425,1984,0.047,6450,1.448,1.131,,645.294,304.28346,42.90653,
TOI-3540 A b,TOI-3540 A,1,Transit,2022,3.119999,0.04289,23.539,375.038,1498,0,5810,1.228,1.081,,,328.91137,28.1795,
TOI-3568 b,TOI-3568,1,Transit,2024,4.417965,0.0485,5.3,26.4,899,0.035,4969,0.719,0.78,,197.906,322.60237,34.73958,
TOI-3593 b,TOI-3593,1,Transit,2025,3.821287,0.0481,11.03,565.735,1170,0.105,5550,0.918,1.015,,226.63,331.50636,34.21166,
TOI-3629 b,TOI-3629,1,Transit,2022,3.936551,0.043,8.295,82.635,690,0.05,3870,0.6,0.63,M1,130.091,359.79339,39.31426,
TOI-3664 b,TOI-3664,1,Transit,2026,3.297484,0.0431,13.697,114.418,1232,0.159,5593,1.11,0.98,,464.748,35.30849,59.71186,
TOI-3682 b,TOI-3682,1,Transit,2025,3.346241,0.048,12.801,69.287,1657,0.22,5703,1.735,1.32,,404.211,50.27523,25.29727,
TOI-3688 A b,TOI-3688 A,1,Transit,2023,3.246075,0.0456,13.081,311.472,1534,0,5950,1.302,1.199,,396.378,39.28234,54.85122,
TOI-3693 b,TOI-3693,1,Transit,2022,9.088516,0.0813,12.599,324.185,801,0,5321,0.791,0.867,,176.436,15.65439,51.30389,
TOI-3714 b,TOI-3714,1,Transit,2022,2.154849,0.027,11.321,222.48,750,0.03,3660,0.51,0.53,M2,112.71,69.55234,39.458,
TOI-375 b,TOI-375,3,Transit,2026,9.45469,0.099,10.772,236.782,1373,0.087,5260,2.9,1.441,,396.213,47.1499,-77.38333,
TOI-375 c,TOI-375,3,Radial Velocity,2026,115.5,0.524,13.4,669.347,596,,5260,2.9,1.441,,396.213,47.1499,-77.38333,
TOI-375 d,TOI-375,3,Radial Velocity,2026,297.9,0.984,13.6,445.595,434,,5260,2.9,1.441,,396.213,47.1499,-77.38333,
TOI-3757 b,TOI-3757,1,Transit,2022,3.438753,0.03845,12,85.3,759,0.14,3913,0.62,0.64,M0 V,181.139,91.00364,55.01998,
TOI-3785 b,TOI-3785,1,Transit,2023,4.674737,0.043,5.14,14.95,582,0.11,3576,0.5,0.52,M2 V,79.7634,130.90023,63.07808,
TOI-3807 b,TOI-3807,1,Transit,2023,2.898973,0.0421,18.495,330.542,1646,0,5772,1.468,1.181,,421.745,139.11256,69.07413,
TOI-3819 b,TOI-3819,1,Transit,2023,3.244314,0.04611,13.137,352.79,1633,0,5859,1.538,1.242,,558.141,121.86326,29.38864,
TOI-3837 b,TOI-3837,1,Transit,2025,11.88865,0.099,10.873,187.519,1178,0.221,5905,1.2,0.89,,311.705,152.66628,24.27312,
TOI-3856 b,TOI-3856,1,Transit,2025,2.043604,0.0325,13.596,171.627,1544,0.083,5622,1.055,1.096,,314.443,145.22292,27.95016,
TOI-3862 b,TOI-3862,1,Transit,2026,1.557458,0.02539,5.53,53.7,1539,0.0232,5300,0.92,0.9,,249.02,185.90056,50.54462,
TOI-3877 b,TOI-3877,1,Transit,2025,4.123596,0.0529,11.68,99.798,1445,0.22,5731,1.445,1.16,,493.77,170.45447,33.99138,
TOI-3884 b,TOI-3884,1,Transit,2022,4.544583,0.0361,6.43,32.59,441,0.06,3180,0.302,0.298,M4,43.1448,181.57183,12.50703,
TOI-3894 b,TOI-3894,1,Transit,2024,4.33454,0.05354,15.278,260.619,1531,0.05,6000,1.502,1.138,,417.365,201.37483,52.7681,
TOI-3896 b,TOI-3896,1,Transit,2026,4.377304,0.049802,3.149,10.1,966,,5111,0.7478,0.86,,181.653,187.93024,63.90855,a
TOI-3912 b,TOI-3912,1,Transit,2023,3.493626,0.0463,14.28,129.038,1512,0,5725,1.392,1.088,,465.992,215.8015,24.07656,
TOI-3919 b,TOI-3919,1,Transit,2024,7.433234,0.0795,12.319,1233.174,1198,0.259,6100,1.319,1.208,,604.591,208.94475,40.39181,
TOI-3976 A b,TOI-3976 A,1,Transit,2023,6.607662,0.0743,12.274,55.62,1295,0,5975,1.501,1.254,,516.087,224.35601,44.27432,
TOI-3980 b,TOI-3980,1,Transit,2025,3.608925,0.0494,14.46,187.519,1621,0.16,5840,1.626,1.24,,486.721,12.84194,59.57586,
TOI-3984 A b,TOI-3984 A,1,Transit,2023,4.353326,0.041,7.9,44,563,0.23,3476,0.47,0.49,M4+/-0.5,108.883,226.33715,36.78697,
TOI-4010 b,TOI-4010,4,Transit,2023,1.348335,0.0229,3.02,11,1441,0.03,4960,0.83,0.88,K V,177.504,20.21482,66.0722,
TOI-4010 c,TOI-4010,4,Transit,2023,5.414654,0.058,5.93,20.31,907,0.03,4960,0.83,0.88,K V,177.504,20.21482,66.0722,
TOI-4010 d,TOI-4010,4,Transit,2023,14.70886,0.113,6.18,38.15,650,0.07,4960,0.83,0.88,K V,177.504,20.21482,66.0722,
TOI-4010 e,TOI-4010,4,Radial Velocity,2023,762,1.57,13.3,692,174,0.26,4960,0.83,0.88,K V,177.504,20.21482,66.0722,
TOI-4029 b,TOI-4029,1,Transit,2026,5.884982,0.064173,6.738,36.6,1142,,5663,1.1783,1.018,,274.436,239.23372,16.98029,a
TOI-4030 b,TOI-4030,1,Transit,2026,2.509002,0.035894,5.846,28.8,1384,,5640,0.9917,0.98,,571.615,277.62284,56.77045,a
TOI-4034 b,TOI-4034,1,Transit,2026,1.802093,0.03289,17.71,276.511,1907,0,5891,1.83,1.19,,745.145,335.14698,71.76735,
TOI-406 c,TOI-406,2,Transit,2024,3.307441,0.0322,1.32,2.08,584,0.032,3392,0.41,0.408,M3,31.0597,49.26264,-42.24415,
TOI-406.01,TOI-406,2,Transit,2024,13.175682,0.0809,2.08,6.57,368,0.056,3392,0.41,0.408,M3,31.0597,49.26264,-42.24415,
TOI-4087 b,TOI-4087,1,Transit,2023,3.177484,0.04469,13.047,232.015,1458,0,6060,1.112,1.178,,301.676,217.92578,83.37271,
TOI-4127 b,TOI-4127,1,Transit,2023,56.3987,0.303,12.07,743.718,556,0.7484,6096,1.293,1.23,F V,319.632,105.40455,72.41493,
TOI-4137 b,TOI-4137,1,Transit,2022,3.801612,0.05222,13.574,457.673,1570,0,6202,1.438,1.313,,334.993,77.61288,70.39108,
TOI-4145 A b,TOI-4145 A,1,Transit,2023,4.066443,0.04823,13.305,136.666,1074,0,5281,0.859,0.905,,205.387,39.42974,80.26738,
TOI-4153 b,TOI-4153,1,Transit,2024,4.617414,0.06311,16.119,365.503,1669,0.039,6860,1.605,1.572,,423.84,335.39347,82.21608,
TOI-4155 b,TOI-4155,1,Transit,2025,3.320729,0.04577,3.21,10.4,1255,,5724,0.95,1.16,,240.737,325.63623,77.73438,a
TOI-4156 b,TOI-4156,2,Transit,2026,4.46189,0.054754,2.538,6.98,1289,,5972,1.0396,1.1,,213.719,230.78083,76.33188,a
TOI-4156 c,TOI-4156,2,Transit,2026,12.822827,0.110678,2.923,8.87,809.3,,5972,1.0396,1.1,,213.719,230.78083,76.33188,a
TOI-4184 b,TOI-4184,1,Transit,2023,4.90198,0.0336,2.43,6.48,412,,3238,0.2347,0.2109,M5.5+/-0.5,69.3649,43.82847,-79.4147,
TOI-4201 b,TOI-4201,1,Transit,2023,3.581919,0.04,13.675,788.214,725,0.041,3794,0.63,0.61,M1.0+/-0.5,189.011,90.47472,-13.46137,
TOI-421 b,TOI-421,2,Transit,2020,5.197576,0.0554,2.64,6.7,922,0.13,5291,0.866,0.833,G9 V,74.7969,81.85328,-14.27674,
TOI-421 c,TOI-421,2,Transit,2020,16.067541,0.117,5.09,14.1,635,0.19,5291,0.866,0.833,G9 V,74.7969,81.85328,-14.27674,
TOI-4214 b,TOI-4214,1,Transit,2025,3.491388,0.05018,10.682,165.271,1642,0.17,6370,1.434,1.382,,346.881,110.24951,-13.92626,
TOI-4308 b,TOI-4308,1,Transit,2023,9.151201,0.082668,2.419,6.43,763,,5243,0.7934,0.9,,108.932,327.75307,-43.56236,a
TOI-431 b,TOI-431,3,Transit,2021,0.490047,0.0113,1.28,3.07,1862,0,4850,0.731,0.78,,32.5686,83.26925,-26.72387,
TOI-431 c,TOI-431,3,Radial Velocity,2021,4.8494,0.052,1.49,2.83,867,0,4850,0.731,0.78,,32.5686,83.26925,-26.72387,
TOI-431 d,TOI-431,3,Transit,2021,12.46103,0.098,3.29,9.9,633,0,4850,0.731,0.78,,32.5686,83.26925,-26.72387,
TOI-4311 b,TOI-4311,2,Transit,2026,0.990274,0.01817,1.376,4.5,1664,,5063,0.8441,0.816,K,134.988,41.68552,-31.17932,
TOI-4311 c,TOI-4311,2,Transit,2026,15.070425,0.1116,2.47,13.58,671,0.22,5063,0.8441,0.816,K,134.988,41.68552,-31.17932,
TOI-4329 b,TOI-4329,1,Transit,2022,2.9223,0.046175,16.813,143.023,2027.1,0.068,6000,2.31,1.538,,717.128,329.56392,71.1316,a
TOI-4336 A c,TOI-4336 A,2,Transit,2026,7.587266,0.05092,1.251,1.55,399.5,0,3307,0.326,0.306,M3.5 V,22.5455,206.10701,-40.33735,
TOI-4336 A b,TOI-4336 A,2,Transit,2024,16.336351,0.0849,2.137,3.33,309.4,0,3307,0.326,0.306,M3.5 V,22.5455,206.10701,-40.33735,
TOI-4342 b,TOI-4342,2,Transit,2023,5.538259,0.0519,2.329,7.3,639,0,3866,0.598,0.587,M0 V,61.5204,324.38942,-77.97915,
TOI-4342 c,TOI-4342,2,Transit,2023,10.688662,0.0804,2.349,4.8,514,0,3866,0.598,0.587,M0 V,61.5204,324.38942,-77.97915,
TOI-4363 b,TOI-4363,1,Transit,2026,2.118676,0.027528,1.767,3.77,884.7,,4278,0.6913,0.62,,77.7751,37.11056,-12.54936,a
TOI-4364 b,TOI-4364,1,Transit,2025,5.424019,0.04753,2.01,4.7,488,0.29,3528,0.4684,0.487,M4 V,43.9662,80.06693,-4.23925,
TOI-4377 b,TOI-4377,1,Transit,2023,4.378081,0.0579,15.11,304.162,1162.1,0.045,4974,3.52,1.36,,455.82,164.93247,-82.22135,
TOI-4379 b,TOI-4379,1,Transit,2024,3.25352,0.047749,16.69,353.743,1869.4,0.018,6020,1.976,1.372,,645.158,252.04788,-32.43375,a
TOI-4405 b,TOI-4405,1,Transit,2026,5.92144,0.056328,2.555,7.06,671.9,,4467,0.687,0.68,,155.501,101.59534,-75.44413,a
TOI-4406 b,TOI-4406,1,Transit,2023,30.08364,0.201,11.209,95.349,904,0.15,6219,1.29,1.19,,261.834,18.04852,-56.92539,
TOI-4438 b,TOI-4438,1,Transit,2024,7.44628,0.0534,2.52,5.4,435,0.14,3422,0.372,0.368,M3.5 V,30.0346,270.31724,35.5949,
TOI-444 b,TOI-444,1,Transit,2023,17.9636,0.133,2.77,8.1,609,,5225,0.779,0.96,K1/2 V,57.3973,64.184,-26.76641,
TOI-4443.01,TOI-4443,1,Transit,2024,1.849857,0.029963,1.719,3.6,1638.8,,5834,1.0173,1.0491,,56.0739,274.26866,21.90955,
TOI-4463 A b,TOI-4463 A,1,Transit,2023,2.88072,0.04036,13.26,252.356,1395,0,5640,1.062,1.056,,173.117,279.35813,18.72995,
TOI-4465 b,TOI-4465,1,Transit,2025,101.94054,0.416,14.011,1872.009,427,0.24,5545,1.014,0.93,G V,121.139,276.13403,15.84189,
TOI-4479 b,TOI-4479,1,Transit,2022,1.1589,0.0164,2.82,8.35,861,,3400,0.451,0.452,M3.0,80.6532,316.09694,24.65367,
TOI-4487 A b,TOI-4487 A,1,Transit,2025,3.954071,0.05448,14.605,397.286,1639,0.083,6206,1.634,1.378,,479.145,306.42208,45.97103,
TOI-4495 b,TOI-4495,2,Transit,2026,2.56699,0.03957,2.483,7.7,1735,0.078,6210,1.309,1.247,,132.214,286.3625,37.02599,
TOI-4495 c,TOI-4495,2,Transit,2024,5.18553,0.06323,4.03,23.2,1365,0.023,6210,1.309,1.247,,132.214,286.3625,37.02599,
TOI-4504 b,TOI-4504,3,Transit,2024,2.42614,0.03392,2.691,7.71,1234,0,5315,0.92,0.89,K1 V,342.605,114.46731,-62.07828,
TOI-4504 d,TOI-4504,3,Transit Timing Variations,2024,40.5634,0.2219,13.6,450.236,521.9,0.0445,5315,0.92,0.89,K1 V,342.605,114.46731,-62.07828,
TOI-4504 c,TOI-4504,3,Transit,2024,82.97213,0.3569,11.097,1197.323,182.8,0.032,5315,0.92,0.89,K1 V,342.605,114.46731,-62.07828,
TOI-4507 b,TOI-4507,1,Transit,2025,104.61611,0.456,8.2,20,464.8,0.09,6260,1.04,1.11,F,178.26,80.45137,-69.98822,
TOI-451 b,TOI-451,3,Transit,2020,1.858703,0.0274,1.84,4.7,1474,0,5490,0.85,0.93,G8 V,123.739,62.96639,-37.93973,
TOI-451 c,TOI-451,3,Transit,2020,9.192463,0.0795,2.93,3.7,865,0,5490,0.85,0.93,G8 V,123.739,62.96639,-37.93973,
TOI-451 d,TOI-451,3,Transit,2020,16.364962,0.1168,3.93,10.2,714,0,5490,0.85,0.93,G8 V,123.739,62.96639,-37.93973,
TOI-4511 b,TOI-4511,1,Transit,2026,10.98091,0.097231,2.753,8.01,1542,,5419,1.0014,1.017,,121.832,49.30528,15.50173,a
TOI-4513 b,TOI-4513,1,Transit,2026,9.760423,0.088752,2.346,6.11,653,,5624,0.7966,0.979,,102.609,18.09052,13.75508,a
TOI-4515 b,TOI-4515,1,Transit,2024,15.266446,0.118,12.17,637,705,0.461,5433,0.86,0.949,G8/G9,193.499,21.18618,21.51306,
TOI-4527.01,TOI-4527,1,Transit,2024,0.399444,0.008332,0.909,0.689,1362.9,,3702,0.4859,0.4839,M2V:,18.1037,19.47226,5.4712,
TOI-4529 b,TOI-4529,1,Transit,2026,5.879577,0.049987,1.77,4.9,511,,3697,0.48,0.482,M1.5 V,28.384,16.96885,12.88095,a
TOI-4551 b,TOI-4551,1,Transit,2023,9.95581,0.0994,11.859,473.564,1655,0.101,4896,3.55,1.31,,215.986,184.97876,-25.82785,
TOI-4552 b,TOI-4552,1,Transit,2026,0.3011,0.005626,1.11,1.83,1122,0,3258,0.2869,0.2619,M4.5 V,27.2684,264.71426,-47.63705,
TOI-4559 b,TOI-4559,1,Transit,2024,3.965991,0.0359,1.415,2.59,554.2,,3558,0.374,0.392,,31.6354,211.01354,-30.01413,
TOI-4561 b,TOI-4561,1,Transit,2026,8.935479,0.084272,1.778,3.81,789.8,,5538,0.852,1,,179.008,60.9619,-76.02146,a
TOI-4562 b,TOI-4562,2,Transit,2023,225.1064,0.768,12.53,732,318,0.76,6096,1.152,1.192,F7 V,339.605,112.01006,-63.51778,
TOI-4562 c,TOI-4562,2,Transit Timing Variations,2024,3990,5.219,12.8,1833.87,138.1,0.122,6096,1.152,1.192,F7 V,339.605,112.01006,-63.51778,
TOI-4578 b,TOI-4578,1,Transit,2026,8.623926,0.084362,2.27,5.77,842.4,,5951,0.8787,1.077,,182.249,184.21097,75.14024,a
TOI-4582 b,TOI-4582,1,Transit,2023,31.034,0.213075,10.536,168.449,614.7,0.51,5190,2.5,1.34,,383.846,256.86014,68.86563,a
TOI-4588 b,TOI-4588,1,Transit,2026,13.118812,0.1376,2.929,8.9,1768,0,7746,1.5746,2.018,,225.181,282.00042,48.54226,
TOI-4600 b,TOI-4600,2,Transit,2023,82.6869,0.349,6.8,959.842,347,0.25,5170,0.81,0.89,K V,216.056,258.45037,64.56617,
TOI-4600 c,TOI-4600,2,Transit,2023,482.8191,1.152,9.42,2946.269,191,0.21,5170,0.81,0.89,K V,216.056,258.45037,64.56617,
TOI-4602.01,TOI-4602,1,Transit,2024,3.9813,0.04747,2.45,5.53,1344,0,5966,1.08,0.9,G5,63.0637,60.60033,31.32984,
TOI-4603 b,TOI-4603,1,Transit,2023,7.24599,0.0888,11.68,4096.808,1677,0.325,6264,2.738,1.765,F,225.643,83.86593,21.29424,
TOI-4633 c,TOI-4633,1,Transit,2024,271.9445,0.847,3.2,123,268.6,0.117,5800,1.05,1.1,G V,95.2016,256.8431,62.47555,
TOI-4638.01,TOI-4638,1,Transit,2024,10.283919,0.093013,2.933,8.92,779.8,,5700,0.895,1.02,,168.248,12.82066,12.78799,
TOI-4640 b,TOI-4640,1,Transit,2026,2.68566,0.039034,2.843,8.46,1378.9,,5743,1.0672,1.1,,245.089,38.20532,10.07247,a
TOI-4641 b,TOI-4641,1,Transit,2023,22.09341,0.173,8.183,1229.996,950.1,0.074,6560,1.72,1.41,,86.3501,42.5582,25.33353,
TOI-4662 b,TOI-4662,1,Transit,2026,4.703438,0.04885,2.88,8.65,741,,4520,0.6937,0.703,,111.047,57.51603,-31.09402,a
TOI-4666 b,TOI-4666,1,Transit,2025,2.908917,0.034,12.532,155.418,695,0.023,3793,0.585,0.576,M2&plusmn;0.5,154.749,56.28989,-39.06318,
HIP 29442 c,TOI-469,3,Radial Velocity,2023,3.537956,0.04518,1.551,4.5,1123,,5289,0.98,0.901,,68.192,93.05784,-14.64932,
HIP 29442 d,TOI-469,3,Radial Velocity,2023,6.429575,0.0673,1.538,5.14,920,,5289,0.98,0.901,,68.192,93.05784,-14.64932,
TOI-469.01,TOI-469,3,Transit,2021,13.630821,0.111,3.41,9.1,716,0,5289,0.98,0.901,,68.192,93.05784,-14.64932,
TOI-470 b,TOI-470,1,Transit,2023,12.19148,0.119,4.34,17.4,660,,5190,0.831,0.87,G,130.46,94.0099,-25.03141,
TOI-4734 b,TOI-4734,1,Transit,2025,6.235633,0.074,10.918,61.659,1468,0.12,6070,1.857,1.391,,563.068,90.35812,12.54788,
TOI-4747 b,TOI-4747,1,Transit,2026,5.219242,0.059082,3.958,14.8,1035,,5595,0.9888,1.01,,304.615,86.42767,-45.02923,a
TOI-4773 b,TOI-4773,1,Transit,2025,1.745285,0.03216,15.222,1687.669,2255,0.024,6740,1.55,1.452,,492.888,114.94265,-21.48562,
TOI-4791 b,TOI-4791,1,Transit,2023,4.28088,0.0555,12.442,734.184,1472,0,6058,1.409,1.242,,328.802,109.38838,-19.82894,
TOI-4794 b,TOI-4794,1,Transit,2025,3.565812,0.0492,14.359,308.294,1673,0.1,6390,1.451,1.25,,543.008,110.48355,-12.56548,
TOI-480 b,TOI-480,1,Transit,2024,6.866196,0.077,2.854,20.8,1198.9,0,6174,1.4877,1.2793,,54.5306,88.37846,-16.2654,
TOI-481 b,TOI-481,1,Transit,2020,10.33111,0.097,11.097,486.28,1370,0.153,5735,1.66,1.14,G,179.366,110.51269,-57.385,
TOI-4860 b,TOI-4860,1,Transit,2023,1.522759,0.01808,8.7,86.7,694,0.008,3260,0.358,0.34,M3.5 V,80.1423,183.56396,-13.17484,
TOI-4898 b,TOI-4898,1,Transit,2026,2.765205,0.03286,3.72,13.4,667,,4202,0.6393,0.6191,,98.5958,197.34167,-32.82945,a
TOI-4914 b,TOI-4914,1,Transit,2024,10.60057,0.098,12.87,227,894,0.408,5805,1,1.03,,299.89,204.54267,-28.14292,
TOI-4930 b,TOI-4930,1,Transit,2026,6.781302,0.071038,6.933,38.4,1169,,5625,1.1593,1.04,,413.757,208.64189,-45.15448,a
TOI-4940 b,TOI-4940,1,Transit,2025,25.867811,0.165,6.61,89,643,,5504,1.163,1.012,G8 V,345.659,58.25117,-62.40797,
TOI-4961 b,TOI-4961,1,Transit,2025,7.479182,0.0726,12.341,572.091,919,0.182,5380,0.912,0.912,,213.073,192.50186,-59.89193,
TOI-4994 b,TOI-4994,1,Transit,2024,21.491984,0.1515,8.541,88.992,717.6,0.319,5640,1.055,1.005,,329.304,283.13253,-78.43443,
TOI-500 b,TOI-500,4,Transit,2022,0.548177,0.01189,1.166,1.42,1617,0.063,4440,0.678,0.74,K6 V,47.3924,106.5591,-47.58782,
TOI-500 c,TOI-500,4,Radial Velocity,2022,6.6356,0.062508,2.09,5.03,,0.072,4440,0.678,0.74,K6 V,47.3924,106.5591,-47.58782,a
TOI-500 d,TOI-500,4,Radial Velocity,2022,26.233,0.156284,6.35,33.12,,0.016,4440,0.678,0.74,K6 V,47.3924,106.5591,-47.58782,a
TOI-500 e,TOI-500,4,Radial Velocity,2022,61.3,0.275206,3.99,15.05,,0.073,4440,0.678,0.74,K6 V,47.3924,106.5591,-47.58782,a
TOI-5005 b,TOI-5005,1,Transit,2024,6.308504,0.06614,6.25,32.7,1040,,5749,0.93,0.97,G2 V,207.891,238.10819,-48.1451,
TOI-5007 b,TOI-5007,1,Transit,2026,2.543371,0.0307,11.074,211.038,774,0.074,3793,0.656,0.632,M1&plusmn;0.5,203.352,236.06387,-61.04136,
TOI-5027 b,TOI-5027,1,Transit,2025,10.24368,0.093,10.761,642.013,1056,0.385,5909,0.92,1.02,,204.429,243.88502,-69.2171,
TOI-5076 b,TOI-5076,1,Transit,2024,23.443162,0.1481,3.489,16.146,550,0,4780,0.844,0.789,K2 V,82.857,50.51042,17.23921,
TOI-5082.01,TOI-5082,1,Transit,2024,4.240122,0.051205,2.548,7.03,1164.9,,5670,0.93,0.9967,,43.1406,106.56958,22.68315,
TOI-5108 b,TOI-5108,1,Transit,2025,6.753581,0.073,6.6,32,1180,,5808,1.29,1.1,,130.919,166.2695,11.24641,
TOI-5110 b,TOI-5110,1,Transit,2024,30.158577,0.2157,11.982,921.702,976,0.745,6160,2.333,1.469,,392.259,94.40427,31.61033,
TOI-512 b,TOI-512,1,Transit,2025,7.18886,0.065936,1.54,3.57,1009,0.02,5277,0.89,0.74,,67.3975,96.6467,-38.60721,a
TOI-5126 b,TOI-5126,2,Transit,2023,5.458838,0.06519,4.74,20.2,1442,0,6150,1.241,1.24,F V,160.414,151.65978,18.63406,
TOI-5126 c,TOI-5126,2,Transit,2023,17.8999,0.1439,3.86,14.2,971,0,6150,1.241,1.24,F V,160.414,151.65978,18.63406,
TOI-5143 c,TOI-5143,1,Transit,2025,5.209712,0.05602,16.253,,904.5,,5183,0.852,0.864,K V,181.38,165.36512,5.13948,
TOI-5153 b,TOI-5153,1,Transit,2022,20.33003,0.158,11.882,1036.121,906,0.091,6300,1.4,1.24,F8 V,390.484,91.54032,-19.95344,
TOI-5159 b,TOI-5159,1,Transit,2026,5.836394,0.061252,1.547,3.01,866.3,,5156,0.8541,0.9,,55.1788,142.78596,20.01934,a
TOI-5160 b,TOI-5160,1,Transit,2026,4.280773,0.051648,2.397,6.33,1016,,5622,1.0332,1.003,,151.465,114.6394,31.39445,a
TOI-5174 b,TOI-5174,1,Transit,2022,12.214286,0.103797,5.351,24.8,808.4,,5644,1.0946,1,,197.243,174.1095,-2.02335,a
TOI-5181 A b,TOI-5181 A,1,Transit,2025,3.89223,0.0522,13.35,330.542,1585,0.15,6060,1.53,1.25,,480.155,280.67747,21.69982,
TOI-519 b,TOI-519,1,Transit,2021,1.265233,0.0159,11.545,147.155,687,0.33,3322,0.35,0.335,M V,115.557,124.60676,-19.66279,
TOI-5205 b,TOI-5205,1,Transit,2023,1.630757,0.0199,11.6,343,737,0.02,3430,0.394,0.392,M4.0,86.4493,313.77068,24.36098,
TOI-521 b,TOI-521,1,Transit,2025,1.54285,0.0195,1.98,5.3,794,0,3544,0.421,0.42,M3,60.9425,123.34426,12.22211,
TOI-5210 b,TOI-5210,1,Transit,2025,4.566106,0.0557,10.727,82,1286,0.066,5723,1.209,1.105,,302.086,314.31692,21.95021,
TOI-5218 b,TOI-5218,1,Transit,2024,4.291452,0.0469,9.86,657,783,0,4230,0.708,0.739,,377.483,292.66346,71.76296,
TOI-5232 b,TOI-5232,1,Transit,2024,4.096669,0.05593,12.778,743.718,1772,0.035,6500,1.785,1.389,,609.388,294.33742,35.27649,
TOI-5238 b,TOI-5238,1,Transit,2022,4.872171,0.056246,5.22,23.7,1042,,5631,1.0228,1,,290.646,223.35889,68.85947,a
TOI-5261 b,TOI-5261,1,Transit,2025,4.150977,0.05134,11.601,3651.848,1244,0.1585,5790,1.021,1.037,,377.054,305.45855,19.43585,
TOI-5292 A b,TOI-5292 A,1,Transit,2026,2.02191,0.0279,12.644,412.859,809,0.034,3919,0.611,0.596,M0&plusmn;0.5,337.095,344.22236,-8.11975,
TOI-5293 A b,TOI-5293 A,1,Transit,2023,2.930289,0.034,11.9,170.4,675,0.38,3586,0.52,0.54,M3+/-1,162.229,355.82868,-2.04509,
TOI-530 b,TOI-530,1,Transit,2021,6.387597,0.052,9.303,127.131,565,0,3659,0.54,0.53,M0.5 V,148.762,103.41283,12.88158,
TOI-5300 b,TOI-5300,1,Transit,2025,2.262196,0.0295,9.864,190.697,1043,0,4610,0.65,0.67,K4 V,162.51,356.48114,0.4588,
TOI-5301 b,TOI-5301,1,Transit,2024,5.858858,0.073,13.092,1182.322,1648,0.33,6240,2.19,1.483,,629.161,12.9908,13.07837,
TOI-5319 b,TOI-5319,1,Transit,2024,4.07853,0.0506,2.83,8.4,695,,3580,0.485,0.5,M,61.171,35.21356,23.52044,
TOI-532 b,TOI-532,1,Transit,2021,2.326651,0.0296,5.82,61.5,867,0,3927,0.612,0.639,,135.047,85.08005,11.56264,
TOI-5322 b,TOI-5322,1,Transit,2025,5.423321,0.0604,16.612,184.023,1350,0.055,5692,1.462,0.998,,476.899,6.52934,14.33643,
TOI-5335 b,TOI-5335,1,Transit,2026,3.61366,0.045225,4.024,15.3,1048,,5529,0.9166,0.945,,331.289,46.95237,15.35908,a
TOI-5340 b,TOI-5340,1,Transit,2025,4.939439,0.0628,15.076,270.154,1566,0.13,5990,1.842,1.35,,532.629,59.30948,22.37834,
TOI-5344 b,TOI-5344,1,Transit,2023,3.792622,0.04041,10.604,130.945,689,0.054,3747,0.588,0.612,,138.367,63.26622,20.91516,
TOI-5349 b,TOI-5349,1,Transit,2026,3.317921,0.0369,10.2,127.4,719,0.03,3751,0.58,0.61,M1+/-0.5,188.336,52.71257,20.87963,
TOI-5350 b,TOI-5350,1,Transit,2025,7.581367,0.0796,12.42,2094.489,1195,0.0165,6220,1.263,1.167,,277.419,74.4023,21.60198,
TOI-5380 b,TOI-5380,1,Transit,2026,3.772292,0.052324,3.481,11.9,1479,,6401,1.5621,1.343,,286.781,112.76115,73.12878,a
TOI-5386 A b,TOI-5386 A,1,Transit,2025,3.621566,0.04856,14.706,155.1,1488,0.072,6094,1.245,1.165,,394.486,226.10692,60.53623,
TOI-5388.01,TOI-5388,1,Transit,2024,2.594675,0.024336,0.99,2.2,488,,3440,0.3,0.292,M3.0 V,18.5226,152.17652,35.54756,
TOI-5398 c,TOI-5398,2,Transit,2023,4.77271,0.057,3.52,11.8,1242,0.14,6000,1.051,1.146,G V,130.855,161.87956,36.32943,
TOI-5398 b,TOI-5398,2,Transit,2022,10.590547,0.098,10.3,58.7,947,0.13,6000,1.051,1.146,G V,130.855,161.87956,36.32943,
TOI-540 b,TOI-540,1,Transit,2020,1.239149,0.01223,0.903,0.674,611,0,3216,0.1895,0.159,M V,14.0022,76.30969,-47.93754,
TOI-5422 b,TOI-5422,1,Transit,2026,5.377219,0.0619,9.102,8899.195,1369,0.094,5820,1.474,1.066,,346.141,86.84362,25.62603,
TOI-544 b,TOI-544,2,Transit,2022,1.548352,0.0225,2.018,2.89,999,0,4169,0.623,0.631,,41.1166,82.29007,-0.3429,
TOI-544 c,TOI-544,2,Radial Velocity,2023,50.089,0.228093,4.92,21.5,,0.32,4169,0.623,0.631,,41.1166,82.29007,-0.3429,a
TOI-5486 b,TOI-5486,1,Transit,2026,2.024701,0.025634,3.968,14.9,752,,3750,0.5532,0.5481,,89.6811,190.5495,3.7886,a
TOI-5489 b,TOI-5489,2,Transit,2025,3.15222,0.031257,1.4,2.54,624,,3547,0.42,0.41,,45.0907,128.69129,11.48959,a
TOI-5489 c,TOI-5489,2,Transit,2025,4.92126,0.042065,1.28,2.18,536,,3547,0.42,0.41,,45.0907,128.69129,11.48959,a
TOI-5502 b,TOI-5502,1,Transit,2026,11.62593,0.108019,4.129,15.9,870,,6089,1.3237,1.244,,248.654,135.20406,27.99833,a
TOI-5515 b,TOI-5515,1,Transit,2026,8.592258,0.081075,2.654,7.53,778.1,,5484,0.8357,0.963,,135.459,139.61636,16.98996,a
TOI-5532 b,TOI-5532,1,Transit,2026,5.653966,0.053417,2.528,6.93,617.3,,4208,0.6621,0.6361,,90.9985,41.3804,5.15073,a
TOI-5542 b,TOI-5542,1,Transit,2022,75.12375,0.332,11.31,419.533,441,0.018,5700,1.058,0.89,G3 V,348.849,302.79842,-61.13547,
TOI-5573 b,TOI-5573,1,Transit,2025,8.79759,0.0712,9.75,112,528,0.072,3790,0.594,0.619,,186.562,136.426,55.30713,
TOI-558 b,TOI-558,1,Transit,2021,14.574071,0.1291,12.173,1147.361,1061,0.298,6466,1.496,1.349,F V,402.63,42.29151,-58.02468,
TOI-559 b,TOI-559,1,Transit,2021,6.98391,0.0723,12.229,1910.149,1180,0.151,5925,1.233,1.026,G V,233.266,46.81862,-31.163,
TOI-5592 b,TOI-5592,1,Transit,2025,2.608585,0.03935,17.15,285.728,1789,0.062,6237,1.393,1.194,,597.026,106.68007,65.85725,
TOI-5595 b,TOI-5595,1,Transit,2026,5.990026,0.055771,4.737,20.1,621,,4417,0.7433,0.645,,136.955,110.46016,35.22198,a
TOI-5599 b,TOI-5599,1,Transit,2026,5.436915,0.064482,7.189,40.9,1496,,6137,1.9133,1.21,,547.948,199.32624,55.68154,a
TOI-5605 b,TOI-5605,1,Transit,2026,5.913405,0.056277,2.526,6.92,669,,4584,0.736,0.68,,95.0735,150.53801,50.14539,a
TOI-561 b,TOI-561,4,Transit,2020,0.44657,0.01064,1.397,2.02,2319,0,5342,0.843,0.806,G9 V,85.799,148.18515,6.2161,
TOI-561 c,TOI-561,4,Transit,2020,10.778838,0.0889,2.865,5.93,802,0.023,5342,0.843,0.806,G9 V,85.799,148.18515,6.2161,
TOI-561 d,TOI-561,4,Transit,2020,25.71268,0.1587,2.615,13.33,600,0.111,5342,0.843,0.806,G9 V,85.799,148.18515,6.2161,
TOI-561 e,TOI-561,4,Transit,2020,77.144,0.33,2.517,12.4,416,0.074,5342,0.843,0.806,G9 V,85.799,148.18515,6.2161,
TOI-5614 b,TOI-5614,1,Transit,2026,4.172213,0.04447,3.218,10.4,817,,4553,0.7349,0.674,,223.016,189.43232,69.45843,a
TOI-5616 b,TOI-5616,1,Transit,2024,2.002849,0.0272,10.78,624,939,0,3996,0.646,0.666,,390.415,184.90164,48.68329,
TOI-5624 b,TOI-5624,5,Transit,2026,3.390347,0.04201,2.314,9.4,1136,0,5327,0.82,0.858,,101.913,180.84435,49.25123,
TOI-5624 c,TOI-5624,5,Transit,2026,7.885385,0.07374,2.474,4.8,857,0,5327,0.82,0.858,,101.913,180.84435,49.25123,
TOI-5624 d,TOI-5624,5,Transit,2026,13.731468,0.1067,3.584,4.9,712.6,0,5327,0.82,0.858,,101.913,180.84435,49.25123,
TOI-5624 e,TOI-5624,5,Transit,2026,21.489936,0.1439,3.247,8.9,613.8,0,5327,0.82,0.858,,101.913,180.84435,49.25123,
TOI-5624 f,TOI-5624,5,Transit Timing Variations,2026,45.37,0.2366,3.66,13,478.5,0,5327,0.82,0.858,,101.913,180.84435,49.25123,
TOI-5630 b,TOI-5630,1,Transit,2026,3.221185,0.041725,2.371,6.22,1541,,5386,0.9334,0.934,,134.047,236.45385,40.37486,a
TOI-5634 A b,TOI-5634 A,1,Transit,2024,2.203537,0.0272,10.42,588,837,0,3896,0.54,0.556,,306.144,175.64364,20.96529,
TOI-564 b,TOI-564,1,Transit,2020,1.651144,0.02734,11.433,464.985,1714,0.072,5640,1.088,0.998,,199.581,130.29515,-16.03633,
TOI-5678 b,TOI-5678,1,Transit,2023,47.73022,0.249,4.91,20,513,0.14,5485,0.938,0.905,G7 V,165.393,47.38419,-34.19848,
TOI-5688 A b,TOI-5688 A,1,Transit,2024,2.948155,0.03379,10.3,124,742,0.128,3713,0.57,0.6,,226.318,266.9231,47.70505,
TOI-5704 b,TOI-5704,1,Transit,2023,3.771116,0.042693,3.227,10.5,949.1,,4590,0.7575,0.73,,89.637,169.82487,44.98908,a
TOI-5713 b,TOI-5713,1,Transit,2024,10.441989,0.06008,1.77,3.78,347.2,0.24,3225,0.2992,0.2653,M3.5+/-0.5,40.8668,208.45873,52.60276,
TOI-5716 b,TOI-5716,1,Transit,2025,6.7663,0.040249,0.96,0.84,400,,3436,0.22,0.19,,39.4122,201.9008,73.17743,a
TOI-5720 b,TOI-5720,1,Transit,2024,1.434456,0.018288,1.09,4.3,708,,3325,0.383,0.383,M3.5 +/- 1.0,35.8256,170.31358,25.27329,
TOI-5726.01,TOI-5726,1,Transit,2024,5.491125,0.062186,2.554,7.05,1093,,5874,1.106,1.06,,108.848,123.39505,68.57459,
TOI-5728 b,TOI-5728,1,Transit,2025,11.49761,0.070922,1.31,2.27,382,,3419,0.37,0.36,,54.7045,260.35094,67.55042,a
TOI-5734 b,TOI-5734,1,Transit,2026,6.184188,0.05921,2.1,9.1,688,,4750,0.639,0.724,K3-K4 V,32.5102,111.25582,37.23112,
TOI-5736 b,TOI-5736,1,Transit,2025,0.64899,0.012163,1.56,3.05,1311,,3949,0.58,0.57,,92.3604,213.7584,49.50094,a
TOI-5777 b,TOI-5777,1,Transit,2026,6.917162,0.061797,3.096,9.78,602,,4408,0.6719,0.658,,114.277,141.00224,82.8587,a
TOI-5786 b,TOI-5786,1,Transit,2025,12.779107,0.114,8.54,73,1040,,6235,1.36,1.23,,192.475,293.32233,30.70425,
TOI-5788 b,TOI-5788,2,Transit,2026,6.340758,0.064,1.528,3.72,910,0.061,5615,0.87,0.87,,97.614,287.4249,31.76153,
TOI-5788 c,TOI-5788,2,Transit,2026,16.213362,0.1197,2.272,6.4,667,0.046,5615,0.87,0.87,,97.614,287.4249,31.76153,
TOI-5789 b,TOI-5789,4,Radial Velocity,2026,2.76369,0.03608,1.26,2.12,1201,0,5185,0.833,0.821,K1 V,20.4581,302.77345,16.18971,
TOI-5789 c,TOI-5789,4,Transit,2026,12.927748,0.1009,2.86,5,718,0.067,5185,0.833,0.821,K1 V,20.4581,302.77345,16.18971,
TOI-5789 d,TOI-5789,4,Radial Velocity,2026,29.65,0.1756,1.91,4.29,545,0.096,5185,0.833,0.821,K1 V,20.4581,302.77345,16.18971,
TOI-5789 e,TOI-5789,4,Radial Velocity,2026,62.98,0.2901,3.43,11.61,424,0.071,5185,0.833,0.821,K1 V,20.4581,302.77345,16.18971,
TOI-5795 b,TOI-5795,1,Transit,2025,6.140632,0.064,5.62,23.66,1136.8,0.25,5715,1.082,0.901,G3 V,156.53,304.86878,-7.54766,
TOI-5799 b,TOI-5799,2,Transit,2024,4.164507,0.0348,1.733,3.65,505,,3452,0.321,0.325,M2 V,27.8123,301.63018,15.98914,
TOI-5799 c,TOI-5799,2,Transit,2025,14.010449,0.0782,1.76,3.75,337,,3452,0.321,0.325,M2 V,27.8123,301.63018,15.98914,
TOI-5800 b,TOI-5800,1,Transit,2025,2.627884,0.0344,2.46,9.5,1108,0.3,4850,0.773,0.778,K3 V,42.9052,305.06555,-7.41192,
TOI-5803 b,TOI-5803,1,Transit,2023,5.38305,0.057385,3.273,10.7,678.9,,5134,0.7625,0.87,,84.0126,327.24875,6.27818,a
TOI-5817 b,TOI-5817,1,Transit,2025,15.61031,0.1223,3.08,10.3,950,0.2,5770,1.427,0.97,G2 IV-V,80.7542,322.3778,21.47453,
TOI-5882 b,TOI-5882,1,Transit,2025,7.148972,0.0804,11.467,6995.403,1515,0.0339,5920,2.26,1.334,,416.104,311.88864,34.73749,
TOI-5916 b,TOI-5916,1,Transit,2026,2.367128,0.0262,11.355,226.612,683,0.09,3613,0.48,0.477,M2&plusmn;0.5,199.724,325.29951,9.59905,
TOI-5926 b,TOI-5926,1,Transit,2026,3.811228,0.046876,7.568,44.6,987,,5389,0.89,0.946,,275.103,308.07844,15.50308,a
TOI-5938 b,TOI-5938,1,Transit,2026,2.260424,0.0308,3.82,14,1077,,4650,0.712,0.744,,114.035,303.90884,28.65923,
TOI-6000 b,TOI-6000,1,Transit,2025,0.448959,0.008238,0.94,0.779,1120,,3419,0.38,0.37,,75.7664,292.6063,68.15459,a
TOI-6002 b,TOI-6002,1,Transit,2024,10.904821,0.05722,1.65,3.36,321.4,0.15,3229,0.2432,0.2101,M3.5+/-0.5,32.0266,299.61425,32.28717,
TOI-6008 b,TOI-6008,1,Transit,2024,0.857435,0.010777,1.03,4,707,,3075,0.242,0.23,M5.0,23.1008,310.44873,49.6469,
TOI-6016 b,TOI-6016,1,Transit,2024,4.023687,0.055,13.675,371.859,1890,0,6110,1.51,1.31,F,364.715,4.52396,59.7662,
TOI-6019 b,TOI-6019,1,Transit,2026,14.547952,0.1212,12.3,149,1095,0.48,5561,2.02,1.13,,260.342,355.09135,35.94084,
TOI-6029 b,TOI-6029,1,Transit,2024,5.7987,0.073072,14.392,519.649,1484,0.091,6223,2.338,1.548,,603.119,8.38626,61.86077,a
TOI-6034 b,TOI-6034,1,Transit,2024,2.576184,0.02949,11.92,254,714,0.04,3635,0.489,0.514,,117.992,317.90014,68.40208,
TOI-6038 A b,TOI-6038 A,1,Transit,2025,5.826731,0.069,6.41,78.5,1439,,6110,1.648,1.291,,179.147,51.65727,40.81727,
TOI-6041 b,TOI-6041,2,Transit,2025,26.04945,0.1651,4.55,28.9,605.6,,5445,0.879,0.885,G7,72.4731,46.06103,43.55767,
TOI-6041 c,TOI-6041,2,Radial Velocity,2025,88,0.3721,10.5,77.9,403.5,,5445,0.879,0.885,G7,72.4731,46.06103,43.55767,
TOI-6054.01,TOI-6054,2,Transit,2024,7.501428,0.0763,2.64,12.5,1360,0.164,6047,1.662,1.107,,79.407,56.33701,60.35092,
TOI-6054.02,TOI-6054,2,Transit,2024,12.563636,0.1079,2.82,9.3,1143,0.332,6047,1.662,1.107,,79.407,56.33701,60.35092,
TOI-6080 b,TOI-6080,1,Transit,2026,8.055623,0.078907,3.324,11,919.3,,5775,1.0622,1.01,,188.183,266.60442,38.07871,a
TOI-6086 b,TOI-6086,1,Transit,2024,1.388872,0.01541,1.18,1.76,634,,3200,0.259,0.254,M3.0,31.4566,265.37042,30.30378,
TOI-6109 b,TOI-6109,2,Transit,2025,5.690476,0.0599,4.87,21.1,700,,5660,1.021,1.03,G3,151.738,50.13192,42.60696,
TOI-6109 c,TOI-6109,2,Transit,2025,8.538878,0.0786,4.833,20.8,786,,5660,1.021,1.03,G3,151.738,50.13192,42.60696,
TOI-6130 b,TOI-6130,1,Transit,2024,2.392679,0.036,14.347,333.72,1750,0.036,6110,1.51,1.31,F,220.882,339.20508,16.82719,
TOI-615 b,TOI-615,1,Transit,2023,4.661598,0.0678,18.977,138.255,1666,0.39,6850,1.732,1.449,F2 V,360.408,133.40869,-40.5437,
TOI-620 b,TOI-620,1,Transit,2022,5.098818,0.04825,3.76,13.6,603.6,0.22,3708,0.55,0.577,M2.5 V,33.0231,142.17345,-12.16717,
TOI-622 b,TOI-622,1,Transit,2023,6.402513,0.0708,9.236,96.302,1388,0.42,6400,1.415,1.313,F6 V,123.297,125.30505,-46.4843,
TOI-6223 b,TOI-6223,1,Transit,2025,3.855219,0.04018,5.07,22.6,714,,3895,0.576,0.582,M0 V,133.122,355.9506,33.06724,
TOI-6255 b,TOI-6255,1,Transit,2024,0.238182,0.005315,1.079,1.44,1256.5,0,3421,0.37,0.353,,20.3167,331.50316,39.29883,a
TOI-628 b,TOI-628,1,Transit,2021,3.409568,0.0486,11.882,2011.864,1586,0.072,6250,1.345,1.311,,178.68,99.26306,1.76755,
TOI-6281 b,TOI-6281,1,Transit,2026,1.054262,0.017561,1.924,4.36,2240,,4533,0.8742,0.65,,57.7451,172.37852,-40.60942,a
TOI-6303 b,TOI-6303,1,Transit,2025,9.485236,0.0761,11.59,2493,541,0.02,3977,0.609,0.644,,152.219,46.78065,40.14717,
TOI-6324 b,TOI-6324,1,Transit,2025,0.279221,0.005397,1.059,1.17,1216,0,3247,0.293,0.269,,20.5488,330.84454,67.49868,a
TOI-6330 b,TOI-6330,1,Transit,2025,6.850025,0.05763,10.89,3179,495,0.34,3539,0.49,0.531,,139.042,22.16798,53.68608,
TOI-6383 A b,TOI-6383 A,1,Transit,2024,1.790587,0.02292,11.29,331,745,0.05,3444,0.457,0.458,M3,171.319,60.4247,60.89137,
TOI-6393 b,TOI-6393,1,Transit,2026,9.531761,0.082848,2.76,8.04,696,,5008,0.766,0.835,,186.229,141.24369,68.78831,a
TOI-640 b,TOI-640,1,Transit,2021,5.003777,0.06608,19.279,181.162,1816,0.013,6460,2.082,1.536,,341.997,99.73459,-36.64613,
TOI-6420 b,TOI-6420,1,Transit,2025,6.961508,0.0753,11.938,2606.193,1213,0.078,6020,1.312,1.165,,634.712,125.5443,-19.12429,
TOI-6448 b,TOI-6448,1,Transit,2025,14.844261,0.131,8.474,54,745,0.2,5910,0.897,1.03,,386.879,110.17041,-33.92233,
TOI-6478 b,TOI-6478,1,Transit,2025,34.005019,0.1136,4.6,19.2,204.4,,3230,0.234,0.23,M4.0+/-0.5,38.6057,149.99181,-16.15979,
TOI-654.01,TOI-654,1,Transit,2024,1.527561,0.01944,2.378,8.71,794,0,3521,0.43,0.419,M2 V,57.7553,164.72455,-5.54754,
TOI-6564 b,TOI-6564,1,Transit,2026,3.985413,0.0542,16.399,222.162,1445,0,5943,1.7,1.18,,191.372,205.81788,-56.15645,
TOI-6628 b,TOI-6628,1,Transit,2025,18.18424,0.134,10.985,235.193,833,0.67,5463,1.01,0.97,,320.527,225.83705,-35.23058,
TOI-663 b,TOI-663,3,Transit,2024,2.598902,0.0295,2.27,4.45,674,,3681,0.512,0.514,M1 V,64.2308,160.06585,-8.51108,
TOI-663 c,TOI-663,3,Transit,2024,4.695551,0.0437,2.26,3.65,553,,3681,0.512,0.514,M1 V,64.2308,160.06585,-8.51108,
TOI-663 d,TOI-663,3,Transit,2024,7.102727,0.0576,1.92,5.2,482,,3681,0.512,0.514,M1 V,64.2308,160.06585,-8.51108,
TOI-6651 b,TOI-6651,1,Transit,2024,5.056973,0.0633,5.09,61,1493,0.091,5940,1.721,1.323,,212.128,15.78859,35.38904,
TOI-6677 b,TOI-6677,1,Transit,2026,5.450607,0.068606,5.835,28.7,334,,6572,1.5717,1.45,,340.52,290.47191,-46.87496,a
TOI-669 b,TOI-669,1,Transit,2023,3.945152,0.048,2.586,10,1124.8,0,5597,0.9882,0.9245,,142.867,158.9007,-5.18137,
TOI-6692 b,TOI-6692,1,Transit,2026,131.125,0.512,11.68,197.054,467,0.537,5890,1.385,1.047,,312.903,312.69404,-81.2724,
TOI-6695 b,TOI-6695,2,Transit,2025,80.389,0.402,9.528,66.744,599,0.04,6400,1.517,1.338,F5V-G0V,282.536,129.57202,-23.55022,
TOI-6695 c,TOI-6695,2,Radial Velocity,2025,242.4,0.838,13.6,460.851,415,0.022,6400,1.517,1.338,F5V-G0V,282.536,129.57202,-23.55022,
TOI-6699 b,TOI-6699,1,Transit,2026,5.320059,0.054188,2.326,6.02,976,,4705,0.7531,0.75,,85.8463,317.06958,-63.2505,a
TOI-6707 b,TOI-6707,1,Transit,2026,3.834794,0.050088,5.727,27.8,1509.4,,6289,1.582,1.14,,641.467,109.76347,-58.11553,a
TOI-6716 b,TOI-6716,1,Transit,2026,4.71859,0.0319,0.982,0.911,369,0.88,3110,0.231,0.223,M4,18.8873,111.65708,-30.55218,
TOI-672 b,TOI-672,1,Transit,2023,3.633581,0.0376,5.31,50.9,699.5,0,3810,0.54,0.54,M0 V,66.9071,167.99086,-39.32812,
TOI-674 b,TOI-674,1,Transit,2021,1.977143,0.025,5.25,23.6,635,0,3514,0.42,0.42,M2 V,46.0851,164.58656,-36.85811,
TOI-677 b,TOI-677,1,Transit,2020,11.236598,0.1041,13.115,392.2,1252,0.46,6295,1.28,1.181,F8,141.812,144.11936,-50.46309,
TOI-682.01,TOI-682,1,Transit,2021,6.839239,0.066796,3.742,13.5,1090,,5085,1.08,0.85,,83.1548,167.88543,-22.07278,a
TOI-6884 b,TOI-6884,1,Transit,2026,4.808264,0.0629,10.391,8365.244,1652,0.067,6330,1.84,1.41,,562.376,193.00879,26.67395,
TOI-6894 b,TOI-6894,1,Transit,2025,3.370772,0.02604,9.584,53.395,417.9,0.029,3007,0.2276,0.207,,73.8131,173.46914,12.45109,
TOI-6954 b,TOI-6954,1,Transit,2026,4.020741,0.04658,3.635,12.8,930,,5171,0.9471,0.834,,190.042,168.32406,-2.78776,a
TOI-697 b,TOI-697,1,Transit,2026,8.607887,0.081369,2.359,6.16,839.8,,5682,0.9681,0.97,,93.7714,69.70422,-36.68133,a
TOI-700 b,TOI-700,4,Transit,2020,9.977219,0.0677,0.914,0.704,417,0.075,3459,0.421,0.415,M2.5 V,31.1265,97.09572,-65.57861,
TOI-700 c,TOI-700,4,Transit,2020,16.051137,0.0929,2.6,7.27,356,0.068,3459,0.421,0.415,M2.5 V,31.1265,97.09572,-65.57861,
TOI-700 e,TOI-700,4,Transit,2023,27.80978,0.134,0.953,0.818,272.9,0.059,3459,0.421,0.415,M2.5 V,31.1265,97.09572,-65.57861,
TOI-700 d,TOI-700,4,Transit,2020,37.42396,0.1633,1.073,1.25,268.8,0.042,3459,0.421,0.415,M2.5 V,31.1265,97.09572,-65.57861,
TOI-7008 b,TOI-7008,1,Transit,2026,0.84069,0.016705,4.947,21.7,1783,,5116,0.9526,0.88,,410.467,216.98825,79.4504,a
TOI-7009 b,TOI-7009,1,Transit,2026,2.320661,0.0287,3.71,13.3,872,,4080,0.564,0.583,,184.12,299.51313,55.65103,
TOI-7041 b,TOI-7041,1,Transit,2025,9.691,0.090987,11.433,114.418,882.4,0.04,4700,4.1,1.07,,439.52,357.80217,-50.86986,a
TOI-707 b,TOI-707,1,Transit,2026,52.79918,0.275,2.416,6.42,491.7,,5424,0.978,0.99,,130.959,98.72959,-67.53727,
TOI-712 b,TOI-712,3,Transit,2022,9.531361,0.07928,2.049,4.85,650,0.54,4622,0.674,0.732,K4.5 V,58.6212,92.93611,-65.82584,
TOI-712 c,TOI-712,3,Transit,2022,51.69906,0.2447,2.701,7.76,369.9,0.089,4622,0.674,0.732,K4.5 V,58.6212,92.93611,-65.82584,
TOI-712 d,TOI-712,3,Transit,2022,84.8396,0.3405,2.474,6.68,313.6,0.073,4622,0.674,0.732,K4.5 V,58.6212,92.93611,-65.82584,
TOI-7149 b,TOI-7149,1,Transit,2025,2.652062,0.02603,13.2,224,593,0.078,3363,0.351,0.344,M4 V,126.126,244.73847,19.17581,
TOI-715 b,TOI-715,1,Transit,2023,19.288004,0.083,1.55,3.02,234,,3075,0.24,0.225,M4,42.4048,113.85233,-73.57741,
TOI-7155 b,TOI-7155,1,Transit,2026,3.894897,0.044115,2.408,6.38,914,,4673,0.6707,0.755,,144.751,12.44545,79.28786,a
TOI-7166 b,TOI-7166,1,Transit,2025,12.920636,0.06191,2.01,4.7,249,0,3099,0.222,0.19,M4.5+/-0.5,35.4153,320.68064,8.8894,
TOI-733 b,TOI-733,1,Transit,2023,4.884765,0.0618,1.992,5.72,1055.8,0.046,5585,0.949,0.956,G,75.2092,159.40932,-40.88826,
TOI-7333 b,TOI-7333,1,Transit,2026,6.264498,0.059636,2.095,5.04,755,,4587,0.6661,0.721,,157.217,243.53196,75.91663,a
TOI-7384 b,TOI-7384,1,Transit,2026,6.234026,0.0439,3.56,12.4,378,0.4,3185,0.319,0.318,M4,66.7902,83.10318,-39.83425,
TOI-7510 b,TOI-7510,3,Transit,2025,11.530869,0.1019,7.31,18.1,878,0.0572,5720,1.035,1.063,G3,249.006,273.72819,-54.43405,
TOI-7510 c,TOI-7510,3,Transit,2025,22.568742,0.1595,10.81,131,702,0.0091,5720,1.035,1.063,G3,249.006,273.72819,-54.43405,
TOI-7510 d,TOI-7510,3,Transit,2025,48.864468,0.2672,10.52,190,542.4,0.04,5720,1.035,1.063,G3,249.006,273.72819,-54.43405,
TOI-756 b,TOI-756,2,Transit,2025,1.239249,0.018,2.81,9.83,934,0,3657,0.505,0.505,M1 V,86.1759,192.10374,-45.47047,
TOI-756 c,TOI-756,2,Radial Velocity,2025,149.4,0.439,13,1287.205,194,0.445,3657,0.505,0.505,M1 V,86.1759,192.10374,-45.47047,
TOI-757 b,TOI-757,1,Transit,2024,17.46819,0.122,2.5,10.5,641,0.39,5278,0.78,0.8,K0 V,60.3418,187.99484,-35.55445,
TOI-762 A b,TOI-762 A,1,Transit,2024,3.471683,0.03418,8.339,79.775,555.4,0.083,3266,0.425,0.442,,98.4458,166.07474,-47.8215,
TOI-763 b,TOI-763,2,Transit,2020,5.6057,0.06,2.28,9.79,1038,0.04,5450,0.897,0.917,G,95.1274,194.4681,-39.75806,
TOI-763 c,TOI-763,2,Transit,2020,12.2737,0.1011,2.63,9.32,800,0.04,5450,0.897,0.917,G,95.1274,194.4681,-39.75806,
TOI-771 b,TOI-771,2,Transit,2024,2.326016,0.0208,1.36,2.47,543,0.055,3370,0.232,0.22,M3,25.2788,164.11389,-72.98517,
TOI-771 c,TOI-771,2,Radial Velocity,2025,7.61,0.046,1.5,2.87,365,0.065,3370,0.232,0.22,M3,25.2788,164.11389,-72.98517,
TOI-776 b,TOI-776,2,Transit,2020,8.24662,0.0653,1.798,5,520,0.052,3725,0.547,0.542,M1 V,27.1701,178.578,-37.55336,
TOI-776 c,TOI-776,2,Transit,2020,15.665323,0.1001,2.047,6.9,420,0.089,3725,0.547,0.542,M1 V,27.1701,178.578,-37.55336,
TOI-778 b,TOI-778,1,Transit,2023,4.633611,0.06,15.4,878,1561,0.21,6643,1.71,1.4,F3 V,161.743,199.33385,-15.2737,
TOI-782 b,TOI-782,1,Transit,2024,8.024002,0.0578,2.734,19.1,435,0.19,3370,0.413,0.397,,52.5122,183.92036,-18.91034,
TOI-791 b,TOI-791,2,Transit,2026,139.29931,0.602,11.131,9.5,434.3,0.032,6294,1.474,1.28,F7,341.221,118.43476,-69.70174,
TOI-791 c,TOI-791,2,Transit,2026,232.0157,0.863,12.946,18.6,362.8,0.028,6294,1.474,1.28,F7,341.221,118.43476,-69.70174,
TOI-799 b,TOI-799,1,Transit,2026,5.545191,0.061313,2.066,4.92,958.7,,5663,0.9155,1,,158.526,98.46912,-52.4603,a
TOI-808 b,TOI-808,1,Transit,2026,9.739449,0.085206,2.203,5.49,711,,5078,0.8332,0.87,,98.1848,133.74855,-44.28863,a
TOI-813 b,TOI-813,1,Transit,2020,83.8911,0.423,6.71,36.4,610,0,5907,1.94,1.32,G0 IV,263.145,72.69401,-60.90546,
TOI-815 b,TOI-815,2,Transit,2024,11.197259,0.0903,2.94,7.6,686,0.2,4869,0.77,0.776,K3 V,59.7117,155.87194,-43.83492,
TOI-815 c,TOI-815,2,Transit,2024,34.976145,0.193,2.62,23.5,469,0.22,4869,0.77,0.776,K3 V,59.7117,155.87194,-43.83492,
TOI-824 b,TOI-824,1,Transit,2020,1.392978,0.02177,2.926,18.467,1253,,4600,0.695,0.71,K4 V,63.9262,222.16547,-57.58887,
TOI-833 b,TOI-833,1,Transit,2022,1.041878,0.0171,1.27,2.15,1118,,3920,0.6,0.61,,41.7148,145.64547,-62.47589,
TOI-836 b,TOI-836,2,Transit,2023,3.81673,0.0422,1.704,4.53,871,0.053,4552,0.665,0.678,K V,27.5024,225.07988,-24.4542,
TOI-836.01,TOI-836,2,Transit,2021,8.59545,0.075,2.587,9.6,665,0.078,4552,0.665,0.678,K V,27.5024,225.07988,-24.4542,
TOI-837 b,TOI-837,1,Transit,2020,8.324911,0.0888,9.169,120.457,995.3,0,5995,1.052,1.142,F9/G0,142.488,157.03728,-64.50521,
TOI-849 b,TOI-849,1,Transit,2020,0.765548,0.0155,3.64,41.8,1932,0,5257,0.97,0.97,G,225.734,28.7158,-29.42171,
TOI-858 B b,TOI-858 B,1,Transit,2023,3.279718,0.04435,14.067,349.611,1529,0.15,5842,1.308,1.081,G0,250.489,60.19983,-54.59292,
TOI-871 b,TOI-871,1,Transit,2024,14.362565,0.1054,1.664,3.41,621,,4929,0.719,0.758,,68.0473,74.73763,-50.62742,
TOI-880.02,TOI-880,2,Transit,2024,2.57571,0.0349,2.19,5.43,1085,,5050,0.83,0.87,K,60.6679,94.16447,-13.98734,
TOI-880 c,TOI-880,2,Transit,2025,6.38727,0.0635,4.95,21.7,805,,5050,0.83,0.87,K,60.6679,94.16447,-13.98734,
TOI-883 b,TOI-883,1,Transit,2026,10.057718,0.091279,7.172,40.7,861,,5713,1.0148,1.003,,102.637,103.36906,-6.50783,a
TOI-892 b,TOI-892,1,Transit,2020,10.62656,0.092,11.994,301.938,1397,0.125,6261,1.39,1.28,F,340.543,86.73823,-11.23534,
TOI-904 b,TOI-904,2,Transit,2023,10.8772,0.056,2.426,6.46,429.4,,3770,0.527,0.557,,46.0891,89.37127,-83.12973,
TOI-904 c,TOI-904,2,Transit,2023,83.9997,0.312,2.167,5.34,217.3,,3770,0.527,0.557,,46.0891,89.37127,-83.12973,
TOI-905 b,TOI-905,1,Transit,2020,3.739494,0.04666,13.126,211.993,1192,0.024,5570,0.918,0.968,,158.649,227.65868,-71.36163,
TOI-907.01,TOI-907,1,Transit,2024,4.584913,0.055225,9.616,67,1846.6,,6272,2.0598,1.0694,,312.529,262.18341,-62.84038,
TOI-908 b,TOI-908,1,Transit,2023,3.183792,0.041657,3.186,16.137,1317,0.132,5626,1.028,0.95,G V,175.748,53.15943,-81.25074,
TOI-912 b,TOI-912,1,Transit,2025,4.678069,0.041,1.93,5.1,551,0.58,3572,0.419,0.418,M3,26.1072,229.32857,-80.47334,
TOI-913 b,TOI-913,1,Transit,2023,11.098644,0.091143,2.453,6.59,712,,4969,0.7325,0.82,,65.1769,234.57232,-80.80343,a
TOI-921 b,TOI-921,1,Transit,2026,5.128719,0.060623,3.534,12.2,951,,6012,1.1417,1.13,,294.015,99.6742,-56.22054,a
TOI-929 b,TOI-929,1,Transit,2026,5.830154,0.056289,2.69,7.7,774,,4457,0.7174,0.7,,114.421,45.90717,-39.93078,a
TOI-938 b,TOI-938,1,Transit,2026,8.807339,0.086159,4.824,20.8,1073,,5829,0.9851,1.1,,215.034,63.03234,-12.11884,a
TOI-941 b,TOI-941,1,Transit,2026,8.514609,0.083674,6.512,34.6,1000,,5746,1.1849,1.078,,263.386,78.30052,6.54591,a
TOI-942 b,TOI-942,2,Transit,2020,4.32421,0.04866,3.89,16,1120,0.34,4969,0.894,0.822,K2.5 V,152.601,76.64962,-20.24561,
TOI-942 c,TOI-942,2,Transit,2020,10.156272,0.08598,4.67,794.575,772.6,0.32,4969,0.894,0.822,K2.5 V,152.601,76.64962,-20.24561,
TOI-954 b,TOI-954,1,Transit,2020,3.684973,0.04963,9.55,55.302,1526,0.14,5710,1.892,1.201,,238.768,61.94106,-25.2088,
TOI-969 b,TOI-969,2,Transit,2022,1.82373,0.02636,2.765,9.1,941,,4435,0.671,0.734,K V,77.2554,115.13669,2.09859,
TOI-969 c,TOI-969,2,Radial Velocity,2022,1700,2.52,12.4,3591.461,96.4,0.628,4435,0.671,0.734,K V,77.2554,115.13669,2.09859,
TRAPPIST-1 b,TRAPPIST-1,7,Transit,2016,1.510826,0.01154,1.116,1.374,397.6,0.0062,2566,0.1192,0.0898,M8.0 V,12.4299,346.62639,-5.04346,
TRAPPIST-1 c,TRAPPIST-1,7,Transit,2016,2.421937,0.0158,1.097,1.308,339.7,0.0065,2566,0.1192,0.0898,M8.0 V,12.4299,346.62639,-5.04346,
TRAPPIST-1 d,TRAPPIST-1,7,Transit,2016,4.049219,0.02227,0.788,0.388,286.2,0.0084,2566,0.1192,0.0898,M8.0 V,12.4299,346.62639,-5.04346,
TRAPPIST-1 e,TRAPPIST-1,7,Transit,2017,6.101013,0.02925,0.92,0.692,249.7,0.0051,2566,0.1192,0.0898,M8.0 V,12.4299,346.62639,-5.04346,
TRAPPIST-1 f,TRAPPIST-1,7,Transit,2017,9.20754,0.03849,1.045,1.039,217.7,0.0101,2566,0.1192,0.0898,M8.0 V,12.4299,346.62639,-5.04346,
TRAPPIST-1 g,TRAPPIST-1,7,Transit,2017,12.352446,0.04683,1.129,1.321,197.3,0.0021,2566,0.1192,0.0898,M8.0 V,12.4299,346.62639,-5.04346,
TRAPPIST-1 h,TRAPPIST-1,7,Transit,2017,18.772866,0.06189,0.755,0.326,171.7,0.0057,2566,0.1192,0.0898,M8.0 V,12.4299,346.62639,-5.04346,
TWA 7 b,TWA 7,1,Imaging,2025,201937.197232,52,12.7,108.062,316,,3509,0.9172,0.46,,33.9958,160.62481,-33.67126,p
TYC 0434-04538-1 b,TYC 0434-04538-1,1,Radial Velocity,2021,193.2,0.66,12.7,1938.763,877.8,0.08,4679,9.99,1.04,,613.422,271.33965,2.06228,
TYC 1422-614-1 b,TYC 1422-614-1,2,Radial Velocity,2014,198.4,0.69,13.3,794.5,730.2,0.06,4806,6.85,1.15,,672.41,154.27778,19.55841,
TYC 1422-614-1 c,TYC 1422-614-1,2,Radial Velocity,2014,559.3,1.37,12.5,3178,518.2,0.048,4806,6.85,1.15,,672.41,154.27778,19.55841,
TYC 2187-512-1 b,TYC 2187-512-1,1,Radial Velocity,2022,691.9,1.22,12.5,104.883,114.7,0.05,3734,0.495,0.498,M1.0 V,15.4744,320.52668,22.93194,
TYC 3318-01333-1 b,TYC 3318-01333-1,1,Radial Velocity,2018,562,1.414,13.1,1086.979,470.4,0.098,4776,5.9,1.19,,490.61,45.58257,49.74414,
TYC 3667-1280-1 b,TYC 3667-1280-1,1,Radial Velocity,2016,26.468,0.21,12.8,1716.282,1350,0.036,5130,6.26,1.87,,477.516,12.88758,58.42615,
TYC 4282-00605-1 b,TYC 4282-00605-1,1,Radial Velocity,2017,101.54,0.422,12.4,3426.207,1285.1,0.28,4300,16.21,0.97,,464.128,343.8721,62.23919,
TYC 8998-760-1 b,TYC 8998-760-1,2,Imaging,2020,644346.551111,146,12.1,6928.659,17.8,0.44,4573,0.9538,1,K3 IV,94.6177,201.30011,-64.93916,p
TYC 8998-760-1 c,TYC 8998-760-1,2,Imaging,2020,2090813.001681,320,12.33,1906.98,1240,,4573,0.9538,1,K3 IV,94.6177,201.30011,-64.93916,p
Teegarden's Star b,Teegarden's Star,3,Radial Velocity,2019,4.90634,0.0259,1.05,1.16,277,0.03,3034,0.12,0.097,M7.0 V,3.8308,43.26914,16.8649,
Teegarden's Star c,Teegarden's Star,3,Radial Velocity,2019,11.416,0.0455,1.02,1.05,209,0.04,3034,0.12,0.097,M7.0 V,3.8308,43.26914,16.8649,
Teegarden's Star d,Teegarden's Star,3,Radial Velocity,2024,26.13,0.0791,0.954,0.82,159,0.07,3034,0.12,0.097,M7.0 V,3.8308,43.26914,16.8649,
TrES-1 b,TrES-1,1,Transit,2004,3.03007,0.03925,12.666,266.977,1140,0,5230,0.85,1.04,K0 V,159.658,286.04088,36.63254,
TrES-2 b,TrES-2,1,Transit,2006,2.47063,0.03568,15.244,473.567,1466,0,5850,1.12,1.36,G0 V,215.32,286.80853,49.31642,
TrES-3 b,TrES-3,1,Transit,2007,1.306186,0.02282,14.975,607.03,1638,0,5650,0.829,0.928,G4 V,231.337,268.02911,37.54633,
TrES-4 b,TrES-4,1,Transit,2007,3.55395,0.05084,18.046,247.907,1778,0,6200,1.66,1.08,F8 V,515.98,268.30434,37.21174,
TrES-5 b,TrES-5,1,Transit,2011,1.482247,0.02459,13.384,568.916,1480,0,5171,0.868,0.901,,360.313,305.22195,59.4489,
UCAC3 113-933 b,UCAC3 113-933,1,Imaging,2024,222802500,6100,12.1,6674.397,1.8,,3864,0.5645,0.61,M0,52.5829,5.27581,-33.80317,p
UCAC4 328-061594 b,UCAC4 328-061594,1,Imaging,2024,876894094.573991,19000,12.1,6674.397,,,,,1.19,DC,39.9089,152.69911,-24.45327,p
UKIRT-2017-BLG-001L b,UKIRT-2017-BLG-001L,1,Microlensing,2018,3468.263919,4.18,13.7,407,,,,,0.81,,6300,266.65408,-29.21136,p
USco CTIO 108 b,USco CTIO 108,1,Imaging,2008,25859897.757012,670,12.3,4449.62,3,,2700,0.3454,0.06,M7,144.019,241.47527,-18.31242,p
USco1556 b,USco1556 A,1,Imaging,2019,131654382.727949,3500,12.3,4767.45,2240,,3410,0.6681,0.33,M3.0 V,140.635,239.10372,-25.68905,p
USco1621 b,USco1621 A,1,Imaging,2019,94086585.075663,2880,12.2,5085.28,2270,,3460,0.7101,0.36,M2.5 V,137.901,245.37309,-25.49543,p
UZ For c,UZ For,2,Eclipse Timing Variations,2011,1916.25,2.8,,2447.2,,0.05,5287,,0.7,,239.6039,53.86947,-25.73939,
UZ For b,UZ For,2,Eclipse Timing Variations,2011,5840,5.9,,2002.2,,0.04,5287,,0.7,,239.6039,53.86947,-25.73939,
V0391 Peg b,V0391 Peg,1,Pulsation Timing Variations,2007,1170,1.7,13.1,1017.056,519.7,0,29300,0.23,0.5,sdBV,1195.98,331.05041,26.41882,
V1298 Tau c,V1298 Tau,4,Transit,2019,8.249164,0.0824,5.08,4.7,953,0.0094,4970,1.32,1.1,K1,108.199,61.33165,20.15703,
V1298 Tau d,V1298 Tau,4,Transit,2019,12.401394,0.1081,6.53,6,831,0.0087,4970,1.32,1.1,K1,108.199,61.33165,20.15703,
V1298 Tau b,V1298 Tau,4,Transit,2019,24.140006,0.1685,9.41,13.1,666,0.0079,4970,1.32,1.1,K1,108.199,61.33165,20.15703,
V1298 Tau e,V1298 Tau,4,Transit,2019,48.677714,0.2689,10.17,15.3,527,0.0124,4970,1.32,1.1,K1,108.199,61.33165,20.15703,
V2376 Ori b,V2376 Ori,1,Imaging,2025,325740.299086,71,87.206,6356.568,2100,,,,0.45,M,,83.83982,-5.35156,p
V830 Tau b,V830 Tau,1,Radial Velocity,2016,4.927,0.057,14,222.481,1214,0,4250,2,1,,130.111,68.29183,24.56192,
VHS J125601.92-125723.9 b,VHS J125601.92-125723.9,1,Imaging,2015,5800000,350,13.675,5085.255,1194,0.68,2620,,0.07,M7.5,12.7,194.00896,-12.95603,
WASP-1 b,WASP-1,1,Transit,2007,2.519945,0.03889,16.623,271.415,1812,0,6110,1.47,1.24,F7 V,393.072,5.16695,31.98997,
WASP-10 b,WASP-10,1,Transit,2008,3.092762,0.03781,12.106,1001.12,1370,0.0473,4675,0.698,0.75,K5 V,140.998,348.99305,31.46275,
WASP-100 b,WASP-100,1,Transit,2014,2.84938,0.04574,14.908,400.466,2099,0,6900,1.57,0.77,F2,364.411,68.95982,-64.02704,
WASP-101 b,WASP-101,1,Transit,2014,3.58572,0.05057,16.029,162.093,1560,0,6380,1.31,1.41,F6,201.224,98.3511,-23.48609,
WASP-102 b,WASP-102,1,Transit,2025,2.709813,0.041,14.908,197.689,1671,0,5990,1.375,1.08,,535.689,336.4643,15.85664,
WASP-103 b,WASP-103,1,Transit,2014,0.925542,0.01985,17.127,473.547,2508,0,6110,1.436,1.22,F8 V,375.647,249.31486,7.18338,
WASP-104 b,WASP-104,1,Transit,2014,1.755414,0.02918,12.745,404.263,1516,0,5475,0.963,1.076,G8,185.932,160.60237,7.43508,
WASP-105 b,WASP-105,1,Transit,2017,7.87288,0.075,10.761,572.094,900,0,5070,0.9,0.89,K2,169.272,24.16787,-50.65931,
WASP-106 b,WASP-106,1,Transit,2014,9.28969,0.0901,12.106,613.409,1140,0.023,6002,1.47,1.175,F9 D,352.181,166.42963,-5.07949,
WASP-107 b,WASP-107,2,Transit,2017,5.721488,0.055,10.536,30.512,736,0.09,4425,0.657,0.683,K6,64.7414,188.38643,-10.14621,
WASP-107 c,WASP-107,2,Radial Velocity,2020,1066,1.798532,13,111.24,,0.27,4425,0.657,0.683,K6,64.7414,188.38643,-10.14621,a
WASP-108 b,WASP-108,1,Transit,2020,2.675552,0.039711,15.132,283.503,1589,0,6783,1.3441,1.167,F9,258.777,195.82816,-49.63977,a
WASP-11 b,WASP-11,1,Transit,2008,3.72247,0.0435,12.442,251.086,992,0,4800,0.89,1.42,K3 V,124.73,47.36895,30.67338,
WASP-110 b,WASP-110,1,Transit,2021,3.778402,0.044329,13.193,154.782,1158,0,5392,0.853,0.814,G9,274.96,305.87244,-44.0587,a
WASP-113 b,WASP-113,1,Transit,2016,4.542169,0.05885,15.793,150.969,1496,0,5890,1.608,1.318,G1,435.156,224.87286,46.9601,
WASP-114 b,WASP-114,1,Transit,2016,1.548774,0.02851,15.009,562.241,2043,0.012,5940,1.43,1.289,G0,523.337,327.6657,10.46294,
WASP-116 b,WASP-116,1,Transit,2025,6.6132,0.065,13.675,203.41,1414,0,6250,1.426,1.25,,559.243,35.21576,-1.82604,
WASP-117 b,WASP-117,1,Transit,2014,10.02165,0.09459,11.882,95.349,1001,0.3,6040,1.22,1.29,F9,157.963,36.77581,-50.28442,
WASP-118 b,WASP-118,1,Transit,2016,4.046043,0.05453,16.141,163.365,1729,0,6410,1.696,1.32,F6,376.658,19.55059,2.70278,
WASP-119 b,WASP-119,1,Transit,2016,2.49979,0.0363,15.693,390.931,1600,0.058,5650,1.2,1.02,G5,302.448,55.93364,-65.19378,
WASP-12 b,WASP-12,1,Transit,2008,1.091419,0.0234,22.026,467.21,2601,0.0447,6265,1.69,1.325,,427.246,97.63665,29.67227,
WASP-120 b,WASP-120,1,Transit,2016,3.611267,0.0514,15.58,1541.476,1749,0.057,6450,1.6844,1.393,F5,381.174,62.61608,-45.89824,
WASP-121 b,WASP-121,1,Transit,2016,1.274925,0.02571,19.526,371.859,2409,0.0085,6628,1.461,1.33,F6 V,269.898,107.60023,-39.09727,
WASP-123 b,WASP-123,1,Transit,2016,2.977644,0.04263,15.132,285.729,1500,0,5740,1.285,1.166,G5,197.996,289.47921,-32.86012,
WASP-124 b,WASP-124,1,Transit,2016,3.37265,0.0449,13.899,190.698,1400,0.017,6050,1.02,1.07,F9,448.637,332.71434,-30.74972,
WASP-126 b,WASP-126,2,Transit,2016,3.28883,0.0449,10.514,90.3,1480,0.18,5800,1.27,1.12,G2,216.526,63.37471,-69.22659,
WASP-126 c,WASP-126,2,Transit Timing Variations,2019,7.63,0.07877,9.38,64.2,,0.05,5800,1.27,1.12,G2,216.526,63.37471,-69.22659,a
WASP-127 b,WASP-127,1,Transit,2016,4.178062,0.0484,14.695,52.347,1400,0,5620,1.333,0.95,,159.507,160.55876,-3.835,
WASP-129 b,WASP-129,1,Transit,2016,5.748145,0.0628,10.424,317.83,1100,0.096,5900,0.9,1,G1,301.462,176.29905,-42.06396,
WASP-13 b,WASP-13,1,Transit,2009,4.35301,0.05362,13.675,114.419,1531,0,5950,1.37,0.72,,227.537,140.10297,33.88233,
WASP-130 b,WASP-130,1,Transit,2016,11.55098,0.1012,9.976,390.931,833,0,5625,0.96,1.04,G6,172.256,203.10602,-42.47527,
WASP-131 b,WASP-131,1,Transit,2016,5.322012,0.0608,13.742,86.767,1460,0,5990,1.561,1.06,G0,200.075,210.19357,-30.58361,
WASP-132 c,WASP-132,3,Transit,2022,1.011536,0.01833,1.841,6.26,1329,0,4686,0.758,0.789,K4 V,122.91,217.6092,-46.15952,
WASP-132 b,WASP-132,3,Transit,2016,7.133516,0.0674,10.099,136.031,682,0.0163,4686,0.758,0.789,K4 V,122.91,217.6092,-46.15952,
WASP-132 d,WASP-132,3,Radial Velocity,2024,1816.6,2.71,12.8,1639.995,107,0.12,4686,0.758,0.789,K4 V,122.91,217.6092,-46.15952,
WASP-133 b,WASP-133,1,Transit,2016,2.176423,0.0345,13.563,368.683,1790,0.17,5700,1.44,1.16,G4,559.084,314.57544,-35.79662,
WASP-135 b,WASP-135,1,Transit,2015,1.401379,0.0243,14.572,603.877,1403.7,0,5675,0.96,0.98,G5 V,298.214,267.28488,29.87904,
WASP-136 b,WASP-136,1,Transit,2016,5.215362,0.0661,16.813,479.921,1630,0,6250,2.3901,1.41,F,275.587,0.32576,-8.92625,
WASP-138 b,WASP-138,1,Transit,2016,3.634433,0.0494,12.218,387.753,1590,,6272,1.36,1.22,,414.234,41.63916,-0.46413,
WASP-139 b,WASP-139,1,Transit,2016,5.924262,0.062,8.967,37.186,910,0,5310,0.8,0.92,K0,212.472,49.56217,-41.30202,
WASP-14 b,WASP-14,1,Transit,2008,2.24375,0.037,15.468,2809.617,1872,0.09,6475,1.4,1.62,,161.997,218.27662,21.89469,
WASP-140 b,WASP-140,1,Transit,2016,2.235984,0.0323,14.235,775.505,1270,0.047,5300,0.87,0.9,K0,117.598,60.38554,-20.451,
WASP-141 b,WASP-141,1,Transit,2016,3.310651,0.0469,13.563,854.963,1540,0,5900,1.37,1.25,F9,516.543,71.82443,-17.11517,
WASP-142 b,WASP-142,1,Transit,2016,2.052868,0.0347,17.15,266.977,2000,0,6010,1.64,1.33,F8,730.933,140.50632,-23.9461,
WASP-144 b,WASP-144,1,Transit,2018,2.278315,0.0316,9.528,139.845,1260,0,5200,0.81,0.81,K2 V,355.513,320.76288,-40.04844,
WASP-145 A b,WASP-145 A,1,Transit,2018,1.769038,0.0261,10.088,282.869,1200,0,4900,0.68,0.76,K2 V,91.299,322.25376,-58.83615,
WASP-147 b,WASP-147,1,Transit,2018,4.60273,0.0549,12.498,87.403,1404,0,5702,1.429,1.044,G4,436.098,359.19151,-22.15323,
WASP-148 b,WASP-148,2,Transit,2020,8.803809,0.08215,8.474,91.217,940,0.208,5555,0.912,0.954,G,246.353,254.1305,44.30254,
WASP-148 c,WASP-148,2,Radial Velocity,2020,34.524,0.2044,13.9,124.589,590,0.1809,5555,0.912,0.954,G,246.353,254.1305,44.30254,
WASP-149 b,WASP-149,1,Transit,2025,1.332813,0.024,15.244,314.968,1855,0,5750,1.08,1.05,,211.73,124.07368,-8.68658,
WASP-15 b,WASP-15,1,Transit,2009,3.7521,0.05165,15.805,171.628,1676,0,6300,1.48,1.18,F7,282.091,208.92801,-32.15971,
WASP-150 b,WASP-150,1,Transit,2020,5.644207,0.0694,11.994,2688.842,1460,0.3775,6218,1.651,1.394,F8,527.995,264.26302,53.02128,
WASP-151 b,WASP-151,1,Transit,2017,4.533478,0.055,13.305,100.434,1312,0,5871,1.181,1.081,G1,453.099,349.06347,0.30669,
WASP-153 b,WASP-153,1,Transit,2017,3.332609,0.048,17.374,123.954,1700,0.009,5914,1.73,1.336,G0,610.176,279.26247,40.01869,
WASP-154 b,WASP-154,1,Transit,2025,3.811678,0.044,10.761,198.961,994,0,4774,0.823,0.8,,215.501,327.71917,-8.63595,
WASP-155 b,WASP-155,1,Transit,2025,3.110413,0.043,13.451,276.829,1468,0,5660,1.24,1.09,,399.63,347.97972,33.04761,
WASP-156 b,WASP-156,1,Transit,2017,3.836162,0.0458,6.028,41.8,934.5,0,4987,0.8268,0.8712,K3,122.066,32.78209,2.41819,
WASP-157 b,WASP-157,1,Transit,2016,3.951623,0.0499,11.19,182.434,1193,0,5772,1.1,1.06,G2 V,334.037,201.65515,-8.31764,
WASP-158 b,WASP-158,1,Transit,2018,3.656333,0.0517,11.994,886.746,1590,0,6350,1.39,1.38,F6 V,524.993,4.14635,-10.97642,
WASP-159 b,WASP-159,1,Transit,2018,3.840401,0.0538,15.468,174.806,1850,0,6120,2.11,1.41,F9,715.383,68.13648,-38.9683,
WASP-16 b,WASP-16,1,Transit,2009,3.1186,0.0415,13.675,394.109,1389,0,5700,1.14,1.78,,194.134,214.68301,-20.27544,
WASP-160 B b,WASP-160 B,1,Transit,2018,3.768495,0.0452,12.218,88.357,1119,0,5298,0.868,0.87,K0 V,288.326,87.67956,-27.62332,
WASP-161 b,WASP-161,1,Transit,2018,5.406042,0.0673,12.812,791.397,1557,,6400,1.712,1.39,,343.08,126.33782,-11.50099,
WASP-162 b,WASP-162,1,Transit,2018,9.62468,0.0871,11.209,1652.716,910,0.434,5300,1.11,0.95,K0,310.841,168.29291,-17.65778,
WASP-163 b,WASP-163,1,Transit,2018,1.609688,0.0266,13.473,594.342,1638,,5500,1.015,0.97,,261.386,256.53755,-10.41301,
WASP-164 b,WASP-164,1,Transit,2018,1.777125,0.02818,12.644,676.978,1610,0,5806,0.932,0.946,G2 V,327.506,344.87359,-60.44782,
WASP-165 b,WASP-165,1,Transit,2018,3.465509,0.04823,14.123,209.132,1624,0,5599,1.75,1.248,G6,602.236,357.58065,-17.07759,
WASP-166 b,WASP-166,1,Transit,2019,5.44354,0.0641,7.062,32.101,1270,0,6050,1.22,1.19,F9 V,114.173,144.8751,-20.98242,
WASP-167 b,WASP-167,1,Transit,2017,2.02196,0.0365,17.71,2542.64,2329,,7000,1.79,1.59,F1 V,423.552,196.04379,-35.54953,
WASP-168 b,WASP-168,1,Transit,2018,4.153658,0.0519,16.814,133.489,1340,0,6000,1.12,1.08,F9 V,303.941,96.74464,-46.82136,
WASP-169 b,WASP-169,1,Transit,2019,5.611412,0.0681,14.617,178.303,1604,0,6110,2.011,1.337,F8,627.066,127.38723,-12.94477,
WASP-17 b,WASP-17,1,Transit,2009,3.73543,0.0515,20.961,247.907,1755,0,6550,1.49,2.28,F4,405.908,239.96225,-28.06179,
WASP-170 b,WASP-170,1,Transit,2018,2.34478,0.0337,12.285,508.528,1422,,5600,0.938,0.93,,305.603,135.4163,-20.72037,
WASP-171 b,WASP-171,1,Transit,2019,3.818624,0.0504,10.985,344.528,1642,0,5965,1.637,1.171,G0,757.84,171.84505,-44.0887,
WASP-172 b,WASP-172,1,Transit,2018,5.477433,0.0694,17.598,149.38,1740,0,6900,1.91,1.49,F1 V,538.11,199.43374,-47.23757,
WASP-173 A b,WASP-173 A,1,Transit,2018,1.386653,0.0248,13.451,1172.793,1880,0,5800,1.11,1.05,G3,232.98,354.1687,-34.6113,
WASP-174 b,WASP-174,1,Transit,2018,4.233701,0.05503,16.107,104.883,1528,0,6399,1.347,1.24,F6 V,410.149,195.79401,-41.38486,
WASP-175 b,WASP-175,1,Transit,2019,3.065291,0.04403,13.54,314.652,1571,0,6229,1.204,1.212,F7,539.36,166.3188,-34.12275,
WASP-176 b,WASP-176,1,Transit,2020,3.899052,0.0535,16.87,271.745,1721,0,5941,1.925,1.345,F9,568.42,313.68729,9.17907,
WASP-177 b,WASP-177,1,Transit,2019,3.071722,0.03957,17.71,161.458,1142,,5017,0.885,0.876,K2,176.818,334.79699,-1.83443,
WASP-178 b,WASP-178,1,Transit,2019,3.344829,0.0558,20.288,527.598,2470,0,9360,1.67,2.07,A1 IV-V,427.678,227.27033,-42.70497,
WASP-18 b,WASP-18,1,Transit,2009,0.941452,0.02024,13.899,3241.85,2429,0.0051,6432,1.319,1.294,F6 IV-V,123.483,24.35446,-45.67779,
WASP-180 A b,WASP-180 A,1,Transit,2019,3.409264,0.048,13.899,286.047,1540,0,6600,1.19,1.3,F7 V,253.985,123.39225,-1.98279,
WASP-181 b,WASP-181,1,Transit,2019,4.519506,0.05427,13.271,95.031,1186,,5839,0.965,1.04,G2,437.495,26.79323,3.13293,
WASP-182 b,WASP-182,1,Transit,2019,3.376985,0.0451,9.528,47.039,1479,0,5638,1.34,1.076,G5,327.602,311.67334,-41.82098,
WASP-183 b,WASP-183,1,Transit,2019,4.111777,0.04632,16.477,159.551,1111,,5313,0.871,0.784,G9,325.377,163.78885,-0.73707,
WASP-184 b,WASP-184,1,Transit,2019,5.1817,0.0627,14.908,181.163,1480,0,6000,1.65,1.23,G0 V,663.231,209.51701,-30.34815,
WASP-185 b,WASP-185,1,Transit,2019,9.38755,0.0904,14.011,311.473,1160,0.24,5900,1.5,1.12,G0 V,279.35,214.05958,-19.54231,
WASP-186 b,WASP-186,1,Transit,2020,5.026799,0.06,12.442,1341.243,1378.4,0.33,6361,1.47,1.22,F,278.514,18.99531,21.61691,
WASP-187 b,WASP-187,1,Transit,2020,5.147878,0.0653,18.383,254.264,1760,0,6150,2.83,1.54,F,371.414,17.47474,25.68165,
WASP-188 b,WASP-188,1,Transit,2025,5.748916,0.072,14.818,458.626,1666,0,6850,1.83,1.5,,675.281,278.78198,36.61563,
WASP-189 b,WASP-189,1,Transit,2020,2.724033,0.05053,18.147,632.479,3353,0,8000,2.36,2.03,,99.731,225.68673,-3.03149,
WASP-19 b,WASP-19,1,Transit,2009,0.788839,0.01652,15.861,366.774,2113,0.0126,5616,1.006,0.965,G8 V,268.325,148.41677,-45.65911,
WASP-190 b,WASP-190,1,Transit,2019,5.367753,0.0663,12.89,317.83,1500,0,6400,1.6,1.35,F6 IV-V,542.251,7.70953,-40.57346,
WASP-192 b,WASP-192,1,Transit,2019,2.878677,0.0408,13.787,731.009,1620,0,5910,1.32,1.09,G0 V,508.885,223.65872,-38.74455,
WASP-193 b,WASP-193,1,Transit,2023,6.246347,0.0668,14.785,35.597,1250,0.081,6080,1.213,1.018,F9,362.087,164.34914,-29.99712,
WASP-194 b,WASP-194,1,Transit,2025,3.183387,0.047,15.48,373.131,1693,0,6405,1.409,1.29,,476.831,295.38771,56.2178,
WASP-195 b,WASP-195,1,Transit,2025,5.051928,0.063,10.312,33.054,1522,0,6300,1.578,1.3,,484.852,247.54964,49.89579,
WASP-197 b,WASP-197,1,Transit,2025,5.167228,0.065,14.448,403.324,1665,0,6050,2.112,1.36,,483.675,160.63071,28.19863,
WASP-2 b,WASP-2,1,Transit,2007,2.152175,0.03144,12.117,295.9,1311,0.0054,5180,0.866,0.895,K1,153.242,307.72556,6.42933,
WASP-20 b,WASP-20,1,Transit,2015,4.899645,0.05999,15.468,98.841,1362,0,5940,1.242,1.2,F9,211.877,5.16056,-23.93579,
WASP-21 b,WASP-21,1,Transit,2010,4.322482,0.052,11.99,95.345,1333,0,5800,1.06,1.01,G3 V,258.426,347.4928,18.39616,
WASP-22 b,WASP-22,1,Transit,2010,3.53269,0.047,13.787,212.946,1502,0.02,6000,1.24,1.46,G1 V,317.652,52.81804,-23.81979,
WASP-23 b,WASP-23,1,Transit,2010,2.944426,0.0376,10.783,280.95,1076.5,0.062,5150,0.765,0.78,,207.49,101.1275,-42.76223,
WASP-24 b,WASP-24,1,Transit,2010,2.34121,0.03651,15.468,394.109,1772,0,6075,1.42,1.43,,322.114,227.2155,2.34329,
WASP-25 b,WASP-25,1,Transit,2010,3.764834,0.0473,13.809,179.255,1217,0,5697,0.884,0.962,,211.416,195.35976,-27.52223,
WASP-26 b,WASP-26,1,Transit,2010,2.7566,0.04,13.563,270.156,1650,0,6034,1.22,0.86,G0,252.759,4.60304,-15.2674,
WASP-28 b,WASP-28,1,Transit,2014,3.408835,0.0442,13.664,282.549,1456,0,6084,1.083,0.993,F8,348.494,353.61627,-1.57998,
WASP-29 b,WASP-29,1,Transit,2010,3.92273,0.0457,8.631,73.101,970,0.03,4800,0.79,0.77,,87.5953,357.8792,-39.90712,
WASP-3 b,WASP-3,1,Transit,2007,1.84683,0.0315,15.917,772.327,2020,0,6400,1.44,1.62,,231.161,278.63174,35.66143,
WASP-31 b,WASP-31,1,Transit,2010,3.40591,0.04659,17.363,151.916,1423.7,0,6302,1.252,1.163,,383.829,169.43886,-19.05478,
WASP-32 b,WASP-32,1,Transit,2010,2.71866,0.0394,10.761,835.893,1388,0,6140,0.95,0.72,,275.994,3.96171,1.20051,
WASP-33 b,WASP-33,1,Transit,2010,1.21987,0.0239,17.856,665.218,2781.7,0,7430,1.444,1.495,A,121.944,36.71274,37.55044,
WASP-34 b,WASP-34,1,Transit,2010,4.31768,0.0524,11.209,177.985,1250,0.04,5700,0.91,0.96,,132.096,165.39937,-23.86095,
WASP-35 b,WASP-35,1,Transit,2011,3.16158,0.04317,14.572,225.659,1338.3,0,5990,1.08,1.05,,202.218,76.08189,-6.22978,
WASP-36 b,WASP-36,1,Transit,2011,1.537366,0.02677,14.874,750.397,1733,0,5959,0.985,1.081,,386.346,131.58039,-8.02699,
WASP-37 b,WASP-37,1,Transit,2010,3.577469,0.0446,13.002,572.07,1232.5,0,5800,1.003,0.925,,392.791,221.94389,1.06502,
WASP-38 b,WASP-38,1,Transit,2010,6.87188,0.07522,13.787,1093.335,1250,0.03,6180,1.52,1.76,F8 V,136.24,243.95972,10.03241,
WASP-39 b,WASP-39,1,Transit,2011,4.055294,0.04828,14.336,89.31,1166,0,5485,0.939,0.913,,213.982,217.32665,-3.4445,
WASP-4 b,WASP-4,1,Transit,2007,1.338231,0.02261,15.121,381.394,1653,0.0053,5436,0.912,0.899,G8,267.206,353.56291,-42.06178,
WASP-41 b,WASP-41,2,Transit,2011,3.0524,0.04022,12.33,270.156,1244,0,5545,0.83,0.81,,163.371,190.6188,-30.63982,
WASP-41 c,WASP-41,2,Radial Velocity,2015,421,1.07,13.1,1010.699,241,0.294,5545,0.87,0.93,,163.371,190.6188,-30.63982,
WASP-42 b,WASP-42,1,Transit,2012,4.981682,0.0561,12.576,167.496,1021,0.062,5315,0.892,0.951,,177.291,192.9812,-42.07362,
WASP-43 b,WASP-43,1,Transit,2011,0.813475,0.0142,10.424,565.714,1426.7,0,4400,0.6,0.58,K7 V,86.7467,154.90819,-9.80644,
WASP-44 b,WASP-44,1,Transit,2011,2.423804,0.03453,12.33,276.512,1337,0,5420,0.906,0.935,G8 V,364.512,3.90327,-11.93826,
WASP-45 b,WASP-45,1,Transit,2011,3.126089,0.03963,10.604,306.388,1153,0,5150,0.855,0.85,K2 V,211.196,5.23776,-35.99847,
WASP-46 b,WASP-46,1,Transit,2011,1.430368,0.02335,13.159,607.055,1636,0,5600,0.858,0.828,G6 V,375.31,318.73701,-55.87186,
WASP-47 e,WASP-47,4,Transit,2015,0.78961,0.01673,1.83,9,1992,0,5565,1.156,1.058,G9,264.78,331.20309,-12.01907,
WASP-47 b,WASP-47,4,Transit,2012,4.159151,0.052,12.86,374,1275,0.0006,5565,1.156,1.058,G9,264.78,331.20309,-12.01907,
WASP-47 d,WASP-47,4,Transit,2015,9.030501,0.085,3.65,15.5,885,0.001,5565,1.156,1.058,G9,264.78,331.20309,-12.01907,
WASP-47 c,WASP-47,4,Radial Velocity,2015,589.57,1.393,,447,247,0.264,5565,1.156,1.058,G9,264.78,331.20309,-12.01907,
WASP-48 b,WASP-48,1,Transit,2011,2.14363,0.03444,16.814,254.264,2035,0,5920,1.58,0.88,,454.144,291.16239,55.47303,
WASP-49 b,WASP-49,1,Transit,2012,2.78174,0.0379,12.442,117.597,1400,0,5600,0.97,0.92,G6 V,194.553,91.08972,-16.96539,
WASP-5 b,WASP-5,1,Transit,2008,1.628428,0.0267,12.184,502.15,1706,0.038,5700,1.029,0.96,G5,309.137,359.34903,-41.27722,
WASP-50 b,WASP-50,1,Transit,2011,1.9551,0.0293,13.07,466.829,1394.8,0.009,5400,0.843,0.892,,184.848,43.68807,-10.89802,
WASP-52 b,WASP-52,1,Transit,2012,1.74978,0.0272,14.24,146.2,1315,0,5000,0.79,0.87,K2 V,174.818,348.49479,8.76108,
WASP-53 b,WASP-53,2,Transit,2017,3.309844,0.04101,12.038,677.614,1053,0.03,4953,0.798,0.839,,201.338,31.90916,-20.66184,
WASP-53 c,WASP-53,2,Radial Velocity,2017,2840,3.73,,5196.52,110.5,0.8369,4953,0.798,0.839,,201.338,31.90916,-20.66184,
WASP-54 b,WASP-54,1,Transit,2012,3.69364,0.04988,17.71,187.52,1759,0.07,6100,1.76,1.08,F9,251.303,205.45425,-0.12817,
WASP-55 b,WASP-55,1,Transit,2012,4.465631,0.0558,14.729,186.247,1342,0,6096,1.09,1.071,,297.462,203.7582,-17.5035,
WASP-56 b,WASP-56,1,Transit,2012,4.6171,0.05614,10.536,143.024,1216,0,5600,0.96,0.71,G6,321.084,183.36604,23.05569,
WASP-57 b,WASP-57,1,Transit,2012,2.838919,0.03769,11.769,204.683,1338,0,5600,0.927,0.886,G6,398.276,223.81998,-2.05769,
WASP-58 b,WASP-58,1,Transit,2012,5.01718,0.0562,16.029,308.295,1270,0,5800,1.22,1.06,G2 V,290.404,274.70125,45.17222,
WASP-59 b,WASP-59,1,Transit,2012,7.919585,0.0697,8.687,274.276,670,0.1,4650,0.613,0.719,K5 V,115.936,349.62295,24.88928,
WASP-6 b,WASP-6,1,Transit,2009,3.361003,0.04217,12.543,148.426,1167,0.054,5438,0.79,0.854,,197.119,348.15713,-22.67412,
WASP-60 b,WASP-60,1,Transit,2012,4.305,0.05548,9.864,174.806,1479,0,5900,1.17,1.19,G1 V,431.052,356.66671,31.15591,
WASP-61 b,WASP-61,1,Transit,2012,3.8559,0.0521,15.805,851.784,1624.4,0,6250,1.55,1.82,,488.66,75.29966,-26.05414,
WASP-62 b,WASP-62,1,Transit,2012,4.41195,0.0571,14.796,165.272,1475.3,0,6230,1.23,1.11,,175.631,87.13982,-63.98833,
WASP-63 b,WASP-63,1,Transit,2012,4.37808,0.0574,15.805,117.597,1469.9,0,5550,1.86,1.28,,290.684,94.33636,-38.32338,
WASP-64 b,WASP-64,1,Transit,2012,1.573292,0.02648,14.247,403.945,1689,0,5400,1.058,1.004,G7,369.926,101.11492,-32.85839,
WASP-65 b,WASP-65,1,Transit,2013,2.311424,0.0334,12.464,492.62,1480,0,5600,1.01,0.93,G6,273.703,133.3243,8.52302,
WASP-66 b,WASP-66,1,Transit,2012,4.08605,0.0546,15.693,746.9,1569.7,0,6600,1.76,1.33,,500.258,158.22503,-34.98991,
WASP-67 b,WASP-67,1,Transit,2012,4.61442,0.05179,12.89,136.667,1003,0,5200,0.88,0.91,,189.469,295.74385,-19.94973,
WASP-68 b,WASP-68,1,Transit,2014,5.0843,0.06206,14.796,343.256,1490,0,5910,1.79,1.49,G0,226.399,305.09572,-19.31473,
WASP-69 b,WASP-69,1,Transit,2014,3.868139,0.0453,11.21,82.58,971,0,4792,0.801,0.83,K,49.9605,315.02597,-5.09486,
WASP-7 b,WASP-7,1,Transit,2008,4.954642,0.0617,14.908,305.117,1487,0.034,6400,1.432,1.276,,162.303,311.04276,-39.22549,
WASP-70 A b,WASP-70 A,1,Transit,2014,3.71302,0.04853,13.047,187.512,1387,0,5763,1.215,1.106,G4,222.355,315.47719,-13.43338,
WASP-71 b,WASP-71,1,Transit,2012,2.90367,0.046,13.227,441.784,2016.1,0,6050,1.82,0.76,F8,362.715,29.26345,0.75882,
WASP-72 b,WASP-72,1,Transit,2012,2.21673,0.03711,14.46,731.009,2210,0,6250,2.18,2.78,F7,434.754,41.04008,-30.16908,
WASP-73 b,WASP-73,1,Transit,2014,4.08722,0.05512,15.917,908.994,1790,0,6030,2.55,2.52,F9,316.678,319.9497,-58.14893,
WASP-74 b,WASP-74,1,Transit,2015,2.13775,0.03443,15.244,228.838,1865,0,5990,1.42,0.98,F9,149.216,304.53884,-1.076,
WASP-75 b,WASP-75,1,Transit,2013,2.484193,0.0375,14.235,340.06,1710,0,6100,1.26,1.14,F9,294.001,342.3859,-10.67547,
WASP-76 b,WASP-76,1,Transit,2016,1.809882,0.033,20.781,284.139,2228,0,6329,1.756,1.458,F7,194.459,26.63294,2.70039,
WASP-77 A b,WASP-77 A,1,Transit,2012,1.360029,0.023234,13.56,529.311,1674,0.0135,5617,0.91,0.903,G8 V,105.166,37.15552,-7.06067,
WASP-78 b,WASP-78,1,Transit,2012,2.17518,0.03488,21.633,352.791,2469.7,0,6100,2.46,1.87,,754.258,63.75627,-22.11639,
WASP-79 b,WASP-79,1,Transit,2012,3.662392,0.0519,17.15,270.154,1716.2,0,6600,1.51,1.39,F5,246.69,66.3709,-30.60044,
WASP-8 b,WASP-8,2,Transit,2010,8.15872,0.0801,12.666,807.288,1059,0.31,5600,1.03,1.34,G8 V,89.9606,359.90087,-35.03133,
WASP-8 c,WASP-8,2,Radial Velocity,2013,4323,5.28,12.5,3003.37,117,0,5690,0.96,1.04,G8 V,89.9606,359.90087,-35.03133,
WASP-80 b,WASP-80,1,Transit,2012,3.067852,0.0344,11.198,170.993,825,0.002,4143,0.586,0.577,K7-M0 V,49.7876,303.1668,-2.14444,
WASP-81 b,WASP-81,1,Transit,2017,2.716476,0.03908,16.018,231.698,1623,0.066,5870,1.283,1.08,,398.505,304.20799,3.29395,
WASP-82 b,WASP-82,1,Transit,2015,2.70579,0.0447,18.159,371.861,2190,0,6480,2.1,1.48,F5,275.664,72.66059,1.89384,
WASP-83 b,WASP-83,1,Transit,2015,4.971252,0.059,11.657,95.349,1120,0,5510,1.05,1.11,G8,271.103,190.15196,-19.28435,
WASP-84 c,WASP-84,2,Transit,2023,1.446885,0.02359,1.95,15.2,1329,,5280,0.768,0.853,K0,100.588,131.107,1.85989,
WASP-84 b,WASP-84,2,Transit,2014,8.523496,0.0778,10.72,220,732,0,5280,0.768,0.853,K0,100.588,131.107,1.85989,
WASP-85 A b,WASP-85 A,1,Transit,2016,2.655678,0.039,13.899,402.055,1452,0,6112,0.935,1.09,G5 V,141.887,175.90803,6.56378,
WASP-87 b,WASP-87,1,Transit,2016,1.682795,0.02946,15.524,692.869,2049.5,0,6450,1.627,1.204,,298.392,185.32468,-52.84082,
WASP-88 b,WASP-88,1,Transit,2014,4.954,0.06431,16.365,133.489,1772,0,6430,1.8,0.94,F6,523.756,309.51123,-48.46208,
WASP-89 b,WASP-89,1,Transit,2015,3.356423,0.0427,11.657,1875.197,1120,0.193,5130,0.88,0.92,K3,290.946,313.90003,-18.97141,
WASP-90 b,WASP-90,1,Transit,2016,3.916243,0.0562,18.271,200.233,1840,0,6430,1.98,1.55,F6,466.433,315.53195,7.05628,
WASP-91 b,WASP-91,1,Transit,2017,2.798581,0.037,11.545,425.892,1160,0,4920,0.86,0.84,K3,149.942,357.84643,-70.15286,
WASP-92 b,WASP-92,1,Transit,2016,2.174674,0.0348,16.376,255.853,1871,0,6280,1.341,1.19,F7,575.889,246.69204,51.04113,
WASP-93 b,WASP-93,1,Transit,2016,2.732532,0.04211,17.901,467.21,1942,0,6700,1.524,1.334,F4,370.284,9.45874,51.28878,
WASP-94 A b,WASP-94 A,2,Transit,2014,3.95019,0.055,17.71,158.915,1604,0,6170,1.48,1.67,F8,211.211,313.78324,-34.13575,
WASP-94 B b,WASP-94 B,2,Radial Velocity,2014,2.00839,0.0335,14.1,196.411,1848.9,0,6040,1.35,1.24,F9,208.696,313.78829,-34.13572,
WASP-95 b,WASP-95,1,Transit,2014,2.18467,0.03416,13.787,457.675,1570,0,5830,1.23,1.46,G2,137.544,337.45782,-48.0031,
WASP-96 b,WASP-96,1,Transit,2014,3.42526,0.0453,13.45,152.55,1285,0,5540,1.05,1.06,G8,352.464,1.04657,-47.36064,
WASP-97 b,WASP-97,1,Transit,2014,2.07276,0.03303,12.778,432.249,1555,0,5640,1.08,1.18,G5,151.068,24.60514,-55.772,
WASP-98 b,WASP-98,1,Transit,2014,2.96264,0.03762,12.823,293.039,1171,0,5473,0.741,0.809,G7,281.742,58.42901,-34.32827,
WASP-99 b,WASP-99,1,Transit,2014,5.75251,0.0717,11.433,772.327,1480,0,6150,1.64,1.21,F8,158.66,39.89767,-50.00819,
WD 0806-661 b,WD 0806-661,1,Imaging,2011,58697898.142815,2500,12.106,2224.799,357,,10393,,0.605,DQ,19.2444,121.72757,-66.30588,p
WD 1856+534 b,WD 1856+534,1,Transit,2020,1.407941,0.0204,10.4,4386.054,163,0,4710,0.0131,0.518,DC,24.7359,284.41568,53.50902,
WISE J033605.05-014350.4 b,WISE J033605.05-014350.4,1,Imaging,2023,2560,0.97,12.6,2622.084,325,,415,,0.0131,,,54.02104,-1.73069,
WISEP J121756.91+162640.2 A b,WISEP J121756.91+162640.2 A,1,Imaging,2012,48531.778427,8,10.468,6992,450,,575,0.091,0.029,T8.5,10.1,184.48712,16.4445,p
WISPIT 1 b,WISPIT 1,2,Imaging,2025,2674847.5,338,12.4,3305.415,12.9,,4670,1.1161,0.72,K4 V,230.007,117.79855,-50.13769,p
WISPIT 1 c,WISPIT 1,2,Imaging,2025,10479556.548347,840,12.8,1684.491,8.2,,4670,1.1161,0.72,K4 V,230.007,117.79855,-50.13769,p
WISPIT 2 c,WISPIT 2,2,Imaging,2026,18410.704201,14,17.934,3178.284,2050,,4530,1.3,1.08,,134.907,290.821,-7.68208,p
WISPIT 2 b,WISPIT 2,2,Imaging,2025,151248.344717,57,17.934,1541.468,33.5,,4400,1.418,1.08,,134.907,290.821,-7.68208,p
WTS-1 b,WTS-1,1,Transit,2012,3.352057,0.047,16.7,1274.44,1500,0.1,6250,1.15,1.2,F6 V,2346.01,293.98503,36.29629,
WTS-2 b,WTS-2,1,Transit,2014,1.018707,0.01855,15.278,355.97,2000,0,5000,0.752,0.82,K2 V,1030.7683,293.73278,36.81549,
Wendelstein-1 b,Wendelstein-1,1,Transit,2020,2.663416,0.0282,11.561,188.155,2198,0.012,4251,0.61,0.65,K7 V,305.3,299.05064,17.56996,
Wendelstein-2 b,Wendelstein-2,1,Transit,2020,1.752224,0.0234,12.993,232.334,2470,0.057,4591,0.66,0.73,K6 V,565.541,297.79092,16.91257,
Wolf 1061 b,Wolf 1061,3,Radial Velocity,2015,4.8869,0.0375,1.21,1.91,461.1,0.15,3342,0.307,0.294,M3.5,4.3059,247.57483,-12.66769,
Wolf 1061 c,Wolf 1061,3,Radial Velocity,2015,17.8719,0.089,1.66,3.41,299.3,0.11,3342,0.307,0.294,M3.5,4.3059,247.57483,-12.66769,
Wolf 1061 d,Wolf 1061,3,Radial Velocity,2015,217.21,0.47,2.69,7.7,130.2,0.55,3342,0.307,0.294,M3.5,4.3059,247.57483,-12.66769,
Wolf 1069 b,Wolf 1069,1,Radial Velocity,2023,15.564,0.0672,1.08,1.26,250.1,,3158,0.1813,0.167,M5.0 V,9.5834,306.52425,58.5753,
Wolf 327 b,Wolf 327,1,Transit,2024,0.573474,0.01,1.24,2.53,996,0,3542,0.406,0.405,M2.5 V,28.5321,148.37832,35.57055,
Wolf 503 b,Wolf 503,1,Transit,2018,6.00127,0.05706,2.043,6.26,790,0.41,4716,0.689,0.688,K3.5 V,44.526,206.8462,-6.13934,
KOINTREAU-1 b,XEST 17-036,1,Imaging,2026,12983063.664357,690,12.4,3368.981,,,3551,,0.26,M4,158.618,68.35929,22.75806,p
XO-1 b,XO-1,1,Transit,2006,3.94153,0.0488,12.778,263.799,1210,0,5750,0.88,0.88,G1 V,163.553,240.54927,28.16962,
XO-2 N b,XO-2 N,4,Transit,2007,2.615859,0.03666,11.131,199.915,1328,0,5290,0.998,0.96,G8 V,154.273,117.02677,50.22515,
XO-2 S b,XO-2 S,4,Radial Velocity,2014,18.22,0.1347,10.9,82.635,706.6,0.15,5325,1.02,0.98,G8 V,151.398,117.03098,50.21691,
XO-2 S c,XO-2 S,4,Radial Velocity,2014,120.059,0.4737,13.6,438.603,376.8,0.149,5325,1.02,0.98,G8 V,151.398,117.03098,50.21691,
XO-2 S d,XO-2 S,4,Radial Velocity,2024,4696,5.46,13,1179.143,111,0.091,5325,1.02,0.98,G8 V,151.398,117.03098,50.21691,
XO-3 b,XO-3,1,Transit,2007,3.191523,0.04815,14.796,4217.583,1890,0.2791,6970,1.523,1.449,F5V,213.053,65.46958,57.81721,
XO-4 b,XO-4,1,Transit,2010,4.12508,0.05524,14.011,451.319,1630,0,6397,1.45,1.1,F5 V,272.655,110.38803,58.26811,
XO-5 b,XO-5,1,Transit,2008,4.187756,0.0515,12.78,378.2,1230,0,5430,1.13,1.04,G8 V,276.211,116.71639,39.09447,
XO-6 b,XO-6,1,Transit,2016,3.765001,0.0815,23.203,1398.452,1577,0,6720,1.93,1.47,F5,235.479,94.79296,73.82757,
XO-7 b,XO-7,1,Transit,2019,2.864142,0.04421,15.39,225.341,1743,0.038,6250,1.48,1.405,G0 V,234.149,277.47808,85.23332,
YZ Cet b,YZ Cet,3,Radial Velocity,2017,2.02087,0.01634,0.913,0.7,471.2,0.06,3151,0.157,0.142,M4.5 V,3.7121,18.13308,-16.99624,
YZ Cet c,YZ Cet,3,Radial Velocity,2017,3.05989,0.02156,1.05,1.14,410.3,0,3151,0.157,0.142,M4.5 V,3.7121,18.13308,-16.99624,
YZ Cet d,YZ Cet,3,Radial Velocity,2017,4.65626,0.02851,1.03,1.09,356.7,0.07,3151,0.157,0.142,M4.5 V,3.7121,18.13308,-16.99624,
ZTF J1230-2655 b,ZTF J1230-2655,1,Transit,2025,0.235978,0.00646,13.787,7024.008,2949.7,,10000,0.0123,0.646,,186.69,187.56893,-26.93096,a
ZTF J1828+2308 b,ZTF J1828+2308,1,Transit,2025,0.112007,0.003857,11.131,6356.568,,,15900,0.0131,0.61,,201.827,277.20319,23.14391,a
alf Ari b,alf Ari,1,Radial Velocity,2010,380.8,1.2,13.4,572.07,747.2,0.25,4553,13.9,1.5,K2III,20.2102,31.79329,23.46242,
alf Tau b,alf Tau,1,Radial Velocity,2015,628.96,1.46,12.7,2056.36,1086.8,0.1,4055,45.1,1.13,K5 III,20.4332,68.98017,16.5092,
b Cen AB b,b Cen A,1,Imaging,2021,1790000,556,12.4,3464.33,,0.4,,,5.5,B2.5 V,98.0935,220.4898,-37.79363,
bet Cnc b,bet Cnc,1,Radial Velocity,2014,605.2,1.7,12.6,2479,1039.7,0.08,4092,47.2,1.7,K4 III,89.0472,124.12864,9.18533,
bet Pic c,bet Pic,3,Radial Velocity,2019,1202,2.7,12.5,2765.107,1250,0.307,8039,1.5442,1.789,A6 V,19.7442,86.82123,-51.06615,
bet Pic b,bet Pic,3,Imaging,2008,8682,10.07,18.495,2765.107,1612,0.105,8039,1.5442,1.789,A6 V,19.7442,86.82123,-51.06615,
bet Pic d,bet Pic,3,Imaging,2026,33200,26,14.123,762.788,600,0.44,8039,1.5442,1.789,A6 V,19.7442,86.82123,-51.06615,
bet UMi b,bet UMi,1,Radial Velocity,2014,522.3,1.4,12.7,1938.7,1040.6,0.19,4126,38.3,1.4,K4 III,38.7747,222.67649,74.15555,
eps CrB b,eps CrB,1,Radial Velocity,2012,417.9,1.3,12.7,2129.461,853.9,0.11,4406,21,1.7,K2 III,69.8683,239.39651,26.87762,
eps Eri b,eps Eri,1,Radial Velocity,2000,2680,3.53,13.8,317.828,112.3,0.06,5020,0.7591,0.82,K2 V,3.2026,53.22843,-9.45817,
eps Ind A b,eps Ind A,1,Radial Velocity,2019,25450,15.76,12.7,2065.885,275,0.25,4700,0.713,0.8,K5 V,3.6386,330.8714,-56.7969,
eps Tau b,eps Tau,1,Radial Velocity,2006,585.82,1.878,12.7,2285.186,603.1,0.076,4877,12.35,2.57,K0 III,47.5285,67.15466,19.18028,
gam Cep b,gam Cep,1,Radial Velocity,2003,913,2.13,12.7,2097.667,343.5,0.15,4775,4.74,1.27,K1 III-IV,14.1024,354.83582,77.6331,
gam Lib b,gam Lib,2,Radial Velocity,2018,414.88,1.319,13.7,357.875,720.8,0.16,4879,12.38,1.78,K0 III,47.4017,233.88186,-14.7895,
gam Lib c,gam Lib,2,Radial Velocity,2018,966.49,2.318,12.8,1662.56,543.7,0.065,4879,12.38,1.78,K0 III,47.4017,233.88186,-14.7895,
gam Psc b,gam Psc,1,Radial Velocity,2021,555.1,1.32,13.6,425.89,666.1,0.204,4742,11.2,0.99,G7 III,41.3107,349.29468,3.28237,
gam1 Leo b,gam1 Leo,1,Radial Velocity,2009,428.5,1.19,12.5,2790.43,1080.7,0.144,4330,31.88,1.23,K1 IIIb Fe-0.5,39.8883,154.99321,19.84139,
iot Dra b,iot Dra,2,Radial Velocity,2002,510.8544,1.453,12.4,3756.732,618.7,0.701,4504,11.79,1.54,K2 III,31.3283,231.23232,58.96614,
iot Dra c,iot Dra,2,Radial Velocity,2021,25000,19.4,12.2,4958.123,169.3,0.455,4504,11.79,1.54,K2 III,31.3283,231.23232,58.96614,
kap And b,kap And,1,Imaging,2012,89547.036133,55,15.917,5498.431,1791,,11327,2.109,2.768,B9 IVn,50.0177,355.1026,44.33385,p
kap CrB b,kap CrB,1,Radial Velocity,2007,1253.68,2.5,13.4,591.164,319.3,0.04,4840,4.68,1.33,K0 III-IV,30.0651,237.808,35.65588,
mu Leo b,mu Leo,1,Radial Velocity,2014,357.8,1.1,13.3,762.8,704.5,0.09,4538,11.4,1.5,K2 III,32.6081,148.18987,26.00671,
mu2 Sco b,mu2 Sco,1,Imaging,2022,456949.758028,242.4,12.3,4576.729,159.1,0.56,21700,5.6,9.1,B2 IV,,253.08387,-38.01763,p
nu Oct A b,nu Oct A,1,Radial Velocity,2016,402.4,1.24,13.3,696.044,477.3,0.195,4910,5.04,1.57,K1 IV,21.1999,325.37028,-77.39109,
nu Oph b,nu Oph,2,Radial Velocity,2012,529.93,1.765,12,7057.733,620.6,0.126,4887,12.24,2.61,K0 III,46.2107,269.7566,-9.77413,
nu Oph c,nu Oph,2,Radial Velocity,2012,3180.6,5.829,12,7838.323,341.5,0.179,4887,12.24,2.61,K0 III,46.2107,269.7566,-9.77413,
ome Ser b,ome Ser,1,Radial Velocity,2013,278.59,0.838,14,233.922,824.9,0.18,4724,10.99,1.01,G8 III,76.7556,237.57324,2.1963,
omi CrB b,omi CrB,1,Radial Velocity,2012,187.01,0.699,13.7,355.968,947.6,0.105,4769,11.87,1.3,K0 III,84.7883,230.03508,29.61602,
omi UMa b,omi UMa,1,Radial Velocity,2012,1569.81,3.691,13,1160.392,473.9,0.149,5075,13.84,2.72,G4 II-III,54.9149,127.56495,60.7177,
psi1 Dra B b,psi1 Dra B,1,Radial Velocity,2015,3117,4.43,13.5,486.28,159.5,0.4,6212,1.2557,1.19,G0 V,22.7188,265.49258,72.15571,
rho CrB e,rho CrB,3,Radial Velocity,2023,12.904,0.1061,1.75,3.71,1004.9,0.082,5817,1.3617,1,G0,17.4671,240.26006,33.30019,
rho CrB b,rho CrB,3,Radial Velocity,1997,39.849,0.2245,13.7,347.995,614,0.046,5817,1.3617,1,G0,17.4671,240.26006,33.30019,
rho CrB c,rho CrB,3,Radial Velocity,2016,102.036,0.4206,5.68,27.442,448.1,0.048,5817,1.3617,1,G0,17.4671,240.26006,33.30019,
tau Boo b,tau Boo,1,Radial Velocity,1996,3.312457,0.049,12.8,1891,1682,0.011,6466,1.4259,1.32,F7 V,15.6521,206.81346,17.45716,
tau Cet g,tau Cet,3,Radial Velocity,2017,20,0.133,1.18,1.75,639.6,0.06,5310,0.83,0.783,G8.5V,3.603,26.0093,-15.9338,
tau Cet h,tau Cet,3,Radial Velocity,2017,49.41,0.243,1.19,1.83,473.2,0.23,5310,0.83,0.783,G8.5V,3.603,26.0093,-15.9338,
tau Cet f,tau Cet,3,Radial Velocity,2017,636.13,1.334,1.81,3.93,202,0.16,5310,0.83,0.783,G8.5V,3.603,26.0093,-15.9338,
tau Gem b,tau Gem,1,Radial Velocity,2013,305.5,1.17,12.1,6547,1012.7,0.031,4388,26.8,2.3,K2 III,112.537,107.78472,30.24495,
ups And b,ups And,3,Radial Velocity,1996,4.617033,0.059222,14,218.531,1523.7,0.0215,6157,1.56,1.3,F8 V,13.4054,24.19835,41.40381,
ups And c,ups And,3,Radial Velocity,1999,241.258,0.827774,12.3,4443.241,407.6,0.2596,6157,1.56,1.3,F8 V,13.4054,24.19835,41.40381,
ups And d,ups And,3,Radial Velocity,1999,1276.46,2.51329,12.5,3257.741,233.9,0.2987,6157,1.56,1.3,F8 V,13.4054,24.19835,41.40381,
ups Leo b,ups Leo,1,Radial Velocity,2021,385.2,1.18,14.2,162.092,719.1,0.32,4836,11.22,1.48,G9 III,52.5973,174.23722,-0.82356,
xi Aql b,xi Aql,1,Radial Velocity,2007,136.97,0.625,13.4,616.905,973.1,0.059,4841,10.86,1.74,K0 III,56.1858,298.56245,8.46111,
